INFO 2026-07-07 09:13:01,796 autoreload 10876 22344 Watching for file changes with StatReloader
INFO 2026-07-07 09:13:07,694 basehttp 10876 25944 "GET / HTTP/1.1" 200 41748
INFO 2026-07-07 09:13:09,756 basehttp 10876 25944 "GET /shop/ HTTP/1.1" 200 43447
INFO 2026-07-07 09:13:13,353 basehttp 10876 19524 "POST /basket/add/35/ HTTP/1.1" 200 59
INFO 2026-07-07 09:13:13,368 basehttp 10876 25944 "POST /basket/add/35/ HTTP/1.1" 200 59
INFO 2026-07-07 09:13:19,387 basehttp 10876 25944 "GET /basket/ HTTP/1.1" 200 35308
INFO 2026-07-07 09:13:22,593 basehttp 10876 25944 "GET /checkout/ HTTP/1.1" 200 41013
ERROR 2026-07-07 09:13:37,579 log 10876 25944 Internal Server Error: /checkout/
Traceback (most recent call last):
  File "C:\Users\Hp\Desktop\ORAIMOTECH\venv\Lib\site-packages\django\db\backends\utils.py", line 105, in _execute
    return self.cursor.execute(sql, params)
           ^^^^^^^^^^^^^^^^^^^^^^^^^^^^^^^^
  File "C:\Users\Hp\Desktop\ORAIMOTECH\venv\Lib\site-packages\django\db\backends\sqlite3\base.py", line 360, in execute
    return super().execute(query, params)
           ^^^^^^^^^^^^^^^^^^^^^^^^^^^^^^
sqlite3.OperationalError: no such table: payment_paymenttransaction

The above exception was the direct cause of the following exception:

Traceback (most recent call last):
  File "C:\Users\Hp\Desktop\ORAIMOTECH\venv\Lib\site-packages\django\core\handlers\exception.py", line 55, in inner
    response = get_response(request)
               ^^^^^^^^^^^^^^^^^^^^^
  File "C:\Users\Hp\Desktop\ORAIMOTECH\venv\Lib\site-packages\django\core\handlers\base.py", line 197, in _get_response
    response = wrapped_callback(request, *callback_args, **callback_kwargs)
               ^^^^^^^^^^^^^^^^^^^^^^^^^^^^^^^^^^^^^^^^^^^^^^^^^^^^^^^^^^^^
  File "C:\Users\Hp\Desktop\ORAIMOTECH\checkout\views.py", line 96, in checkout_page
    order.delete()
  File "C:\Users\Hp\Desktop\ORAIMOTECH\venv\Lib\site-packages\django\db\models\base.py", line 1281, in delete
    return collector.delete()
           ^^^^^^^^^^^^^^^^^^
  File "C:\Users\Hp\Desktop\ORAIMOTECH\venv\Lib\site-packages\django\db\models\deletion.py", line 467, in delete
    count = qs._raw_delete(using=self.using)
            ^^^^^^^^^^^^^^^^^^^^^^^^^^^^^^^^
  File "C:\Users\Hp\Desktop\ORAIMOTECH\venv\Lib\site-packages\django\db\models\query.py", line 1223, in _raw_delete
    return query.get_compiler(using).execute_sql(ROW_COUNT)
           ^^^^^^^^^^^^^^^^^^^^^^^^^^^^^^^^^^^^^^^^^^^^^^^^
  File "C:\Users\Hp\Desktop\ORAIMOTECH\venv\Lib\site-packages\django\db\models\sql\compiler.py", line 1623, in execute_sql
    cursor.execute(sql, params)
  File "C:\Users\Hp\Desktop\ORAIMOTECH\venv\Lib\site-packages\django\db\backends\utils.py", line 122, in execute
    return super().execute(sql, params)
           ^^^^^^^^^^^^^^^^^^^^^^^^^^^^
  File "C:\Users\Hp\Desktop\ORAIMOTECH\venv\Lib\site-packages\django\db\backends\utils.py", line 79, in execute
    return self._execute_with_wrappers(
           ^^^^^^^^^^^^^^^^^^^^^^^^^^^^
  File "C:\Users\Hp\Desktop\ORAIMOTECH\venv\Lib\site-packages\django\db\backends\utils.py", line 92, in _execute_with_wrappers
    return executor(sql, params, many, context)
           ^^^^^^^^^^^^^^^^^^^^^^^^^^^^^^^^^^^^
  File "C:\Users\Hp\Desktop\ORAIMOTECH\venv\Lib\site-packages\django\db\backends\utils.py", line 100, in _execute
    with self.db.wrap_database_errors:
  File "C:\Users\Hp\Desktop\ORAIMOTECH\venv\Lib\site-packages\django\db\utils.py", line 91, in __exit__
    raise dj_exc_value.with_traceback(traceback) from exc_value
  File "C:\Users\Hp\Desktop\ORAIMOTECH\venv\Lib\site-packages\django\db\backends\utils.py", line 105, in _execute
    return self.cursor.execute(sql, params)
           ^^^^^^^^^^^^^^^^^^^^^^^^^^^^^^^^
  File "C:\Users\Hp\Desktop\ORAIMOTECH\venv\Lib\site-packages\django\db\backends\sqlite3\base.py", line 360, in execute
    return super().execute(query, params)
           ^^^^^^^^^^^^^^^^^^^^^^^^^^^^^^
django.db.utils.OperationalError: no such table: payment_paymenttransaction
ERROR 2026-07-07 09:13:37,579 log 10876 25944 Internal Server Error: /checkout/
Traceback (most recent call last):
  File "C:\Users\Hp\Desktop\ORAIMOTECH\venv\Lib\site-packages\django\db\backends\utils.py", line 105, in _execute
    return self.cursor.execute(sql, params)
           ^^^^^^^^^^^^^^^^^^^^^^^^^^^^^^^^
  File "C:\Users\Hp\Desktop\ORAIMOTECH\venv\Lib\site-packages\django\db\backends\sqlite3\base.py", line 360, in execute
    return super().execute(query, params)
           ^^^^^^^^^^^^^^^^^^^^^^^^^^^^^^
sqlite3.OperationalError: no such table: payment_paymenttransaction

The above exception was the direct cause of the following exception:

Traceback (most recent call last):
  File "C:\Users\Hp\Desktop\ORAIMOTECH\venv\Lib\site-packages\django\core\handlers\exception.py", line 55, in inner
    response = get_response(request)
               ^^^^^^^^^^^^^^^^^^^^^
  File "C:\Users\Hp\Desktop\ORAIMOTECH\venv\Lib\site-packages\django\core\handlers\base.py", line 197, in _get_response
    response = wrapped_callback(request, *callback_args, **callback_kwargs)
               ^^^^^^^^^^^^^^^^^^^^^^^^^^^^^^^^^^^^^^^^^^^^^^^^^^^^^^^^^^^^
  File "C:\Users\Hp\Desktop\ORAIMOTECH\checkout\views.py", line 96, in checkout_page
    order.delete()
  File "C:\Users\Hp\Desktop\ORAIMOTECH\venv\Lib\site-packages\django\db\models\base.py", line 1281, in delete
    return collector.delete()
           ^^^^^^^^^^^^^^^^^^
  File "C:\Users\Hp\Desktop\ORAIMOTECH\venv\Lib\site-packages\django\db\models\deletion.py", line 467, in delete
    count = qs._raw_delete(using=self.using)
            ^^^^^^^^^^^^^^^^^^^^^^^^^^^^^^^^
  File "C:\Users\Hp\Desktop\ORAIMOTECH\venv\Lib\site-packages\django\db\models\query.py", line 1223, in _raw_delete
    return query.get_compiler(using).execute_sql(ROW_COUNT)
           ^^^^^^^^^^^^^^^^^^^^^^^^^^^^^^^^^^^^^^^^^^^^^^^^
  File "C:\Users\Hp\Desktop\ORAIMOTECH\venv\Lib\site-packages\django\db\models\sql\compiler.py", line 1623, in execute_sql
    cursor.execute(sql, params)
  File "C:\Users\Hp\Desktop\ORAIMOTECH\venv\Lib\site-packages\django\db\backends\utils.py", line 122, in execute
    return super().execute(sql, params)
           ^^^^^^^^^^^^^^^^^^^^^^^^^^^^
  File "C:\Users\Hp\Desktop\ORAIMOTECH\venv\Lib\site-packages\django\db\backends\utils.py", line 79, in execute
    return self._execute_with_wrappers(
           ^^^^^^^^^^^^^^^^^^^^^^^^^^^^
  File "C:\Users\Hp\Desktop\ORAIMOTECH\venv\Lib\site-packages\django\db\backends\utils.py", line 92, in _execute_with_wrappers
    return executor(sql, params, many, context)
           ^^^^^^^^^^^^^^^^^^^^^^^^^^^^^^^^^^^^
  File "C:\Users\Hp\Desktop\ORAIMOTECH\venv\Lib\site-packages\django\db\backends\utils.py", line 100, in _execute
    with self.db.wrap_database_errors:
  File "C:\Users\Hp\Desktop\ORAIMOTECH\venv\Lib\site-packages\django\db\utils.py", line 91, in __exit__
    raise dj_exc_value.with_traceback(traceback) from exc_value
  File "C:\Users\Hp\Desktop\ORAIMOTECH\venv\Lib\site-packages\django\db\backends\utils.py", line 105, in _execute
    return self.cursor.execute(sql, params)
           ^^^^^^^^^^^^^^^^^^^^^^^^^^^^^^^^
  File "C:\Users\Hp\Desktop\ORAIMOTECH\venv\Lib\site-packages\django\db\backends\sqlite3\base.py", line 360, in execute
    return super().execute(query, params)
           ^^^^^^^^^^^^^^^^^^^^^^^^^^^^^^
django.db.utils.OperationalError: no such table: payment_paymenttransaction
ERROR 2026-07-07 09:13:37,586 basehttp 10876 25944 "POST /checkout/ HTTP/1.1" 500 142848
INFO 2026-07-07 09:13:52,105 basehttp 10876 25944 "GET /checkout/ HTTP/1.1" 200 41402
ERROR 2026-07-07 09:14:01,201 log 10876 25944 Internal Server Error: /checkout/
Traceback (most recent call last):
  File "C:\Users\Hp\Desktop\ORAIMOTECH\venv\Lib\site-packages\django\db\backends\utils.py", line 105, in _execute
    return self.cursor.execute(sql, params)
           ^^^^^^^^^^^^^^^^^^^^^^^^^^^^^^^^
  File "C:\Users\Hp\Desktop\ORAIMOTECH\venv\Lib\site-packages\django\db\backends\sqlite3\base.py", line 360, in execute
    return super().execute(query, params)
           ^^^^^^^^^^^^^^^^^^^^^^^^^^^^^^
sqlite3.OperationalError: no such table: payment_paymenttransaction

The above exception was the direct cause of the following exception:

Traceback (most recent call last):
  File "C:\Users\Hp\Desktop\ORAIMOTECH\venv\Lib\site-packages\django\core\handlers\exception.py", line 55, in inner
    response = get_response(request)
               ^^^^^^^^^^^^^^^^^^^^^
  File "C:\Users\Hp\Desktop\ORAIMOTECH\venv\Lib\site-packages\django\core\handlers\base.py", line 197, in _get_response
    response = wrapped_callback(request, *callback_args, **callback_kwargs)
               ^^^^^^^^^^^^^^^^^^^^^^^^^^^^^^^^^^^^^^^^^^^^^^^^^^^^^^^^^^^^
  File "C:\Users\Hp\Desktop\ORAIMOTECH\checkout\views.py", line 117, in checkout_page
    order.delete()
  File "C:\Users\Hp\Desktop\ORAIMOTECH\venv\Lib\site-packages\django\db\models\base.py", line 1281, in delete
    return collector.delete()
           ^^^^^^^^^^^^^^^^^^
  File "C:\Users\Hp\Desktop\ORAIMOTECH\venv\Lib\site-packages\django\db\models\deletion.py", line 467, in delete
    count = qs._raw_delete(using=self.using)
            ^^^^^^^^^^^^^^^^^^^^^^^^^^^^^^^^
  File "C:\Users\Hp\Desktop\ORAIMOTECH\venv\Lib\site-packages\django\db\models\query.py", line 1223, in _raw_delete
    return query.get_compiler(using).execute_sql(ROW_COUNT)
           ^^^^^^^^^^^^^^^^^^^^^^^^^^^^^^^^^^^^^^^^^^^^^^^^
  File "C:\Users\Hp\Desktop\ORAIMOTECH\venv\Lib\site-packages\django\db\models\sql\compiler.py", line 1623, in execute_sql
    cursor.execute(sql, params)
  File "C:\Users\Hp\Desktop\ORAIMOTECH\venv\Lib\site-packages\django\db\backends\utils.py", line 122, in execute
    return super().execute(sql, params)
           ^^^^^^^^^^^^^^^^^^^^^^^^^^^^
  File "C:\Users\Hp\Desktop\ORAIMOTECH\venv\Lib\site-packages\django\db\backends\utils.py", line 79, in execute
    return self._execute_with_wrappers(
           ^^^^^^^^^^^^^^^^^^^^^^^^^^^^
  File "C:\Users\Hp\Desktop\ORAIMOTECH\venv\Lib\site-packages\django\db\backends\utils.py", line 92, in _execute_with_wrappers
    return executor(sql, params, many, context)
           ^^^^^^^^^^^^^^^^^^^^^^^^^^^^^^^^^^^^
  File "C:\Users\Hp\Desktop\ORAIMOTECH\venv\Lib\site-packages\django\db\backends\utils.py", line 100, in _execute
    with self.db.wrap_database_errors:
  File "C:\Users\Hp\Desktop\ORAIMOTECH\venv\Lib\site-packages\django\db\utils.py", line 91, in __exit__
    raise dj_exc_value.with_traceback(traceback) from exc_value
  File "C:\Users\Hp\Desktop\ORAIMOTECH\venv\Lib\site-packages\django\db\backends\utils.py", line 105, in _execute
    return self.cursor.execute(sql, params)
           ^^^^^^^^^^^^^^^^^^^^^^^^^^^^^^^^
  File "C:\Users\Hp\Desktop\ORAIMOTECH\venv\Lib\site-packages\django\db\backends\sqlite3\base.py", line 360, in execute
    return super().execute(query, params)
           ^^^^^^^^^^^^^^^^^^^^^^^^^^^^^^
django.db.utils.OperationalError: no such table: payment_paymenttransaction
ERROR 2026-07-07 09:14:01,201 log 10876 25944 Internal Server Error: /checkout/
Traceback (most recent call last):
  File "C:\Users\Hp\Desktop\ORAIMOTECH\venv\Lib\site-packages\django\db\backends\utils.py", line 105, in _execute
    return self.cursor.execute(sql, params)
           ^^^^^^^^^^^^^^^^^^^^^^^^^^^^^^^^
  File "C:\Users\Hp\Desktop\ORAIMOTECH\venv\Lib\site-packages\django\db\backends\sqlite3\base.py", line 360, in execute
    return super().execute(query, params)
           ^^^^^^^^^^^^^^^^^^^^^^^^^^^^^^
sqlite3.OperationalError: no such table: payment_paymenttransaction

The above exception was the direct cause of the following exception:

Traceback (most recent call last):
  File "C:\Users\Hp\Desktop\ORAIMOTECH\venv\Lib\site-packages\django\core\handlers\exception.py", line 55, in inner
    response = get_response(request)
               ^^^^^^^^^^^^^^^^^^^^^
  File "C:\Users\Hp\Desktop\ORAIMOTECH\venv\Lib\site-packages\django\core\handlers\base.py", line 197, in _get_response
    response = wrapped_callback(request, *callback_args, **callback_kwargs)
               ^^^^^^^^^^^^^^^^^^^^^^^^^^^^^^^^^^^^^^^^^^^^^^^^^^^^^^^^^^^^
  File "C:\Users\Hp\Desktop\ORAIMOTECH\checkout\views.py", line 117, in checkout_page
    order.delete()
  File "C:\Users\Hp\Desktop\ORAIMOTECH\venv\Lib\site-packages\django\db\models\base.py", line 1281, in delete
    return collector.delete()
           ^^^^^^^^^^^^^^^^^^
  File "C:\Users\Hp\Desktop\ORAIMOTECH\venv\Lib\site-packages\django\db\models\deletion.py", line 467, in delete
    count = qs._raw_delete(using=self.using)
            ^^^^^^^^^^^^^^^^^^^^^^^^^^^^^^^^
  File "C:\Users\Hp\Desktop\ORAIMOTECH\venv\Lib\site-packages\django\db\models\query.py", line 1223, in _raw_delete
    return query.get_compiler(using).execute_sql(ROW_COUNT)
           ^^^^^^^^^^^^^^^^^^^^^^^^^^^^^^^^^^^^^^^^^^^^^^^^
  File "C:\Users\Hp\Desktop\ORAIMOTECH\venv\Lib\site-packages\django\db\models\sql\compiler.py", line 1623, in execute_sql
    cursor.execute(sql, params)
  File "C:\Users\Hp\Desktop\ORAIMOTECH\venv\Lib\site-packages\django\db\backends\utils.py", line 122, in execute
    return super().execute(sql, params)
           ^^^^^^^^^^^^^^^^^^^^^^^^^^^^
  File "C:\Users\Hp\Desktop\ORAIMOTECH\venv\Lib\site-packages\django\db\backends\utils.py", line 79, in execute
    return self._execute_with_wrappers(
           ^^^^^^^^^^^^^^^^^^^^^^^^^^^^
  File "C:\Users\Hp\Desktop\ORAIMOTECH\venv\Lib\site-packages\django\db\backends\utils.py", line 92, in _execute_with_wrappers
    return executor(sql, params, many, context)
           ^^^^^^^^^^^^^^^^^^^^^^^^^^^^^^^^^^^^
  File "C:\Users\Hp\Desktop\ORAIMOTECH\venv\Lib\site-packages\django\db\backends\utils.py", line 100, in _execute
    with self.db.wrap_database_errors:
  File "C:\Users\Hp\Desktop\ORAIMOTECH\venv\Lib\site-packages\django\db\utils.py", line 91, in __exit__
    raise dj_exc_value.with_traceback(traceback) from exc_value
  File "C:\Users\Hp\Desktop\ORAIMOTECH\venv\Lib\site-packages\django\db\backends\utils.py", line 105, in _execute
    return self.cursor.execute(sql, params)
           ^^^^^^^^^^^^^^^^^^^^^^^^^^^^^^^^
  File "C:\Users\Hp\Desktop\ORAIMOTECH\venv\Lib\site-packages\django\db\backends\sqlite3\base.py", line 360, in execute
    return super().execute(query, params)
           ^^^^^^^^^^^^^^^^^^^^^^^^^^^^^^
django.db.utils.OperationalError: no such table: payment_paymenttransaction
ERROR 2026-07-07 09:14:01,208 basehttp 10876 25944 "POST /checkout/ HTTP/1.1" 500 142816
INFO 2026-07-07 09:14:10,438 basehttp 10876 25944 "GET /checkout/ HTTP/1.1" 200 41403
INFO 2026-07-07 09:14:18,300 basehttp 10876 25944 "POST /checkout/ HTTP/1.1" 302 0
INFO 2026-07-07 09:14:18,322 basehttp 10876 25944 "GET /checkout/success/OR-C31833E9/ HTTP/1.1" 200 31470
INFO 2026-07-07 09:15:38,796 basehttp 10876 25944 "POST /checkout/ HTTP/1.1" 302 0
INFO 2026-07-07 09:15:38,824 basehttp 10876 25944 "GET /shop/ HTTP/1.1" 200 43447
INFO 2026-07-07 09:15:47,931 basehttp 10876 25944 "POST /basket/add/35/ HTTP/1.1" 200 58
INFO 2026-07-07 09:15:47,944 basehttp 10876 19524 "POST /basket/add/35/ HTTP/1.1" 200 58
INFO 2026-07-07 09:15:50,216 basehttp 10876 19524 "GET /basket/ HTTP/1.1" 200 32597
INFO 2026-07-07 09:15:52,425 basehttp 10876 19524 "GET /checkout/ HTTP/1.1" 200 41011
INFO 2026-07-07 09:16:01,982 basehttp 10876 19524 "POST /checkout/ HTTP/1.1" 302 0
INFO 2026-07-07 09:16:01,990 basehttp 10876 19524 "GET /checkout/ HTTP/1.1" 302 0
INFO 2026-07-07 09:16:02,017 basehttp 10876 19524 "GET /shop/ HTTP/1.1" 200 43836
INFO 2026-07-07 09:19:03,693 autoreload 19880 8024 Watching for file changes with StatReloader
INFO 2026-07-07 09:19:09,130 basehttp 19880 22500 "POST /basket/add/27/ HTTP/1.1" 200 58
INFO 2026-07-07 09:19:09,138 basehttp 19880 12328 "POST /basket/add/27/ HTTP/1.1" 200 58
INFO 2026-07-07 09:19:13,681 basehttp 19880 12328 "GET /basket/ HTTP/1.1" 200 32615
INFO 2026-07-07 09:19:15,987 basehttp 19880 12328 "GET /checkout/ HTTP/1.1" 200 41011
INFO 2026-07-07 09:19:31,257 basehttp 19880 12328 "POST /checkout/ HTTP/1.1" 302 0
INFO 2026-07-07 09:19:31,261 basehttp 19880 12328 "GET /checkout/ HTTP/1.1" 302 0
INFO 2026-07-07 09:19:31,290 basehttp 19880 12328 "GET /shop/ HTTP/1.1" 200 43836
INFO 2026-07-07 09:40:15,503 autoreload 19880 8024 C:\Users\Hp\Desktop\ORAIMOTECH\checkout\views.py changed, reloading.
INFO 2026-07-07 09:40:16,918 autoreload 16712 10816 Watching for file changes with StatReloader
INFO 2026-07-07 09:40:35,081 autoreload 16712 10816 C:\Users\Hp\Desktop\ORAIMOTECH\payment\pesapal.py changed, reloading.
INFO 2026-07-07 09:40:35,955 autoreload 23308 20420 Watching for file changes with StatReloader
INFO 2026-07-07 09:41:14,366 autoreload 23308 20420 C:\Users\Hp\Desktop\ORAIMOTECH\payment\views.py changed, reloading.
INFO 2026-07-07 09:41:15,216 autoreload 22520 23120 Watching for file changes with StatReloader
INFO 2026-07-07 09:41:38,157 autoreload 22520 23120 C:\Users\Hp\Desktop\ORAIMOTECH\payment\views.py changed, reloading.
INFO 2026-07-07 09:41:38,855 autoreload 24844 26472 Watching for file changes with StatReloader
INFO 2026-07-07 09:44:07,465 basehttp 24844 20736 "GET /shop/ HTTP/1.1" 200 43447
INFO 2026-07-07 09:44:54,819 autoreload 1700 2940 Watching for file changes with StatReloader
INFO 2026-07-07 09:45:57,117 basehttp 1700 3700 "POST /basket/add/35/ HTTP/1.1" 200 58
INFO 2026-07-07 09:45:57,126 basehttp 1700 11376 "POST /basket/add/35/ HTTP/1.1" 200 58
INFO 2026-07-07 09:45:59,305 basehttp 1700 11376 "GET /basket/ HTTP/1.1" 200 32597
INFO 2026-07-07 09:46:01,764 basehttp 1700 11376 "GET /checkout/ HTTP/1.1" 200 41084
INFO 2026-07-07 09:46:21,449 basehttp 1700 11376 "POST /checkout/ HTTP/1.1" 302 0
INFO 2026-07-07 09:46:21,456 basehttp 1700 11376 "GET /checkout/ HTTP/1.1" 302 0
INFO 2026-07-07 09:46:21,481 basehttp 1700 11376 "GET /shop/ HTTP/1.1" 200 43829
INFO 2026-07-07 09:47:22,374 basehttp 1700 11376 "GET /shop/oraimo-watch-nova-2n-193-amoled-smart-watch/ HTTP/1.1" 200 36622
INFO 2026-07-07 09:47:22,696 basehttp 1700 11376 "GET /media/products/1000525139.png HTTP/1.1" 200 163867
INFO 2026-07-07 09:47:22,721 basehttp 1700 3700 "GET /media/products/1000525137.png HTTP/1.1" 200 183780
INFO 2026-07-07 09:47:22,721 basehttp 1700 23704 "GET /media/products/1000525136.png HTTP/1.1" 200 253871
INFO 2026-07-07 09:47:48,466 basehttp 1700 23704 "GET / HTTP/1.1" 200 41748
INFO 2026-07-07 09:51:10,141 basehttp 1700 23704 "GET / HTTP/1.1" 200 51350
INFO 2026-07-07 09:51:10,315 basehttp 1700 23704 "GET /media/CACHE/images/products/1000526988/297d1fbbf43ffd3ca8b68220c3a2f140.jpg HTTP/1.1" 304 0
INFO 2026-07-07 09:51:10,318 basehttp 1700 11376 "GET /media/CACHE/images/products/1000526986/4c42d7f070fd16fcc4c9e9e771277a3f.jpg HTTP/1.1" 304 0
INFO 2026-07-07 09:51:10,318 basehttp 1700 3700 "GET /media/CACHE/images/products/1000526987/a6d5a5e42638bdf81f7b75683fe48a56.jpg HTTP/1.1" 304 0
INFO 2026-07-07 09:51:10,320 basehttp 1700 9304 "GET /media/CACHE/images/products/1000526985/ea2101abe7212401b5af667637e000f4.jpg HTTP/1.1" 304 0
INFO 2026-07-07 09:51:10,325 basehttp 1700 20928 "GET /media/CACHE/images/products/1000526984/2679c5d1935863a487471bfaaebbd5f6.jpg HTTP/1.1" 304 0
INFO 2026-07-07 09:51:10,325 basehttp 1700 22012 "GET /media/CACHE/images/products/1000526983/59a2f0e6a76fb3a0abaf510e68d6861f.jpg HTTP/1.1" 304 0
INFO 2026-07-07 09:51:10,325 basehttp 1700 11376 "GET /media/CACHE/images/products/1000526975/d6f426988a94ff6a989535d30a8bdf11.jpg HTTP/1.1" 304 0
INFO 2026-07-07 09:52:43,716 basehttp 1700 11376 "GET /shop/oraimo-watch-nova-2n-193-amoled-smart-watch/ HTTP/1.1" 200 36622
INFO 2026-07-07 09:52:52,305 basehttp 1700 11376 "GET / HTTP/1.1" 200 41715
INFO 2026-07-07 09:55:10,198 basehttp 1700 8412 "GET / HTTP/1.1" 200 41704
INFO 2026-07-07 09:56:36,287 basehttp 1700 8412 "GET / HTTP/1.1" 200 42657
INFO 2026-07-07 09:56:41,380 basehttp 1700 8412 "GET /shop/?category=powerbanks HTTP/1.1" 200 36919
INFO 2026-07-07 09:56:43,583 basehttp 1700 8412 "GET / HTTP/1.1" 200 42657
INFO 2026-07-07 09:56:46,278 basehttp 1700 8412 "GET /shop/?category=smart-watches HTTP/1.1" 200 41897
INFO 2026-07-07 09:56:46,372 basehttp 1700 8412 "GET /media/products/1000525605.png HTTP/1.1" 200 189304
INFO 2026-07-07 09:56:46,395 basehttp 1700 13496 "GET /media/products/1000520279.jpg HTTP/1.1" 200 144846
INFO 2026-07-07 09:56:46,395 basehttp 1700 23300 "GET /media/products/1000520281.jpg HTTP/1.1" 200 145300
INFO 2026-07-07 09:56:46,420 basehttp 1700 3712 "GET /media/products/1000520278.jpg HTTP/1.1" 200 520053
INFO 2026-07-07 09:56:46,432 basehttp 1700 6408 "GET /media/products/1000520280.jpg HTTP/1.1" 200 899316
INFO 2026-07-07 09:56:51,568 basehttp 1700 6408 "GET / HTTP/1.1" 200 42657
INFO 2026-07-07 09:58:09,158 basehttp 1700 6408 "GET / HTTP/1.1" 200 41715
INFO 2026-07-07 09:58:15,880 basehttp 1700 6408 "GET / HTTP/1.1" 200 41715
INFO 2026-07-07 10:06:20,669 basehttp 1700 25616 "GET / HTTP/1.1" 200 42571
INFO 2026-07-07 10:06:26,591 basehttp 1700 25616 "GET / HTTP/1.1" 200 42571
INFO 2026-07-07 10:07:59,149 autoreload 2944 14548 Watching for file changes with StatReloader
INFO 2026-07-07 10:08:02,050 basehttp 2944 24632 "GET / HTTP/1.1" 200 42571
INFO 2026-07-07 10:18:29,889 autoreload 17456 2504 Watching for file changes with StatReloader
INFO 2026-07-07 10:18:39,519 basehttp 17456 18552 "GET / HTTP/1.1" 200 41715
INFO 2026-07-07 10:18:41,008 basehttp 17456 19180 "GET /media/products/1000526985.jpg HTTP/1.1" 200 587190
INFO 2026-07-07 10:18:41,024 basehttp 17456 6816 "GET /media/products/1000526987.jpg HTTP/1.1" 200 200624
INFO 2026-07-07 10:18:41,025 basehttp 17456 18552 "GET /media/products/1000526988.jpg HTTP/1.1" 200 953641
INFO 2026-07-07 10:18:41,033 basehttp 17456 7204 "GET /media/products/1000526986.jpg HTTP/1.1" 200 564906
WARNING 2026-07-07 10:18:41,374 basehttp 17456 18552 "GET /favicon.ico HTTP/1.1" 404 3487
INFO 2026-07-07 10:18:43,784 basehttp 17456 6816 "GET /media/products/1000526975.jpg HTTP/1.1" 200 166223
INFO 2026-07-07 10:18:43,789 basehttp 17456 18552 "GET /media/products/1000526984.jpg HTTP/1.1" 200 453928
INFO 2026-07-07 10:18:43,794 basehttp 17456 7204 "GET /media/products/1000526983.jpg HTTP/1.1" 200 748398
INFO 2026-07-07 10:20:32,156 autoreload 17456 2504 C:\Users\Hp\Desktop\ORAIMOTECH\shop\views.py changed, reloading.
INFO 2026-07-07 10:20:33,307 autoreload 14784 3140 Watching for file changes with StatReloader
INFO 2026-07-07 10:20:37,465 basehttp 14784 17984 "GET / HTTP/1.1" 200 41715
INFO 2026-07-07 10:20:38,897 basehttp 14784 17984 "GET / HTTP/1.1" 200 41715
INFO 2026-07-07 10:20:39,710 basehttp 14784 17984 "GET / HTTP/1.1" 200 41715
INFO 2026-07-07 10:20:39,914 basehttp 14784 17984 "GET / HTTP/1.1" 200 41715
INFO 2026-07-07 10:20:40,133 basehttp 14784 17984 "GET / HTTP/1.1" 200 41715
INFO 2026-07-07 10:20:40,388 basehttp 14784 17984 "GET / HTTP/1.1" 200 41715
INFO 2026-07-07 10:20:40,558 basehttp 14784 17984 "GET / HTTP/1.1" 200 41715
INFO 2026-07-07 10:20:42,195 basehttp 14784 17984 "GET /shop/ HTTP/1.1" 200 43447
INFO 2026-07-07 10:20:42,646 basehttp 14784 7292 "GET /media/products/1000525144.png HTTP/1.1" 200 152901
INFO 2026-07-07 10:20:42,660 basehttp 14784 10728 "GET /media/products/1000525145.png HTTP/1.1" 200 203853
INFO 2026-07-07 10:20:42,670 basehttp 14784 17984 "GET /media/products/1000526968.jpg HTTP/1.1" 200 773432
INFO 2026-07-07 10:20:49,614 basehttp 14784 17984 "GET / HTTP/1.1" 200 41715
INFO 2026-07-07 10:22:29,556 basehttp 14784 17984 "GET / HTTP/1.1" 200 41719
INFO 2026-07-07 10:22:41,255 autoreload 5596 3284 Watching for file changes with StatReloader
INFO 2026-07-07 10:22:45,579 basehttp 5596 14604 "GET / HTTP/1.1" 200 41719
INFO 2026-07-07 10:22:49,767 basehttp 5596 14604 "GET /shop/?category=earpods HTTP/1.1" 200 36829
INFO 2026-07-07 10:22:50,218 basehttp 5596 14604 "GET /media/products/1000520282.jpg HTTP/1.1" 200 177081
INFO 2026-07-07 10:22:50,225 basehttp 5596 15588 "GET /media/products/1000520286.jpg HTTP/1.1" 200 129354
INFO 2026-07-07 10:22:50,241 basehttp 5596 16300 "GET /media/products/1000520283.jpg HTTP/1.1" 200 163985
INFO 2026-07-07 10:22:50,253 basehttp 5596 3704 "GET /media/products/1000520285.jpg HTTP/1.1" 200 160289
INFO 2026-07-07 10:22:50,260 basehttp 5596 15980 "GET /media/products/1000520284.jpg HTTP/1.1" 200 129782
INFO 2026-07-07 10:22:50,300 basehttp 5596 5724 "GET /media/products/1000520287.jpg HTTP/1.1" 200 1024983
INFO 2026-07-07 10:22:52,465 basehttp 5596 5724 "GET / HTTP/1.1" 200 41719
INFO 2026-07-07 10:27:31,098 autoreload 16240 8240 Watching for file changes with StatReloader
INFO 2026-07-07 10:27:35,327 basehttp 16240 8396 "GET / HTTP/1.1" 200 41719
INFO 2026-07-07 10:29:16,460 basehttp 16240 8396 "GET / HTTP/1.1" 200 47691
INFO 2026-07-07 10:30:29,494 basehttp 16240 8396 "GET /shop/?category=smart-watches HTTP/1.1" 200 41897
INFO 2026-07-07 10:30:30,019 basehttp 16240 3976 "GET /media/products/1000525137.png HTTP/1.1" 200 183780
INFO 2026-07-07 10:30:30,037 basehttp 16240 3976 "GET /media/products/1000520280.jpg HTTP/1.1" 200 899316
INFO 2026-07-07 10:30:30,048 basehttp 16240 3976 "GET /media/products/1000520281.jpg HTTP/1.1" 200 145300
INFO 2026-07-07 10:30:30,048 basehttp 16240 8396 "GET /media/products/1000525139.png HTTP/1.1" 200 163867
INFO 2026-07-07 10:30:30,067 basehttp 16240 9636 "GET /media/products/1000520279.jpg HTTP/1.1" 200 144846
INFO 2026-07-07 10:30:30,082 basehttp 16240 6808 "GET /media/products/1000520278.jpg HTTP/1.1" 200 520053
INFO 2026-07-07 10:30:30,098 basehttp 16240 8060 "GET /media/products/1000525605.png HTTP/1.1" 200 189304
INFO 2026-07-07 10:30:30,105 basehttp 16240 19640 "GET /media/products/1000525136.png HTTP/1.1" 200 253871
INFO 2026-07-07 10:32:32,461 basehttp 16240 19640 "GET / HTTP/1.1" 200 47818
ERROR 2026-07-07 10:36:55,053 log 16240 12408 Invalid HTTP_HOST header: '192.168.0.102:8000'. You may need to add '192.168.0.102' to ALLOWED_HOSTS.
Traceback (most recent call last):
  File "C:\Users\Hp\Desktop\ORAIMOTECH\venv\Lib\site-packages\django\core\handlers\exception.py", line 55, in inner
    response = get_response(request)
               ^^^^^^^^^^^^^^^^^^^^^
  File "C:\Users\Hp\Desktop\ORAIMOTECH\venv\Lib\site-packages\django\utils\deprecation.py", line 119, in __call__
    response = self.process_request(request)
               ^^^^^^^^^^^^^^^^^^^^^^^^^^^^^
  File "C:\Users\Hp\Desktop\ORAIMOTECH\venv\Lib\site-packages\django\middleware\common.py", line 48, in process_request
    host = request.get_host()
           ^^^^^^^^^^^^^^^^^^
  File "C:\Users\Hp\Desktop\ORAIMOTECH\venv\Lib\site-packages\django\http\request.py", line 203, in get_host
    raise DisallowedHost(msg)
django.core.exceptions.DisallowedHost: Invalid HTTP_HOST header: '192.168.0.102:8000'. You may need to add '192.168.0.102' to ALLOWED_HOSTS.
WARNING 2026-07-07 10:36:55,059 basehttp 16240 12408 "GET / HTTP/1.1" 400 77506
ERROR 2026-07-07 10:36:55,702 log 16240 9400 Invalid HTTP_HOST header: '192.168.0.102:8000'. You may need to add '192.168.0.102' to ALLOWED_HOSTS.
Traceback (most recent call last):
  File "C:\Users\Hp\Desktop\ORAIMOTECH\venv\Lib\site-packages\django\core\handlers\exception.py", line 55, in inner
    response = get_response(request)
               ^^^^^^^^^^^^^^^^^^^^^
  File "C:\Users\Hp\Desktop\ORAIMOTECH\venv\Lib\site-packages\django\utils\deprecation.py", line 119, in __call__
    response = self.process_request(request)
               ^^^^^^^^^^^^^^^^^^^^^^^^^^^^^
  File "C:\Users\Hp\Desktop\ORAIMOTECH\venv\Lib\site-packages\django\middleware\common.py", line 48, in process_request
    host = request.get_host()
           ^^^^^^^^^^^^^^^^^^
  File "C:\Users\Hp\Desktop\ORAIMOTECH\venv\Lib\site-packages\django\http\request.py", line 203, in get_host
    raise DisallowedHost(msg)
django.core.exceptions.DisallowedHost: Invalid HTTP_HOST header: '192.168.0.102:8000'. You may need to add '192.168.0.102' to ALLOWED_HOSTS.
WARNING 2026-07-07 10:36:55,702 basehttp 16240 9400 "GET /favicon.ico HTTP/1.1" 400 77465
ERROR 2026-07-07 10:37:48,029 log 16240 15704 Invalid HTTP_HOST header: '192.168.0.102:8000'. You may need to add '192.168.0.102' to ALLOWED_HOSTS.
Traceback (most recent call last):
  File "C:\Users\Hp\Desktop\ORAIMOTECH\venv\Lib\site-packages\django\core\handlers\exception.py", line 55, in inner
    response = get_response(request)
               ^^^^^^^^^^^^^^^^^^^^^
  File "C:\Users\Hp\Desktop\ORAIMOTECH\venv\Lib\site-packages\django\utils\deprecation.py", line 119, in __call__
    response = self.process_request(request)
               ^^^^^^^^^^^^^^^^^^^^^^^^^^^^^
  File "C:\Users\Hp\Desktop\ORAIMOTECH\venv\Lib\site-packages\django\middleware\common.py", line 48, in process_request
    host = request.get_host()
           ^^^^^^^^^^^^^^^^^^
  File "C:\Users\Hp\Desktop\ORAIMOTECH\venv\Lib\site-packages\django\http\request.py", line 203, in get_host
    raise DisallowedHost(msg)
django.core.exceptions.DisallowedHost: Invalid HTTP_HOST header: '192.168.0.102:8000'. You may need to add '192.168.0.102' to ALLOWED_HOSTS.
WARNING 2026-07-07 10:37:48,033 basehttp 16240 15704 "GET / HTTP/1.1" 400 77506
ERROR 2026-07-07 10:37:48,442 log 16240 17488 Invalid HTTP_HOST header: '192.168.0.102:8000'. You may need to add '192.168.0.102' to ALLOWED_HOSTS.
Traceback (most recent call last):
  File "C:\Users\Hp\Desktop\ORAIMOTECH\venv\Lib\site-packages\django\core\handlers\exception.py", line 55, in inner
    response = get_response(request)
               ^^^^^^^^^^^^^^^^^^^^^
  File "C:\Users\Hp\Desktop\ORAIMOTECH\venv\Lib\site-packages\django\utils\deprecation.py", line 119, in __call__
    response = self.process_request(request)
               ^^^^^^^^^^^^^^^^^^^^^^^^^^^^^
  File "C:\Users\Hp\Desktop\ORAIMOTECH\venv\Lib\site-packages\django\middleware\common.py", line 48, in process_request
    host = request.get_host()
           ^^^^^^^^^^^^^^^^^^
  File "C:\Users\Hp\Desktop\ORAIMOTECH\venv\Lib\site-packages\django\http\request.py", line 203, in get_host
    raise DisallowedHost(msg)
django.core.exceptions.DisallowedHost: Invalid HTTP_HOST header: '192.168.0.102:8000'. You may need to add '192.168.0.102' to ALLOWED_HOSTS.
WARNING 2026-07-07 10:37:48,443 basehttp 16240 17488 "GET /favicon.ico HTTP/1.1" 400 77465
ERROR 2026-07-07 10:39:48,064 log 16240 14400 Invalid HTTP_HOST header: '192.168.0.102:8000'. You may need to add '192.168.0.102' to ALLOWED_HOSTS.
Traceback (most recent call last):
  File "C:\Users\Hp\Desktop\ORAIMOTECH\venv\Lib\site-packages\django\core\handlers\exception.py", line 55, in inner
    response = get_response(request)
               ^^^^^^^^^^^^^^^^^^^^^
  File "C:\Users\Hp\Desktop\ORAIMOTECH\venv\Lib\site-packages\django\utils\deprecation.py", line 119, in __call__
    response = self.process_request(request)
               ^^^^^^^^^^^^^^^^^^^^^^^^^^^^^
  File "C:\Users\Hp\Desktop\ORAIMOTECH\venv\Lib\site-packages\django\middleware\common.py", line 48, in process_request
    host = request.get_host()
           ^^^^^^^^^^^^^^^^^^
  File "C:\Users\Hp\Desktop\ORAIMOTECH\venv\Lib\site-packages\django\http\request.py", line 203, in get_host
    raise DisallowedHost(msg)
django.core.exceptions.DisallowedHost: Invalid HTTP_HOST header: '192.168.0.102:8000'. You may need to add '192.168.0.102' to ALLOWED_HOSTS.
WARNING 2026-07-07 10:39:48,066 basehttp 16240 14400 "GET / HTTP/1.1" 400 77506
ERROR 2026-07-07 10:39:48,229 log 16240 16728 Invalid HTTP_HOST header: '192.168.0.102:8000'. You may need to add '192.168.0.102' to ALLOWED_HOSTS.
Traceback (most recent call last):
  File "C:\Users\Hp\Desktop\ORAIMOTECH\venv\Lib\site-packages\django\core\handlers\exception.py", line 55, in inner
    response = get_response(request)
               ^^^^^^^^^^^^^^^^^^^^^
  File "C:\Users\Hp\Desktop\ORAIMOTECH\venv\Lib\site-packages\django\utils\deprecation.py", line 119, in __call__
    response = self.process_request(request)
               ^^^^^^^^^^^^^^^^^^^^^^^^^^^^^
  File "C:\Users\Hp\Desktop\ORAIMOTECH\venv\Lib\site-packages\django\middleware\common.py", line 48, in process_request
    host = request.get_host()
           ^^^^^^^^^^^^^^^^^^
  File "C:\Users\Hp\Desktop\ORAIMOTECH\venv\Lib\site-packages\django\http\request.py", line 203, in get_host
    raise DisallowedHost(msg)
django.core.exceptions.DisallowedHost: Invalid HTTP_HOST header: '192.168.0.102:8000'. You may need to add '192.168.0.102' to ALLOWED_HOSTS.
WARNING 2026-07-07 10:39:48,230 basehttp 16240 16728 "GET /favicon.ico HTTP/1.1" 400 77465
ERROR 2026-07-07 10:39:53,466 log 16240 9488 Invalid HTTP_HOST header: '192.168.0.102:8000'. You may need to add '192.168.0.102' to ALLOWED_HOSTS.
Traceback (most recent call last):
  File "C:\Users\Hp\Desktop\ORAIMOTECH\venv\Lib\site-packages\django\core\handlers\exception.py", line 55, in inner
    response = get_response(request)
               ^^^^^^^^^^^^^^^^^^^^^
  File "C:\Users\Hp\Desktop\ORAIMOTECH\venv\Lib\site-packages\django\utils\deprecation.py", line 119, in __call__
    response = self.process_request(request)
               ^^^^^^^^^^^^^^^^^^^^^^^^^^^^^
  File "C:\Users\Hp\Desktop\ORAIMOTECH\venv\Lib\site-packages\django\middleware\common.py", line 48, in process_request
    host = request.get_host()
           ^^^^^^^^^^^^^^^^^^
  File "C:\Users\Hp\Desktop\ORAIMOTECH\venv\Lib\site-packages\django\http\request.py", line 203, in get_host
    raise DisallowedHost(msg)
django.core.exceptions.DisallowedHost: Invalid HTTP_HOST header: '192.168.0.102:8000'. You may need to add '192.168.0.102' to ALLOWED_HOSTS.
WARNING 2026-07-07 10:39:53,467 basehttp 16240 9488 "GET / HTTP/1.1" 400 77643
ERROR 2026-07-07 10:39:53,672 log 16240 19288 Invalid HTTP_HOST header: '192.168.0.102:8000'. You may need to add '192.168.0.102' to ALLOWED_HOSTS.
Traceback (most recent call last):
  File "C:\Users\Hp\Desktop\ORAIMOTECH\venv\Lib\site-packages\django\core\handlers\exception.py", line 55, in inner
    response = get_response(request)
               ^^^^^^^^^^^^^^^^^^^^^
  File "C:\Users\Hp\Desktop\ORAIMOTECH\venv\Lib\site-packages\django\utils\deprecation.py", line 119, in __call__
    response = self.process_request(request)
               ^^^^^^^^^^^^^^^^^^^^^^^^^^^^^
  File "C:\Users\Hp\Desktop\ORAIMOTECH\venv\Lib\site-packages\django\middleware\common.py", line 48, in process_request
    host = request.get_host()
           ^^^^^^^^^^^^^^^^^^
  File "C:\Users\Hp\Desktop\ORAIMOTECH\venv\Lib\site-packages\django\http\request.py", line 203, in get_host
    raise DisallowedHost(msg)
django.core.exceptions.DisallowedHost: Invalid HTTP_HOST header: '192.168.0.102:8000'. You may need to add '192.168.0.102' to ALLOWED_HOSTS.
WARNING 2026-07-07 10:39:53,673 basehttp 16240 19288 "GET /favicon.ico HTTP/1.1" 400 77465
INFO 2026-07-07 10:41:27,209 autoreload 16240 8240 C:\Users\Hp\Desktop\ORAIMOTECH\core\settings.py changed, reloading.
INFO 2026-07-07 10:41:58,073 autoreload 13952 9020 Watching for file changes with StatReloader
INFO 2026-07-07 10:42:03,897 basehttp 13952 924 "GET / HTTP/1.1" 200 47818
INFO 2026-07-07 10:42:05,266 basehttp 13952 19708 "GET /media/products/1000526987.jpg HTTP/1.1" 200 200624
INFO 2026-07-07 10:42:05,893 basehttp 13952 2488 "GET /media/products/1000526984.jpg HTTP/1.1" 200 453928
INFO 2026-07-07 10:42:06,237 basehttp 13952 11568 "GET /media/products/1000526986.jpg HTTP/1.1" 200 564906
INFO 2026-07-07 10:42:06,307 basehttp 13952 16892 "GET /media/products/1000526985.jpg HTTP/1.1" 200 587190
INFO 2026-07-07 10:42:06,442 basehttp 13952 6428 "GET /media/products/1000526975.jpg HTTP/1.1" 200 166223
INFO 2026-07-07 10:42:06,521 basehttp 13952 924 "GET /media/products/1000526988.jpg HTTP/1.1" 200 953641
INFO 2026-07-07 10:42:06,701 basehttp 13952 19708 "GET /media/products/1000526983.jpg HTTP/1.1" 200 748398
WARNING 2026-07-07 10:42:06,829 basehttp 13952 19708 "GET /favicon.ico HTTP/1.1" 404 3491
INFO 2026-07-07 10:42:13,951 basehttp 13952 19708 "GET / HTTP/1.1" 200 47818
INFO 2026-07-07 10:42:19,101 basehttp 13952 19708 "GET /shop/ HTTP/1.1" 200 43447
INFO 2026-07-07 10:42:19,982 basehttp 13952 19708 "GET /media/products/1000526968.jpg HTTP/1.1" 200 773432
INFO 2026-07-07 10:42:20,395 basehttp 13952 924 "GET /media/products/1000525144.png HTTP/1.1" 200 152901
INFO 2026-07-07 10:42:20,421 basehttp 13952 19708 "GET /media/products/1000525145.png HTTP/1.1" 200 203853
INFO 2026-07-07 10:42:59,660 basehttp 13952 6428 - Broken pipe from ('192.168.0.103', 56174)
INFO 2026-07-07 10:42:59,660 basehttp 13952 19708 - Broken pipe from ('192.168.0.103', 56136)
INFO 2026-07-07 10:42:59,660 basehttp 13952 11568 - Broken pipe from ('192.168.0.103', 56140)
INFO 2026-07-07 10:42:59,660 basehttp 13952 924 - Broken pipe from ('192.168.0.103', 56124)
INFO 2026-07-07 10:42:59,660 basehttp 13952 16892 - Broken pipe from ('192.168.0.103', 56154)
INFO 2026-07-07 10:42:59,660 basehttp 13952 2488 - Broken pipe from ('192.168.0.103', 56160)
INFO 2026-07-07 10:43:29,909 basehttp 13952 17728 "GET / HTTP/1.1" 200 47818
INFO 2026-07-07 10:43:54,687 basehttp 13952 17728 "GET /shop/?category=speakers HTTP/1.1" 200 32839
INFO 2026-07-07 10:43:55,595 basehttp 13952 18416 "GET /media/products/1000525134.png HTTP/1.1" 200 185875
INFO 2026-07-07 10:43:55,596 basehttp 13952 17728 "GET /media/products/1000525135.png HTTP/1.1" 200 270097
INFO 2026-07-07 10:43:58,581 basehttp 13952 18416 "GET / HTTP/1.1" 200 47818
INFO 2026-07-07 10:44:00,331 basehttp 13952 18416 "GET /shop/?category=earpods HTTP/1.1" 200 36829
INFO 2026-07-07 10:44:00,529 basehttp 13952 17728 "GET /media/products/1000520283.jpg HTTP/1.1" 200 163985
INFO 2026-07-07 10:44:00,620 basehttp 13952 18416 "GET /media/products/1000520282.jpg HTTP/1.1" 200 177081
INFO 2026-07-07 10:44:00,733 basehttp 13952 2312 "GET /media/products/1000520284.jpg HTTP/1.1" 200 129782
INFO 2026-07-07 10:44:00,772 basehttp 13952 6808 "GET /media/products/1000520286.jpg HTTP/1.1" 200 129354
INFO 2026-07-07 10:44:00,826 basehttp 13952 20064 "GET /media/products/1000520285.jpg HTTP/1.1" 200 160289
INFO 2026-07-07 10:44:01,652 basehttp 13952 16204 "GET /media/products/1000520287.jpg HTTP/1.1" 200 1024983
INFO 2026-07-07 10:44:03,718 basehttp 13952 16204 "GET / HTTP/1.1" 200 47818
INFO 2026-07-07 10:44:05,671 basehttp 13952 16204 "GET /shop/?category=powerbanks HTTP/1.1" 200 36919
INFO 2026-07-07 10:44:07,317 basehttp 13952 16204 "GET / HTTP/1.1" 200 47818
INFO 2026-07-07 10:44:17,074 basehttp 13952 6808 - Broken pipe from ('192.168.0.103', 39950)
INFO 2026-07-07 10:44:17,074 basehttp 13952 18416 - Broken pipe from ('192.168.0.103', 60700)
INFO 2026-07-07 10:44:17,074 basehttp 13952 2312 - Broken pipe from ('192.168.0.103', 39932)
INFO 2026-07-07 10:44:17,074 basehttp 13952 16204 - Broken pipe from ('192.168.0.103', 39948)
INFO 2026-07-07 10:44:17,074 basehttp 13952 20064 - Broken pipe from ('192.168.0.103', 39944)
INFO 2026-07-07 10:44:17,074 basehttp 13952 17728 - Broken pipe from ('192.168.0.103', 60690)
INFO 2026-07-07 10:44:34,063 basehttp 13952 16380 "GET /admin HTTP/1.1" 301 0
INFO 2026-07-07 10:44:34,174 basehttp 13952 4184 "GET /admin/ HTTP/1.1" 302 0
INFO 2026-07-07 10:44:34,447 basehttp 13952 4184 "GET /admin/login/?next=/admin/ HTTP/1.1" 200 4177
INFO 2026-07-07 10:44:34,716 basehttp 13952 4184 "GET /static/admin/css/base.css HTTP/1.1" 200 22120
INFO 2026-07-07 10:44:34,886 basehttp 13952 7056 "GET /static/admin/css/dark_mode.css HTTP/1.1" 200 2808
INFO 2026-07-07 10:44:34,889 basehttp 13952 5532 "GET /static/admin/css/nav_sidebar.css HTTP/1.1" 200 2810
INFO 2026-07-07 10:44:34,891 basehttp 13952 16884 "GET /static/admin/css/login.css HTTP/1.1" 200 951
INFO 2026-07-07 10:44:34,903 basehttp 13952 12564 "GET /static/admin/css/responsive.css HTTP/1.1" 200 16565
INFO 2026-07-07 10:44:34,936 basehttp 13952 6816 "GET /static/admin/js/theme.js HTTP/1.1" 200 1653
INFO 2026-07-07 10:44:35,000 basehttp 13952 6816 "GET /static/admin/js/nav_sidebar.js HTTP/1.1" 200 3063
INFO 2026-07-07 10:44:45,541 basehttp 13952 6816 "POST /admin/login/?next=/admin/ HTTP/1.1" 200 4359
INFO 2026-07-07 10:44:57,396 basehttp 13952 6816 "POST /admin/login/?next=/admin/ HTTP/1.1" 200 4359
INFO 2026-07-07 10:45:07,260 basehttp 13952 5532 - Broken pipe from ('192.168.0.103', 53672)
INFO 2026-07-07 10:45:07,260 basehttp 13952 4184 - Broken pipe from ('192.168.0.103', 53654)
INFO 2026-07-07 10:45:07,260 basehttp 13952 6816 - Broken pipe from ('192.168.0.103', 53700)
INFO 2026-07-07 10:45:07,260 basehttp 13952 16884 - Broken pipe from ('192.168.0.103', 53680)
INFO 2026-07-07 10:45:07,260 basehttp 13952 7056 - Broken pipe from ('192.168.0.103', 53664)
INFO 2026-07-07 10:45:07,260 basehttp 13952 12564 - Broken pipe from ('192.168.0.103', 53690)
INFO 2026-07-07 10:45:24,261 basehttp 13952 820 "POST /admin/login/?next=/admin/ HTTP/1.1" 200 4345
INFO 2026-07-07 10:45:42,559 basehttp 13952 820 "POST /admin/login/?next=/admin/ HTTP/1.1" 302 0
INFO 2026-07-07 10:45:42,884 basehttp 13952 820 "GET /admin/ HTTP/1.1" 200 13396
INFO 2026-07-07 10:45:43,273 basehttp 13952 820 "GET /static/admin/css/dashboard.css HTTP/1.1" 200 441
INFO 2026-07-07 10:45:43,586 basehttp 13952 18600 "GET /static/admin/img/icon-changelink.svg HTTP/1.1" 200 380
INFO 2026-07-07 10:45:43,586 basehttp 13952 820 "GET /static/admin/img/icon-addlink.svg HTTP/1.1" 200 331
INFO 2026-07-07 10:45:53,946 basehttp 13952 820 - Broken pipe from ('192.168.0.103', 44262)
INFO 2026-07-07 10:45:53,946 basehttp 13952 18600 - Broken pipe from ('192.168.0.103', 44274)
INFO 2026-07-07 10:46:48,757 basehttp 13952 20008 "GET / HTTP/1.1" 200 47818
INFO 2026-07-07 10:47:00,120 basehttp 13952 20008 "GET /shop/?category=powerbanks HTTP/1.1" 200 36919
INFO 2026-07-07 10:47:21,884 basehttp 13952 20008 "GET /shop/?category=neckbands HTTP/1.1" 200 33772
INFO 2026-07-07 10:47:21,972 basehttp 13952 20008 "GET /media/products/1000520257.jpg HTTP/1.1" 200 106493
INFO 2026-07-07 10:47:21,973 basehttp 13952 15864 "GET /media/products/1000520234_SBppChd.jpg HTTP/1.1" 200 91304
INFO 2026-07-07 10:47:21,973 basehttp 13952 5980 "GET /media/products/1000458382_rsJgChZ.jpg HTTP/1.1" 200 139075
INFO 2026-07-07 10:47:24,067 basehttp 13952 5980 "GET / HTTP/1.1" 200 47818
INFO 2026-07-07 10:47:26,296 basehttp 13952 5980 "GET /shop/?category=smart-watches HTTP/1.1" 200 41897
INFO 2026-07-07 10:47:42,546 basehttp 13952 18376 "GET /admin/shop/product/add/ HTTP/1.1" 200 23635
INFO 2026-07-07 10:47:42,657 basehttp 13952 3608 "GET /static/admin/css/forms.css HTTP/1.1" 200 8525
INFO 2026-07-07 10:47:42,831 basehttp 13952 8472 "GET /static/admin/css/dark_mode.css HTTP/1.1" 200 2808
INFO 2026-07-07 10:47:42,838 basehttp 13952 7968 "GET /static/admin/css/nav_sidebar.css HTTP/1.1" 200 2810
INFO 2026-07-07 10:47:42,838 basehttp 13952 16696 "GET /static/admin/css/base.css HTTP/1.1" 200 22120
INFO 2026-07-07 10:47:42,838 basehttp 13952 14400 "GET /static/admin/css/responsive.css HTTP/1.1" 200 16565
INFO 2026-07-07 10:47:42,868 basehttp 13952 8472 "GET /static/admin/js/jquery.init.js HTTP/1.1" 200 347
INFO 2026-07-07 10:47:42,895 basehttp 13952 18376 "GET /admin/jsi18n/ HTTP/1.1" 200 3342
INFO 2026-07-07 10:47:42,909 basehttp 13952 7968 "GET /static/admin/js/core.js HTTP/1.1" 200 6208
INFO 2026-07-07 10:47:42,910 basehttp 13952 14400 "GET /static/admin/js/admin/RelatedObjectLookups.js HTTP/1.1" 200 9777
INFO 2026-07-07 10:47:42,911 basehttp 13952 16696 "GET /static/admin/js/inlines.js HTTP/1.1" 200 15628
INFO 2026-07-07 10:47:42,940 basehttp 13952 18376 "GET /static/admin/css/widgets.css HTTP/1.1" 200 11973
INFO 2026-07-07 10:47:42,971 basehttp 13952 18376 "GET /static/admin/js/prepopulate_init.js HTTP/1.1" 200 586
INFO 2026-07-07 10:47:42,971 basehttp 13952 14400 "GET /static/admin/js/urlify.js HTTP/1.1" 200 7887
INFO 2026-07-07 10:47:42,974 basehttp 13952 7968 "GET /static/admin/js/prepopulate.js HTTP/1.1" 200 1531
INFO 2026-07-07 10:47:42,982 basehttp 13952 16696 "GET /static/admin/js/actions.js HTTP/1.1" 200 8076
INFO 2026-07-07 10:47:44,057 basehttp 13952 3608 "GET /static/admin/js/vendor/jquery/jquery.js HTTP/1.1" 200 285314
INFO 2026-07-07 10:47:44,073 basehttp 13952 8472 "GET /static/admin/js/vendor/xregexp/xregexp.js HTTP/1.1" 200 325171
INFO 2026-07-07 10:47:44,100 basehttp 13952 8472 "GET /static/admin/img/icon-viewlink.svg HTTP/1.1" 200 581
INFO 2026-07-07 10:47:44,175 basehttp 13952 3608 "GET /static/admin/js/change_form.js HTTP/1.1" 200 606
INFO 2026-07-07 10:47:44,269 basehttp 13952 18376 "GET /static/admin/img/inline-delete.svg HTTP/1.1" 200 537
INFO 2026-07-07 10:47:46,443 basehttp 13952 18376 "GET /admin/ HTTP/1.1" 200 13396
INFO 2026-07-07 10:47:46,524 basehttp 13952 18376 "GET /static/admin/css/dashboard.css HTTP/1.1" 200 441
INFO 2026-07-07 10:47:53,339 basehttp 13952 18376 "GET /admin/shop/ HTTP/1.1" 200 6672
INFO 2026-07-07 10:47:55,715 basehttp 13952 18376 "GET /admin/shop/product/ HTTP/1.1" 200 35728
INFO 2026-07-07 10:47:55,995 basehttp 13952 3608 "GET /admin/jsi18n/ HTTP/1.1" 200 3342
INFO 2026-07-07 10:47:56,000 basehttp 13952 8472 "GET /static/admin/img/search.svg HTTP/1.1" 200 458
INFO 2026-07-07 10:47:56,002 basehttp 13952 16696 "GET /static/admin/img/icon-yes.svg HTTP/1.1" 200 436
INFO 2026-07-07 10:47:56,003 basehttp 13952 18376 "GET /static/admin/css/changelists.css HTTP/1.1" 200 6878
INFO 2026-07-07 10:47:56,098 basehttp 13952 18376 "GET /static/admin/img/icon-no.svg HTTP/1.1" 200 560
INFO 2026-07-07 10:47:56,100 basehttp 13952 3608 "GET /static/admin/img/tooltag-add.svg HTTP/1.1" 200 331
INFO 2026-07-07 10:47:56,106 basehttp 13952 8472 "GET /static/admin/js/filters.js HTTP/1.1" 200 978
INFO 2026-07-07 10:48:02,476 basehttp 13952 8472 "GET /admin/shop/product/?q=Nova HTTP/1.1" 200 17221
INFO 2026-07-07 10:48:02,670 basehttp 13952 8472 "GET /admin/jsi18n/ HTTP/1.1" 200 3342
INFO 2026-07-07 10:48:13,703 basehttp 13952 8472 "GET /admin/shop/product/15/change/?_changelist_filters=q%3DNova HTTP/1.1" 200 28563
INFO 2026-07-07 10:48:13,774 basehttp 13952 8472 "GET /admin/jsi18n/ HTTP/1.1" 200 3342
INFO 2026-07-07 10:48:13,881 basehttp 13952 8472 "GET /static/admin/img/tooltag-arrowright.svg HTTP/1.1" 200 280
INFO 2026-07-07 10:48:25,713 basehttp 13952 8472 - Broken pipe from ('192.168.0.103', 41796)
INFO 2026-07-07 10:48:25,713 basehttp 13952 18376 - Broken pipe from ('192.168.0.103', 41770)
INFO 2026-07-07 10:48:25,713 basehttp 13952 3608 - Broken pipe from ('192.168.0.103', 41784)
INFO 2026-07-07 10:48:25,713 basehttp 13952 7968 - Broken pipe from ('192.168.0.103', 41808)
INFO 2026-07-07 10:48:25,713 basehttp 13952 14400 - Broken pipe from ('192.168.0.103', 41818)
INFO 2026-07-07 10:48:25,713 basehttp 13952 16696 - Broken pipe from ('192.168.0.103', 41786)
INFO 2026-07-07 10:49:15,881 basehttp 13952 3252 "POST /admin/shop/product/15/change/?_changelist_filters=q%3DNova HTTP/1.1" 302 0
INFO 2026-07-07 10:49:16,190 basehttp 13952 3252 "GET /admin/shop/product/?q=Nova HTTP/1.1" 200 17466
INFO 2026-07-07 10:49:16,280 basehttp 13952 18780 "GET /admin/jsi18n/ HTTP/1.1" 200 3342
INFO 2026-07-07 10:49:19,611 basehttp 13952 5980 "GET /shop/?category=smart-watches HTTP/1.1" 200 41855
INFO 2026-07-07 10:49:19,715 basehttp 13952 5980 "GET /media/products/1000533259.jpg HTTP/1.1" 200 75741
INFO 2026-07-07 10:49:24,511 basehttp 13952 5980 "GET / HTTP/1.1" 200 47818
INFO 2026-07-07 10:49:27,783 basehttp 13952 5980 "GET /shop/?category=earpods HTTP/1.1" 200 36829
INFO 2026-07-07 10:49:32,773 basehttp 13952 5980 "GET /shop/?category=speakers HTTP/1.1" 200 32839
INFO 2026-07-07 10:49:32,846 basehttp 13952 5980 "GET /media/products/1000525135.png HTTP/1.1" 200 270097
INFO 2026-07-07 10:49:32,847 basehttp 13952 15864 "GET /media/products/1000525134.png HTTP/1.1" 200 185875
INFO 2026-07-07 10:49:36,432 basehttp 13952 15864 "GET /shop/?category=earphones HTTP/1.1" 200 32851
INFO 2026-07-07 10:49:36,508 basehttp 13952 15864 "GET /media/products/1000525141.png HTTP/1.1" 200 211286
INFO 2026-07-07 10:49:36,511 basehttp 13952 5980 "GET /media/products/1000525138.png HTTP/1.1" 200 249163
INFO 2026-07-07 10:49:40,095 basehttp 13952 5980 "GET /shop/?category=other-accessories HTTP/1.1" 200 35886
INFO 2026-07-07 10:49:40,241 basehttp 13952 15864 "GET /media/products/1000525140.png HTTP/1.1" 200 157665
INFO 2026-07-07 10:49:40,242 basehttp 13952 5980 "GET /media/products/1000525143.png HTTP/1.1" 200 213940
INFO 2026-07-07 10:49:43,721 basehttp 13952 5980 "GET /shop/?category=earphones HTTP/1.1" 200 32851
INFO 2026-07-07 10:49:52,590 basehttp 13952 18780 "GET /admin/ HTTP/1.1" 200 13402
INFO 2026-07-07 10:49:52,686 basehttp 13952 3252 "GET /static/admin/img/icon-changelink.svg HTTP/1.1" 200 380
INFO 2026-07-07 10:49:52,686 basehttp 13952 18780 "GET /static/admin/img/icon-addlink.svg HTTP/1.1" 200 331
INFO 2026-07-07 10:49:56,213 basehttp 13952 3252 "GET /admin/shop/productvariant/ HTTP/1.1" 200 28159
INFO 2026-07-07 10:49:56,377 basehttp 13952 3252 "GET /admin/jsi18n/ HTTP/1.1" 200 3342
INFO 2026-07-07 10:49:59,693 basehttp 13952 3252 "GET /admin/ HTTP/1.1" 200 13402
INFO 2026-07-07 10:50:01,949 basehttp 13952 3252 "GET /admin/shop/category/ HTTP/1.1" 200 13232
INFO 2026-07-07 10:50:01,973 basehttp 13952 3252 "GET /admin/jsi18n/ HTTP/1.1" 200 3342
INFO 2026-07-07 10:50:05,752 basehttp 13952 3252 "GET /admin/shop/category/5/change/ HTTP/1.1" 200 12518
INFO 2026-07-07 10:50:05,841 basehttp 13952 3252 "GET /admin/jsi18n/ HTTP/1.1" 200 3342
INFO 2026-07-07 10:50:11,813 basehttp 13952 3252 "POST /admin/shop/category/5/change/ HTTP/1.1" 302 0
INFO 2026-07-07 10:50:12,233 basehttp 13952 3252 "GET /admin/shop/category/ HTTP/1.1" 200 13476
INFO 2026-07-07 10:50:12,537 basehttp 13952 3252 "GET /admin/jsi18n/ HTTP/1.1" 200 3342
INFO 2026-07-07 10:50:17,164 basehttp 13952 5980 "GET / HTTP/1.1" 200 47831
INFO 2026-07-07 10:50:34,209 basehttp 13952 5980 "GET /shop/?category=other-accessories HTTP/1.1" 200 35886
INFO 2026-07-07 10:50:41,809 basehttp 13952 5980 "GET /shop/?category=powerbanks HTTP/1.1" 200 36919
INFO 2026-07-07 10:50:45,666 basehttp 13952 5980 "GET /shop/?category=home-appliances HTTP/1.1" 200 31878
INFO 2026-07-07 10:50:50,829 basehttp 13952 5980 "GET /shop/?category=speakers HTTP/1.1" 200 32839
INFO 2026-07-07 10:50:55,044 basehttp 13952 5980 "GET /shop/?category=earphones HTTP/1.1" 200 32851
INFO 2026-07-07 10:50:59,193 basehttp 13952 5980 "GET /shop/?category=other-accessories HTTP/1.1" 200 35886
INFO 2026-07-07 10:51:04,042 basehttp 13952 5980 "GET /shop/?category=powerbanks HTTP/1.1" 200 36919
INFO 2026-07-07 10:51:13,180 basehttp 13952 18780 - Broken pipe from ('192.168.0.103', 41096)
INFO 2026-07-07 10:51:13,180 basehttp 13952 3252 - Broken pipe from ('192.168.0.103', 41092)
INFO 2026-07-07 10:53:16,489 basehttp 13952 7120 "GET /admin/ HTTP/1.1" 200 13379
INFO 2026-07-07 10:53:24,210 basehttp 13952 7120 "GET /admin/shop/product/29/change/ HTTP/1.1" 200 26964
INFO 2026-07-07 10:53:24,290 basehttp 13952 7120 "GET /admin/jsi18n/ HTTP/1.1" 200 3342
INFO 2026-07-07 10:53:34,551 basehttp 13952 7120 "POST /admin/shop/product/29/change/ HTTP/1.1" 302 0
INFO 2026-07-07 10:53:34,855 basehttp 13952 7120 "GET /admin/shop/product/ HTTP/1.1" 200 36026
INFO 2026-07-07 10:53:34,910 basehttp 13952 7120 "GET /admin/jsi18n/ HTTP/1.1" 200 3342
INFO 2026-07-07 10:53:36,739 basehttp 13952 5980 "GET /shop/?category=powerbanks HTTP/1.1" 200 36891
INFO 2026-07-07 10:53:36,843 basehttp 13952 5980 "GET /media/products/1000533260.jpg HTTP/1.1" 200 748555
INFO 2026-07-07 10:53:39,796 basehttp 13952 5980 "GET / HTTP/1.1" 200 47803
INFO 2026-07-07 10:53:39,841 basehttp 13952 5980 "GET /media/products/1000533260.jpg HTTP/1.1" 304 0
INFO 2026-07-07 10:53:52,358 basehttp 13952 7120 - Broken pipe from ('192.168.0.103', 48106)
INFO 2026-07-07 10:53:52,359 basehttp 13952 8040 - Broken pipe from ('192.168.0.103', 48112)
INFO 2026-07-07 11:03:29,094 basehttp 13952 2032 "POST /basket/add/32/ HTTP/1.1" 200 58
INFO 2026-07-07 11:03:29,104 basehttp 13952 12588 "POST /basket/add/32/ HTTP/1.1" 200 58
INFO 2026-07-07 11:03:33,648 basehttp 13952 12588 "GET /basket/ HTTP/1.1" 200 32616
INFO 2026-07-07 11:03:37,553 basehttp 13952 12588 "GET /checkout/ HTTP/1.1" 200 41084
INFO 2026-07-07 11:04:32,698 basehttp 13952 12588 "GET / HTTP/1.1" 200 47803
INFO 2026-07-07 11:04:32,748 basehttp 13952 12588 "GET /media/products/1000533260.jpg HTTP/1.1" 304 0
INFO 2026-07-07 11:04:49,327 basehttp 13952 12588 "POST /basket/add/35/ HTTP/1.1" 200 58
INFO 2026-07-07 11:04:49,339 basehttp 13952 2032 "POST /basket/add/35/ HTTP/1.1" 200 58
INFO 2026-07-07 11:04:51,963 basehttp 13952 2032 "GET /basket/ HTTP/1.1" 200 33958
INFO 2026-07-07 11:04:55,881 basehttp 13952 2032 "GET /checkout/ HTTP/1.1" 200 41084
INFO 2026-07-07 11:05:26,074 basehttp 13952 2032 "GET / HTTP/1.1" 200 47803
INFO 2026-07-07 11:07:19,666 basehttp 13952 2032 "GET /basket/ HTTP/1.1" 200 33958
INFO 2026-07-07 11:07:21,162 basehttp 13952 2032 "GET /checkout/ HTTP/1.1" 200 41084
INFO 2026-07-07 11:07:35,648 basehttp 13952 2032 "POST /checkout/ HTTP/1.1" 302 0
INFO 2026-07-07 11:07:35,662 basehttp 13952 2032 "GET /checkout/success/OR-004900CF/ HTTP/1.1" 200 31468
INFO 2026-07-07 11:07:37,771 basehttp 13952 2032 "GET / HTTP/1.1" 200 47803
INFO 2026-07-07 11:07:37,823 basehttp 13952 2032 "GET /media/products/1000533260.jpg HTTP/1.1" 304 0
INFO 2026-07-07 11:07:39,081 basehttp 13952 2032 "GET /shop/ HTTP/1.1" 200 43419
INFO 2026-07-07 11:07:41,483 basehttp 13952 12588 "POST /basket/add/37/ HTTP/1.1" 200 57
INFO 2026-07-07 11:07:41,501 basehttp 13952 2032 "POST /basket/add/37/ HTTP/1.1" 200 57
INFO 2026-07-07 11:07:43,874 basehttp 13952 2032 "GET /basket/ HTTP/1.1" 200 32615
INFO 2026-07-07 11:07:46,089 basehttp 13952 2032 "GET /checkout/ HTTP/1.1" 200 41082
INFO 2026-07-07 11:07:58,268 basehttp 13952 2032 "POST /checkout/ HTTP/1.1" 302 0
INFO 2026-07-07 11:07:58,276 basehttp 13952 2032 "GET /checkout/ HTTP/1.1" 302 0
INFO 2026-07-07 11:07:58,296 basehttp 13952 2032 "GET /shop/ HTTP/1.1" 200 43801
INFO 2026-07-07 11:10:21,849 autoreload 13952 9020 C:\Users\Hp\Desktop\ORAIMOTECH\shop\views.py changed, reloading.
INFO 2026-07-07 11:10:23,124 autoreload 8668 3652 Watching for file changes with StatReloader
INFO 2026-07-07 11:11:08,301 basehttp 8668 15932 "GET /shop/ HTTP/1.1" 200 45688
INFO 2026-07-07 11:11:08,381 basehttp 8668 15932 "GET /media/products/1000533260.jpg HTTP/1.1" 304 0
INFO 2026-07-07 11:11:14,170 basehttp 8668 15932 "GET / HTTP/1.1" 200 50019
INFO 2026-07-07 11:11:32,627 basehttp 8668 15932 "GET /shop/?q=freepods HTTP/1.1" 200 33584
INFO 2026-07-07 11:11:39,961 basehttp 8668 15932 "GET /shop/?q=watch HTTP/1.1" 200 44404
INFO 2026-07-07 11:11:40,025 basehttp 8668 15932 "GET /media/products/1000533259.jpg HTTP/1.1" 304 0
INFO 2026-07-07 11:16:24,730 autoreload 8668 3652 C:\Users\Hp\Desktop\ORAIMOTECH\shop\views.py changed, reloading.
INFO 2026-07-07 11:16:25,741 autoreload 17568 8492 Watching for file changes with StatReloader
INFO 2026-07-07 11:19:33,223 basehttp 17568 19696 "GET /shop/?q=watch HTTP/1.1" 200 55697
INFO 2026-07-07 11:19:33,633 basehttp 17568 9560 "GET /media/CACHE/images/products/1000525137/d524deef77040408ba374cdbdf1fc40d.jpg HTTP/1.1" 200 10719
INFO 2026-07-07 11:19:33,638 basehttp 17568 9560 "GET /media/CACHE/images/products/1000525605/8724b7df91532d4620233c1e684c72e2.jpg HTTP/1.1" 200 14032
INFO 2026-07-07 11:19:33,645 basehttp 17568 9560 "GET /media/CACHE/images/products/1000520278/4c3e56336b4bbfb8a95fb04d3321962f.jpg HTTP/1.1" 200 9423
INFO 2026-07-07 11:19:33,648 basehttp 17568 18880 "GET /media/CACHE/images/products/1000525139/e65d5659a406c50c9f3ccbddd26ed2ea.jpg HTTP/1.1" 200 13369
INFO 2026-07-07 11:19:33,649 basehttp 17568 9560 "GET /media/CACHE/images/products/1000520279/99d957fe1d54b29ce9162264ba09f50c.jpg HTTP/1.1" 200 10247
INFO 2026-07-07 11:19:33,658 basehttp 17568 18880 "GET /media/CACHE/images/products/1000520280/545032179b16962a7284f90a66cb8525.jpg HTTP/1.1" 200 12165
INFO 2026-07-07 11:19:33,660 basehttp 17568 9560 "GET /media/CACHE/images/products/1000520281/276306244df2b4a17b37d8ec06f9043d.jpg HTTP/1.1" 200 12614
INFO 2026-07-07 11:19:33,696 basehttp 17568 19696 "GET /media/CACHE/images/products/1000526975/d6f426988a94ff6a989535d30a8bdf11.jpg HTTP/1.1" 200 12139
INFO 2026-07-07 11:19:33,703 basehttp 17568 3424 "GET /media/CACHE/images/products/1000525144/5e5e36fd76329969727589b2982273fa.jpg HTTP/1.1" 200 11712
INFO 2026-07-07 11:19:33,712 basehttp 17568 15868 "GET /media/CACHE/images/products/1000525136/718bfb385645c985e07f8d996dc51171.jpg HTTP/1.1" 200 14472
INFO 2026-07-07 11:19:33,722 basehttp 17568 18868 "GET /media/CACHE/images/products/1000533259/f9b57ffe4828592f65f3ea4986245da3.jpg HTTP/1.1" 200 6498
INFO 2026-07-07 11:19:41,009 basehttp 17568 18868 "GET /shop/ HTTP/1.1" 200 56826
INFO 2026-07-07 11:19:41,073 basehttp 17568 18868 "GET /media/CACHE/images/products/1000526988/297d1fbbf43ffd3ca8b68220c3a2f140.jpg HTTP/1.1" 200 13520
INFO 2026-07-07 11:19:41,076 basehttp 17568 15868 "GET /media/CACHE/images/products/1000526987/a6d5a5e42638bdf81f7b75683fe48a56.jpg HTTP/1.1" 200 13196
INFO 2026-07-07 11:19:41,078 basehttp 17568 18880 "GET /media/CACHE/images/products/1000526983/59a2f0e6a76fb3a0abaf510e68d6861f.jpg HTTP/1.1" 200 12454
INFO 2026-07-07 11:19:41,078 basehttp 17568 9560 "GET /media/CACHE/images/products/1000526984/2679c5d1935863a487471bfaaebbd5f6.jpg HTTP/1.1" 200 11341
INFO 2026-07-07 11:19:41,079 basehttp 17568 19696 "GET /media/CACHE/images/products/1000526985/ea2101abe7212401b5af667637e000f4.jpg HTTP/1.1" 200 10022
INFO 2026-07-07 11:19:41,079 basehttp 17568 3424 "GET /media/CACHE/images/products/1000526986/4c42d7f070fd16fcc4c9e9e771277a3f.jpg HTTP/1.1" 200 11213
INFO 2026-07-07 11:19:41,138 basehttp 17568 18880 "GET /media/CACHE/images/products/1000526968/02476a1d1a2f6c83ad55fc518197d54c.jpg HTTP/1.1" 200 12929
INFO 2026-07-07 11:19:41,138 basehttp 17568 9560 "GET /media/CACHE/images/products/1000533260/cc9415acb28224a87fcc5efb6469a097.jpg HTTP/1.1" 200 13423
INFO 2026-07-07 11:19:41,139 basehttp 17568 19696 "GET /media/CACHE/images/products/1000525145/b445642a1897efb9256f6606c12f861a.jpg HTTP/1.1" 200 16207
INFO 2026-07-07 11:19:44,710 basehttp 17568 19696 "GET /shop/?sort=price_asc HTTP/1.1" 200 56810
INFO 2026-07-07 11:19:44,780 basehttp 17568 9560 "GET /media/CACHE/images/products/1000520234_SBppChd/65ade931060e403151ccc0364eeeb677.jpg HTTP/1.1" 200 12641
INFO 2026-07-07 11:19:44,787 basehttp 17568 18880 "GET /media/CACHE/images/products/1000525138/40fec679c7bc23f1adbe1f2a1338cb36.jpg HTTP/1.1" 200 15312
INFO 2026-07-07 11:19:44,791 basehttp 17568 3424 "GET /media/CACHE/images/products/1000525140/b6ce580056a4f7bf6bed510249a1d7ca.jpg HTTP/1.1" 200 14361
INFO 2026-07-07 11:19:44,791 basehttp 17568 19696 "GET /media/CACHE/images/products/1000525141/173d05edb9fc28ed5a313e885994fb8d.jpg HTTP/1.1" 200 12026
INFO 2026-07-07 11:19:44,800 basehttp 17568 18868 "GET /media/CACHE/images/products/1000520282/c63852182170918f0def7be632ee740c.jpg HTTP/1.1" 200 12611
INFO 2026-07-07 11:19:44,806 basehttp 17568 15868 "GET /media/CACHE/images/products/1000520283/287fa8f31b5731db46e0898fcda9bb2f.jpg HTTP/1.1" 200 12450
INFO 2026-07-07 11:19:44,859 basehttp 17568 15868 "GET /media/CACHE/images/products/1000520287/136f24031181c8394b11ca41939694fb.jpg HTTP/1.1" 200 12828
INFO 2026-07-07 11:19:51,572 basehttp 17568 15868 "GET / HTTP/1.1" 200 59546
INFO 2026-07-07 11:19:51,701 basehttp 17568 15868 "GET /media/products/1000533260.jpg HTTP/1.1" 304 0
INFO 2026-07-07 11:19:57,650 basehttp 17568 15868 "GET /shop/api/search/?q=he HTTP/1.1" 200 1459
INFO 2026-07-07 11:20:07,542 basehttp 17568 15868 "GET /shop/api/search/?q=watch HTTP/1.1" 200 1371
INFO 2026-07-07 11:20:08,845 basehttp 17568 15868 "GET /shop/oraimo-watch-nova-2n-193-amoled-smart-watch/ HTTP/1.1" 200 48365
INFO 2026-07-07 11:20:23,221 basehttp 17568 15868 "GET /shop/?category=powerbanks&sort=price_asc HTTP/1.1" 200 50629
INFO 2026-07-07 11:20:23,323 basehttp 17568 15868 "GET /media/CACHE/images/products/1000533260/cc9415acb28224a87fcc5efb6469a097.jpg HTTP/1.1" 304 0
INFO 2026-07-07 11:20:26,796 basehttp 17568 15868 "GET / HTTP/1.1" 200 59546
INFO 2026-07-07 11:20:29,510 basehttp 17568 15868 "GET /shop/ HTTP/1.1" 200 56826
INFO 2026-07-07 11:20:29,558 basehttp 17568 15868 "GET /media/CACHE/images/products/1000533260/cc9415acb28224a87fcc5efb6469a097.jpg HTTP/1.1" 304 0
INFO 2026-07-07 11:25:06,149 basehttp 17568 15868 "GET /shop/ HTTP/1.1" 200 58102
INFO 2026-07-07 11:25:06,209 basehttp 17568 15868 "GET /media/CACHE/images/products/1000533260/cc9415acb28224a87fcc5efb6469a097.jpg HTTP/1.1" 304 0
INFO 2026-07-07 11:25:14,645 basehttp 17568 15868 "GET /shop/ HTTP/1.1" 200 58102
INFO 2026-07-07 11:28:30,081 basehttp 17568 15868 "GET / HTTP/1.1" 200 59546
INFO 2026-07-07 11:28:30,253 basehttp 17568 15868 "GET /media/products/1000533260.jpg HTTP/1.1" 304 0
INFO 2026-07-07 11:28:35,513 basehttp 17568 15868 "GET /shop/api/search/?q=gg HTTP/1.1" 200 597
INFO 2026-07-07 11:28:39,197 basehttp 17568 15868 "GET /shop/api/search/?q=si HTTP/1.1" 200 1459
INFO 2026-07-07 11:28:41,282 basehttp 17568 15868 "GET /shop/api/search/?q=sli HTTP/1.1" 200 424
INFO 2026-07-07 11:28:42,646 basehttp 17568 15868 "GET /shop/oraimo-slice-link-10000mah-12w-power-bank-with-bui/ HTTP/1.1" 200 48361
INFO 2026-07-07 11:28:50,423 basehttp 17568 15868 "GET / HTTP/1.1" 200 59546
INFO 2026-07-07 11:28:51,676 basehttp 17568 15868 "GET /shop/ HTTP/1.1" 200 57956
INFO 2026-07-07 11:28:51,789 basehttp 17568 15868 "GET /media/CACHE/images/products/1000533260/cc9415acb28224a87fcc5efb6469a097.jpg HTTP/1.1" 304 0
INFO 2026-07-07 11:28:55,414 basehttp 17568 15868 "GET /shop/ HTTP/1.1" 200 57956
INFO 2026-07-07 11:35:17,914 basehttp 17568 16116 "GET /shop/ HTTP/1.1" 200 61386
INFO 2026-07-07 11:35:17,994 basehttp 17568 16116 "GET /media/CACHE/images/products/1000526988/297d1fbbf43ffd3ca8b68220c3a2f140.jpg HTTP/1.1" 304 0
INFO 2026-07-07 11:35:17,999 basehttp 17568 11592 "GET /media/CACHE/images/products/1000526987/a6d5a5e42638bdf81f7b75683fe48a56.jpg HTTP/1.1" 304 0
INFO 2026-07-07 11:35:18,005 basehttp 17568 20376 "GET /media/CACHE/images/products/1000526985/ea2101abe7212401b5af667637e000f4.jpg HTTP/1.1" 304 0
INFO 2026-07-07 11:35:18,008 basehttp 17568 16116 "GET /media/CACHE/images/products/1000533260/cc9415acb28224a87fcc5efb6469a097.jpg HTTP/1.1" 304 0
INFO 2026-07-07 11:35:18,011 basehttp 17568 14608 "GET /media/CACHE/images/products/1000526986/4c42d7f070fd16fcc4c9e9e771277a3f.jpg HTTP/1.1" 304 0
INFO 2026-07-07 11:35:18,018 basehttp 17568 5884 "GET /media/CACHE/images/products/1000526983/59a2f0e6a76fb3a0abaf510e68d6861f.jpg HTTP/1.1" 304 0
INFO 2026-07-07 11:35:18,017 basehttp 17568 11592 "GET /media/CACHE/images/products/1000526975/d6f426988a94ff6a989535d30a8bdf11.jpg HTTP/1.1" 304 0
INFO 2026-07-07 11:35:18,027 basehttp 17568 16116 "GET /media/CACHE/images/products/1000525145/b445642a1897efb9256f6606c12f861a.jpg HTTP/1.1" 304 0
INFO 2026-07-07 11:35:18,016 basehttp 17568 19724 "GET /media/CACHE/images/products/1000526984/2679c5d1935863a487471bfaaebbd5f6.jpg HTTP/1.1" 304 0
INFO 2026-07-07 11:35:18,030 basehttp 17568 14608 "GET /media/CACHE/images/products/1000526968/02476a1d1a2f6c83ad55fc518197d54c.jpg HTTP/1.1" 304 0
INFO 2026-07-07 11:35:18,031 basehttp 17568 20376 "GET /media/CACHE/images/products/1000525144/5e5e36fd76329969727589b2982273fa.jpg HTTP/1.1" 304 0
INFO 2026-07-07 11:35:24,289 basehttp 17568 20376 "GET /shop/?sort=price_asc HTTP/1.1" 200 61409
INFO 2026-07-07 11:35:24,357 basehttp 17568 14608 "GET /media/CACHE/images/products/1000525138/40fec679c7bc23f1adbe1f2a1338cb36.jpg HTTP/1.1" 304 0
INFO 2026-07-07 11:35:24,358 basehttp 17568 11592 "GET /media/CACHE/images/products/1000525140/b6ce580056a4f7bf6bed510249a1d7ca.jpg HTTP/1.1" 304 0
INFO 2026-07-07 11:35:24,359 basehttp 17568 5884 "GET /media/CACHE/images/products/1000520283/287fa8f31b5731db46e0898fcda9bb2f.jpg HTTP/1.1" 304 0
INFO 2026-07-07 11:35:24,359 basehttp 17568 16116 "GET /media/CACHE/images/products/1000520234_SBppChd/65ade931060e403151ccc0364eeeb677.jpg HTTP/1.1" 304 0
INFO 2026-07-07 11:35:24,359 basehttp 17568 19724 "GET /media/CACHE/images/products/1000525137/d524deef77040408ba374cdbdf1fc40d.jpg HTTP/1.1" 304 0
INFO 2026-07-07 11:35:24,360 basehttp 17568 20376 "GET /media/CACHE/images/products/1000525141/173d05edb9fc28ed5a313e885994fb8d.jpg HTTP/1.1" 304 0
INFO 2026-07-07 11:35:24,378 basehttp 17568 20376 "GET /media/CACHE/images/products/1000520282/c63852182170918f0def7be632ee740c.jpg HTTP/1.1" 304 0
INFO 2026-07-07 11:35:24,420 basehttp 17568 20376 "GET /media/CACHE/images/products/1000520278/4c3e56336b4bbfb8a95fb04d3321962f.jpg HTTP/1.1" 304 0
INFO 2026-07-07 11:35:24,420 basehttp 17568 19724 "GET /media/CACHE/images/products/1000520287/136f24031181c8394b11ca41939694fb.jpg HTTP/1.1" 304 0
INFO 2026-07-07 11:35:29,598 basehttp 17568 19724 "GET / HTTP/1.1" 200 59546
INFO 2026-07-07 11:35:29,737 basehttp 17568 19724 "GET /media/products/1000533260.jpg HTTP/1.1" 304 0
INFO 2026-07-07 11:35:37,752 basehttp 17568 19724 "GET /shop/ HTTP/1.1" 200 61386
INFO 2026-07-07 11:35:42,794 basehttp 17568 19724 "GET / HTTP/1.1" 200 59546
INFO 2026-07-07 11:42:46,302 basehttp 17568 19904 "GET /shop/ HTTP/1.1" 200 61594
INFO 2026-07-07 11:42:46,485 basehttp 17568 19904 "GET /media/CACHE/images/products/1000533260/cc9415acb28224a87fcc5efb6469a097.jpg HTTP/1.1" 304 0
INFO 2026-07-07 11:42:55,784 basehttp 17568 19904 "GET /shop/?sort=price_asc HTTP/1.1" 200 61647
INFO 2026-07-07 11:42:55,852 basehttp 17568 19904 "GET /media/CACHE/images/products/1000525141/173d05edb9fc28ed5a313e885994fb8d.jpg HTTP/1.1" 304 0
INFO 2026-07-07 11:42:55,857 basehttp 17568 14364 "GET /media/CACHE/images/products/1000525140/b6ce580056a4f7bf6bed510249a1d7ca.jpg HTTP/1.1" 304 0
INFO 2026-07-07 11:42:55,857 basehttp 17568 19328 "GET /media/CACHE/images/products/1000525138/40fec679c7bc23f1adbe1f2a1338cb36.jpg HTTP/1.1" 304 0
INFO 2026-07-07 11:42:55,861 basehttp 17568 3640 "GET /media/CACHE/images/products/1000520283/287fa8f31b5731db46e0898fcda9bb2f.jpg HTTP/1.1" 304 0
INFO 2026-07-07 11:42:55,877 basehttp 17568 3640 "GET /media/CACHE/images/products/1000520282/c63852182170918f0def7be632ee740c.jpg HTTP/1.1" 304 0
INFO 2026-07-07 11:42:55,889 basehttp 17568 3640 "GET /media/CACHE/images/products/1000520287/136f24031181c8394b11ca41939694fb.jpg HTTP/1.1" 304 0
INFO 2026-07-07 11:45:23,219 basehttp 17568 6824 "GET / HTTP/1.1" 200 59546
INFO 2026-07-07 11:45:23,319 basehttp 17568 6824 "GET /media/products/1000533260.jpg HTTP/1.1" 304 0
INFO 2026-07-07 11:45:25,576 basehttp 17568 6824 "GET /shop/ HTTP/1.1" 200 59734
INFO 2026-07-07 11:45:25,625 basehttp 17568 6824 "GET /media/CACHE/images/products/1000533260/cc9415acb28224a87fcc5efb6469a097.jpg HTTP/1.1" 304 0
INFO 2026-07-07 11:46:00,933 basehttp 17568 6824 "GET /shop/ HTTP/1.1" 200 56826
WARNING 2026-07-07 11:48:18,458 basehttp 17568 6824 "GET /.well-known/appspecific/com.chrome.devtools.json HTTP/1.1" 404 3598
INFO 2026-07-07 11:50:48,651 basehttp 17568 6824 "GET /shop/ HTTP/1.1" 200 57753
INFO 2026-07-07 11:50:48,724 basehttp 17568 6824 "GET /media/CACHE/images/products/1000533260/cc9415acb28224a87fcc5efb6469a097.jpg HTTP/1.1" 304 0
INFO 2026-07-07 11:50:56,377 basehttp 17568 6824 "GET /shop/ HTTP/1.1" 200 57753
INFO 2026-07-07 11:52:34,249 basehttp 17568 6824 "GET /shop/?category=neckbands HTTP/1.1" 200 47697
INFO 2026-07-07 11:52:34,318 basehttp 17568 6824 "GET /media/CACHE/images/products/1000520257/f40a1ede030896459b8626e50eed00f3.jpg HTTP/1.1" 200 9079
INFO 2026-07-07 11:52:34,318 basehttp 17568 4604 "GET /media/CACHE/images/products/1000520234_SBppChd/65ade931060e403151ccc0364eeeb677.jpg HTTP/1.1" 304 0
INFO 2026-07-07 11:52:34,318 basehttp 17568 16704 "GET /media/CACHE/images/products/1000458382_rsJgChZ/30dd837e52793d629b890826135cfa49.jpg HTTP/1.1" 200 11457
INFO 2026-07-07 11:52:35,957 basehttp 17568 16704 "GET /shop/?category=earpods HTTP/1.1" 200 50913
INFO 2026-07-07 11:52:36,053 basehttp 17568 16704 "GET /media/CACHE/images/products/1000520282/c63852182170918f0def7be632ee740c.jpg HTTP/1.1" 304 0
INFO 2026-07-07 11:52:36,067 basehttp 17568 16704 "GET /media/CACHE/images/products/1000520283/287fa8f31b5731db46e0898fcda9bb2f.jpg HTTP/1.1" 304 0
INFO 2026-07-07 11:52:36,073 basehttp 17568 9588 "GET /media/CACHE/images/products/1000520287/136f24031181c8394b11ca41939694fb.jpg HTTP/1.1" 304 0
INFO 2026-07-07 11:52:36,086 basehttp 17568 4604 "GET /media/CACHE/images/products/1000520284/fb162ab8aa479bb8709e09471a4a7eb5.jpg HTTP/1.1" 200 10788
INFO 2026-07-07 11:52:36,086 basehttp 17568 16704 "GET /media/CACHE/images/products/1000520285/cbeff160caf06b93f26e31f42171cd03.jpg HTTP/1.1" 200 12363
INFO 2026-07-07 11:52:36,086 basehttp 17568 6824 "GET /media/CACHE/images/products/1000520286/18c7df93a472d70c21515070ce7d3545.jpg HTTP/1.1" 200 10666
INFO 2026-07-07 11:52:37,020 basehttp 17568 6824 "GET /shop/?category=smart-watches HTTP/1.1" 200 56204
INFO 2026-07-07 11:52:37,063 basehttp 17568 6824 "GET /media/CACHE/images/products/1000526975/d6f426988a94ff6a989535d30a8bdf11.jpg HTTP/1.1" 304 0
INFO 2026-07-07 11:52:37,063 basehttp 17568 4604 "GET /media/CACHE/images/products/1000525144/5e5e36fd76329969727589b2982273fa.jpg HTTP/1.1" 304 0
INFO 2026-07-07 11:52:37,112 basehttp 17568 4604 "GET /media/CACHE/images/products/1000525139/e65d5659a406c50c9f3ccbddd26ed2ea.jpg HTTP/1.1" 304 0
INFO 2026-07-07 11:52:37,129 basehttp 17568 6824 "GET /media/CACHE/images/products/1000525136/718bfb385645c985e07f8d996dc51171.jpg HTTP/1.1" 304 0
INFO 2026-07-07 11:52:37,131 basehttp 17568 4604 "GET /media/CACHE/images/products/1000525137/d524deef77040408ba374cdbdf1fc40d.jpg HTTP/1.1" 304 0
INFO 2026-07-07 11:52:37,132 basehttp 17568 9588 "GET /media/CACHE/images/products/1000525605/8724b7df91532d4620233c1e684c72e2.jpg HTTP/1.1" 304 0
INFO 2026-07-07 11:52:37,132 basehttp 17568 16704 "GET /media/CACHE/images/products/1000533259/f9b57ffe4828592f65f3ea4986245da3.jpg HTTP/1.1" 304 0
INFO 2026-07-07 11:52:37,133 basehttp 17568 13412 "GET /media/CACHE/images/products/1000520278/4c3e56336b4bbfb8a95fb04d3321962f.jpg HTTP/1.1" 304 0
INFO 2026-07-07 11:52:37,133 basehttp 17568 6824 "GET /media/CACHE/images/products/1000520279/99d957fe1d54b29ce9162264ba09f50c.jpg HTTP/1.1" 304 0
INFO 2026-07-07 11:52:37,136 basehttp 17568 16704 "GET /media/CACHE/images/products/1000520280/545032179b16962a7284f90a66cb8525.jpg HTTP/1.1" 304 0
INFO 2026-07-07 11:52:37,139 basehttp 17568 6824 "GET /media/CACHE/images/products/1000520281/276306244df2b4a17b37d8ec06f9043d.jpg HTTP/1.1" 304 0
INFO 2026-07-07 11:52:39,771 basehttp 17568 6824 "GET /shop/?category=earphones HTTP/1.1" 200 46723
INFO 2026-07-07 11:52:39,872 basehttp 17568 6824 "GET /media/CACHE/images/products/1000525141/173d05edb9fc28ed5a313e885994fb8d.jpg HTTP/1.1" 304 0
INFO 2026-07-07 11:52:39,887 basehttp 17568 6824 "GET /media/CACHE/images/products/1000525138/40fec679c7bc23f1adbe1f2a1338cb36.jpg HTTP/1.1" 304 0
INFO 2026-07-07 11:52:42,054 basehttp 17568 6824 "GET /shop/?category=other-accessories HTTP/1.1" 200 49917
INFO 2026-07-07 11:52:42,102 basehttp 17568 16704 "GET /media/CACHE/images/products/1000526987/a6d5a5e42638bdf81f7b75683fe48a56.jpg HTTP/1.1" 304 0
INFO 2026-07-07 11:52:42,102 basehttp 17568 13412 "GET /media/CACHE/images/products/1000526968/02476a1d1a2f6c83ad55fc518197d54c.jpg HTTP/1.1" 304 0
INFO 2026-07-07 11:52:42,102 basehttp 17568 6824 "GET /media/CACHE/images/products/1000526988/297d1fbbf43ffd3ca8b68220c3a2f140.jpg HTTP/1.1" 304 0
INFO 2026-07-07 11:52:42,118 basehttp 17568 6824 "GET /media/CACHE/images/products/1000525140/b6ce580056a4f7bf6bed510249a1d7ca.jpg HTTP/1.1" 304 0
INFO 2026-07-07 11:52:42,130 basehttp 17568 13412 "GET /media/CACHE/images/products/1000525143/ec3192406c59c64742bd6703212d9588.jpg HTTP/1.1" 200 9515
INFO 2026-07-07 11:52:44,134 basehttp 17568 13412 "GET /shop/oraimo-safe-volt-surge-protector-tv-fridge-guard-1/ HTTP/1.1" 200 48527
INFO 2026-07-07 11:52:54,283 basehttp 17568 13412 "GET / HTTP/1.1" 200 59546
INFO 2026-07-07 11:52:54,328 basehttp 17568 13412 "GET /media/products/1000533260.jpg HTTP/1.1" 304 0
INFO 2026-07-07 11:53:01,151 basehttp 17568 13412 "GET /shop/?category=home-appliances HTTP/1.1" 200 45673
INFO 2026-07-07 11:53:07,777 basehttp 17568 13412 "GET /shop/?category=other-accessories HTTP/1.1" 200 49917
INFO 2026-07-07 11:53:07,815 basehttp 17568 13412 "GET /media/CACHE/images/products/1000525143/ec3192406c59c64742bd6703212d9588.jpg HTTP/1.1" 304 0
INFO 2026-07-07 11:53:14,647 basehttp 17568 13412 "GET /shop/?category=powerbanks HTTP/1.1" 200 50975
INFO 2026-07-07 11:53:14,691 basehttp 17568 6824 "GET /media/CACHE/images/products/1000526985/ea2101abe7212401b5af667637e000f4.jpg HTTP/1.1" 304 0
INFO 2026-07-07 11:53:14,691 basehttp 17568 4604 "GET /media/CACHE/images/products/1000525145/b445642a1897efb9256f6606c12f861a.jpg HTTP/1.1" 304 0
INFO 2026-07-07 11:53:14,691 basehttp 17568 9588 "GET /media/CACHE/images/products/1000526983/59a2f0e6a76fb3a0abaf510e68d6861f.jpg HTTP/1.1" 304 0
INFO 2026-07-07 11:53:14,691 basehttp 17568 16704 "GET /media/CACHE/images/products/1000526984/2679c5d1935863a487471bfaaebbd5f6.jpg HTTP/1.1" 304 0
INFO 2026-07-07 11:53:14,691 basehttp 17568 13412 "GET /media/CACHE/images/products/1000526986/4c42d7f070fd16fcc4c9e9e771277a3f.jpg HTTP/1.1" 304 0
INFO 2026-07-07 11:53:16,762 basehttp 17568 13412 "GET /shop/?category=earphones HTTP/1.1" 200 46723
INFO 2026-07-07 11:53:18,112 basehttp 17568 13412 "GET /shop/?category=other-accessories HTTP/1.1" 200 49917
INFO 2026-07-07 11:53:18,151 basehttp 17568 13412 "GET /media/CACHE/images/products/1000525143/ec3192406c59c64742bd6703212d9588.jpg HTTP/1.1" 304 0
INFO 2026-07-07 11:53:19,145 basehttp 17568 13412 "GET /shop/?category=powerbanks HTTP/1.1" 200 50975
INFO 2026-07-07 11:53:21,291 basehttp 17568 13412 "GET /shop/?category=other-accessories HTTP/1.1" 200 49917
INFO 2026-07-07 11:53:39,135 basehttp 17568 11104 "GET /admin/shop/product/ HTTP/1.1" 200 35767
INFO 2026-07-07 11:53:39,516 basehttp 17568 5960 "GET /static/admin/css/changelists.css HTTP/1.1" 200 6878
INFO 2026-07-07 11:53:39,521 basehttp 17568 2180 "GET /admin/jsi18n/ HTTP/1.1" 200 3342
INFO 2026-07-07 11:53:41,172 basehttp 17568 5960 "GET /admin/shop/product/36/change/ HTTP/1.1" 200 27292
INFO 2026-07-07 11:53:41,428 basehttp 17568 2180 "GET /admin/jsi18n/ HTTP/1.1" 200 3342
INFO 2026-07-07 11:53:41,634 basehttp 17568 2180 "GET /static/admin/js/prepopulate_init.js HTTP/1.1" 200 586
INFO 2026-07-07 11:53:41,635 basehttp 17568 18440 "GET /static/admin/css/forms.css HTTP/1.1" 200 8525
INFO 2026-07-07 11:53:41,635 basehttp 17568 4224 "GET /static/admin/js/inlines.js HTTP/1.1" 200 15628
INFO 2026-07-07 11:53:42,247 basehttp 17568 4224 "GET /static/admin/js/change_form.js HTTP/1.1" 200 606
INFO 2026-07-07 11:53:42,247 basehttp 17568 2180 "GET /static/admin/css/widgets.css HTTP/1.1" 200 11973
INFO 2026-07-07 11:53:42,454 basehttp 17568 2180 "GET /static/admin/img/inline-delete.svg HTTP/1.1" 200 537
INFO 2026-07-07 11:53:55,332 basehttp 17568 2180 "POST /admin/shop/product/36/change/ HTTP/1.1" 302 0
INFO 2026-07-07 11:53:55,632 basehttp 17568 2180 "GET /admin/shop/product/ HTTP/1.1" 200 36040
INFO 2026-07-07 11:53:55,921 basehttp 17568 4224 "GET /admin/jsi18n/ HTTP/1.1" 200 3342
INFO 2026-07-07 11:54:04,243 basehttp 17568 18440 - Broken pipe from ('192.168.0.103', 47130)
INFO 2026-07-07 11:54:04,244 basehttp 17568 2180 - Broken pipe from ('192.168.0.103', 47126)
INFO 2026-07-07 11:54:04,244 basehttp 17568 4224 - Broken pipe from ('192.168.0.103', 47132)
INFO 2026-07-07 11:54:04,244 basehttp 17568 5960 - Broken pipe from ('192.168.0.103', 47116)
INFO 2026-07-07 11:54:29,528 basehttp 17568 13412 "GET /shop/?category=other-accessories HTTP/1.1" 200 48832
INFO 2026-07-07 11:54:29,577 basehttp 17568 13412 "GET /media/CACHE/images/products/1000525143/ec3192406c59c64742bd6703212d9588.jpg HTTP/1.1" 304 0
INFO 2026-07-07 11:54:45,718 basehttp 17568 13412 "GET /shop/ HTTP/1.1" 200 57753
INFO 2026-07-07 11:54:45,789 basehttp 17568 13412 "GET /media/CACHE/images/products/1000533260/cc9415acb28224a87fcc5efb6469a097.jpg HTTP/1.1" 304 0
WARNING 2026-07-07 11:55:22,483 basehttp 17568 13412 "GET /.well-known/appspecific/com.chrome.devtools.json HTTP/1.1" 404 3598
INFO 2026-07-07 11:57:52,452 basehttp 17568 13412 "GET /shop/ HTTP/1.1" 200 57753
INFO 2026-07-07 11:57:55,772 basehttp 17568 13412 "POST /basket/add/37/ HTTP/1.1" 200 57
INFO 2026-07-07 11:57:57,369 basehttp 17568 13412 "POST /basket/add/37/ HTTP/1.1" 200 58
INFO 2026-07-07 11:58:03,898 basehttp 17568 13412 "GET /shop/?category=neckbands HTTP/1.1" 200 47687
INFO 2026-07-07 11:58:06,821 basehttp 17568 13412 "GET /shop/?category=neckbands HTTP/1.1" 200 47687
INFO 2026-07-07 11:58:10,430 basehttp 17568 13412 "GET /shop/?category=neckbands HTTP/1.1" 200 47687
INFO 2026-07-07 11:58:10,590 basehttp 17568 13412 "GET /shop/?category=neckbands HTTP/1.1" 200 47687
INFO 2026-07-07 11:58:10,755 basehttp 17568 13412 "GET /shop/?category=neckbands HTTP/1.1" 200 47687
INFO 2026-07-07 11:58:10,904 basehttp 17568 13412 "GET /shop/?category=neckbands HTTP/1.1" 200 47687
INFO 2026-07-07 11:58:11,971 basehttp 17568 13412 "GET / HTTP/1.1" 200 59546
INFO 2026-07-07 11:58:13,498 basehttp 17568 13412 "GET /shop/ HTTP/1.1" 200 57753
INFO 2026-07-07 11:58:15,530 basehttp 17568 13412 "POST /basket/add/37/ HTTP/1.1" 200 58
INFO 2026-07-07 11:59:58,871 basehttp 17568 13412 "GET /shop/ HTTP/1.1" 200 56830
INFO 2026-07-07 11:59:58,916 basehttp 17568 13412 "GET /media/CACHE/images/products/1000533260/cc9415acb28224a87fcc5efb6469a097.jpg HTTP/1.1" 304 0
INFO 2026-07-07 12:00:04,765 basehttp 17568 13412 "GET / HTTP/1.1" 200 59546
INFO 2026-07-07 12:00:04,806 basehttp 17568 13412 "GET /media/products/1000533260.jpg HTTP/1.1" 304 0
INFO 2026-07-07 12:00:06,415 basehttp 17568 13412 "GET /shop/ HTTP/1.1" 200 56830
INFO 2026-07-07 12:00:10,815 basehttp 17568 13412 "GET /shop/?page=2 HTTP/1.1" 200 56923
INFO 2026-07-07 12:00:10,875 basehttp 17568 13412 "GET /media/CACHE/images/products/1000525143/ec3192406c59c64742bd6703212d9588.jpg HTTP/1.1" 304 0
INFO 2026-07-07 12:00:10,876 basehttp 17568 6056 "GET /media/CACHE/images/products/1000525141/173d05edb9fc28ed5a313e885994fb8d.jpg HTTP/1.1" 304 0
INFO 2026-07-07 12:00:10,876 basehttp 17568 5356 "GET /media/CACHE/images/products/1000525140/b6ce580056a4f7bf6bed510249a1d7ca.jpg HTTP/1.1" 304 0
INFO 2026-07-07 12:00:10,877 basehttp 17568 15952 "GET /media/CACHE/images/products/1000525138/40fec679c7bc23f1adbe1f2a1338cb36.jpg HTTP/1.1" 304 0
INFO 2026-07-07 12:00:10,934 basehttp 17568 6056 "GET /media/CACHE/images/products/1000533259/f9b57ffe4828592f65f3ea4986245da3.jpg HTTP/1.1" 304 0
INFO 2026-07-07 12:00:10,936 basehttp 17568 15952 "GET /media/CACHE/images/products/1000525135/39069687558e0fc27f6170d301e71e5c.jpg HTTP/1.1" 200 15713
INFO 2026-07-07 12:00:10,936 basehttp 17568 5356 "GET /media/CACHE/images/products/1000525134/a410fb3310a83fd69841dd50d9589f5e.jpg HTTP/1.1" 200 17262
INFO 2026-07-07 12:00:18,870 basehttp 17568 15952 "GET /shop/?page=3 HTTP/1.1" 200 56631
INFO 2026-07-07 12:00:18,938 basehttp 17568 5356 "GET /media/CACHE/images/products/1000520283/287fa8f31b5731db46e0898fcda9bb2f.jpg HTTP/1.1" 304 0
INFO 2026-07-07 12:00:18,939 basehttp 17568 13412 "GET /media/CACHE/images/products/1000520285/cbeff160caf06b93f26e31f42171cd03.jpg HTTP/1.1" 304 0
INFO 2026-07-07 12:00:18,939 basehttp 17568 6056 "GET /media/CACHE/images/products/1000520284/fb162ab8aa479bb8709e09471a4a7eb5.jpg HTTP/1.1" 304 0
INFO 2026-07-07 12:00:18,939 basehttp 17568 15952 "GET /media/CACHE/images/products/1000520282/c63852182170918f0def7be632ee740c.jpg HTTP/1.1" 304 0
INFO 2026-07-07 12:00:18,954 basehttp 17568 15952 "GET /media/CACHE/images/products/1000520287/136f24031181c8394b11ca41939694fb.jpg HTTP/1.1" 304 0
INFO 2026-07-07 12:00:18,968 basehttp 17568 15952 "GET /media/CACHE/images/products/1000520286/18c7df93a472d70c21515070ce7d3545.jpg HTTP/1.1" 304 0
INFO 2026-07-07 12:00:31,169 basehttp 17568 15952 "GET /shop/?page=3&sort=price_asc HTTP/1.1" 200 56851
INFO 2026-07-07 12:00:40,428 basehttp 17568 15952 "GET /shop/ HTTP/1.1" 200 56830
INFO 2026-07-07 12:00:46,001 basehttp 17568 15952 "GET /shop/?sort=price_desc HTTP/1.1" 200 56818
INFO 2026-07-07 12:00:56,745 basehttp 17568 15952 "GET /shop/oraimo-watch-nova-am-201-amoled-smart-watch/ HTTP/1.1" 200 48256
INFO 2026-07-07 12:00:56,773 basehttp 17568 15952 "GET /media/products/1000533259.jpg HTTP/1.1" 304 0
INFO 2026-07-07 12:09:07,926 basehttp 17568 2976 "GET /shop/?sort=price_desc HTTP/1.1" 200 55968
INFO 2026-07-07 12:09:08,039 basehttp 17568 2976 "GET /media/products/1000533259.jpg HTTP/1.1" 304 0
INFO 2026-07-07 12:17:05,538 basehttp 17568 7576 "GET /shop/?sort=price_desc HTTP/1.1" 200 56818
INFO 2026-07-07 12:17:05,631 basehttp 17568 7576 "GET /media/CACHE/images/products/1000526985/ea2101abe7212401b5af667637e000f4.jpg HTTP/1.1" 304 0
INFO 2026-07-07 12:17:05,632 basehttp 17568 15376 "GET /media/CACHE/images/products/1000526986/4c42d7f070fd16fcc4c9e9e771277a3f.jpg HTTP/1.1" 304 0
INFO 2026-07-07 12:17:05,636 basehttp 17568 3976 "GET /media/CACHE/images/products/1000525136/718bfb385645c985e07f8d996dc51171.jpg HTTP/1.1" 304 0
INFO 2026-07-07 12:17:05,639 basehttp 17568 7972 "GET /media/CACHE/images/products/1000458382_rsJgChZ/30dd837e52793d629b890826135cfa49.jpg HTTP/1.1" 304 0
INFO 2026-07-07 12:17:05,643 basehttp 17568 7576 "GET /media/CACHE/images/products/1000533259/f9b57ffe4828592f65f3ea4986245da3.jpg HTTP/1.1" 304 0
INFO 2026-07-07 12:17:05,644 basehttp 17568 15696 "GET /media/CACHE/images/products/1000520281/276306244df2b4a17b37d8ec06f9043d.jpg HTTP/1.1" 304 0
INFO 2026-07-07 12:17:05,646 basehttp 17568 2384 "GET /media/CACHE/images/products/1000525605/8724b7df91532d4620233c1e684c72e2.jpg HTTP/1.1" 304 0
INFO 2026-07-07 12:17:05,646 basehttp 17568 15376 "GET /media/CACHE/images/products/1000520286/18c7df93a472d70c21515070ce7d3545.jpg HTTP/1.1" 304 0
INFO 2026-07-07 12:17:05,718 basehttp 17568 2384 "GET /media/CACHE/images/products/1000520280/545032179b16962a7284f90a66cb8525.jpg HTTP/1.1" 304 0
INFO 2026-07-07 12:17:05,718 basehttp 17568 15376 "GET /media/CACHE/images/products/1000520284/fb162ab8aa479bb8709e09471a4a7eb5.jpg HTTP/1.1" 304 0
INFO 2026-07-07 12:17:34,288 basehttp 17568 15376 "GET /shop/?sort=price_desc HTTP/1.1" 200 56814
INFO 2026-07-07 12:17:39,846 basehttp 17568 15376 "GET /shop/?sort=price_desc HTTP/1.1" 200 56814
INFO 2026-07-07 12:17:49,938 basehttp 17568 15376 "GET / HTTP/1.1" 200 59546
INFO 2026-07-07 12:17:50,084 basehttp 17568 15376 "GET /media/products/1000533260.jpg HTTP/1.1" 304 0
INFO 2026-07-07 12:17:51,533 basehttp 17568 15376 "GET /shop/ HTTP/1.1" 200 56826
INFO 2026-07-07 12:17:51,635 basehttp 17568 15376 "GET /media/CACHE/images/products/1000526988/297d1fbbf43ffd3ca8b68220c3a2f140.jpg HTTP/1.1" 304 0
INFO 2026-07-07 12:17:51,651 basehttp 17568 15376 "GET /media/CACHE/images/products/1000526987/a6d5a5e42638bdf81f7b75683fe48a56.jpg HTTP/1.1" 304 0
INFO 2026-07-07 12:17:51,652 basehttp 17568 2384 "GET /media/CACHE/images/products/1000526984/2679c5d1935863a487471bfaaebbd5f6.jpg HTTP/1.1" 304 0
INFO 2026-07-07 12:17:51,652 basehttp 17568 7576 "GET /media/CACHE/images/products/1000526975/d6f426988a94ff6a989535d30a8bdf11.jpg HTTP/1.1" 304 0
INFO 2026-07-07 12:17:51,653 basehttp 17568 15696 "GET /media/CACHE/images/products/1000526983/59a2f0e6a76fb3a0abaf510e68d6861f.jpg HTTP/1.1" 304 0
INFO 2026-07-07 12:17:51,653 basehttp 17568 7972 "GET /media/CACHE/images/products/1000533260/cc9415acb28224a87fcc5efb6469a097.jpg HTTP/1.1" 304 0
INFO 2026-07-07 12:17:51,656 basehttp 17568 2384 "GET /media/CACHE/images/products/1000526968/02476a1d1a2f6c83ad55fc518197d54c.jpg HTTP/1.1" 304 0
INFO 2026-07-07 12:17:51,659 basehttp 17568 7972 "GET /media/CACHE/images/products/1000525145/b445642a1897efb9256f6606c12f861a.jpg HTTP/1.1" 304 0
INFO 2026-07-07 12:17:51,663 basehttp 17568 7972 "GET /media/CACHE/images/products/1000525144/5e5e36fd76329969727589b2982273fa.jpg HTTP/1.1" 304 0
INFO 2026-07-07 12:18:04,547 basehttp 17568 7972 "GET / HTTP/1.1" 200 59546
INFO 2026-07-07 12:18:05,951 basehttp 17568 7972 "GET /shop/ HTTP/1.1" 200 59734
INFO 2026-07-07 12:18:15,076 basehttp 17568 7972 "GET /shop/ HTTP/1.1" 200 61386
INFO 2026-07-07 12:18:28,249 basehttp 17568 7972 "GET / HTTP/1.1" 200 59546
INFO 2026-07-07 12:18:30,368 basehttp 17568 7972 "GET /shop/ HTTP/1.1" 200 56826
INFO 2026-07-07 12:18:38,423 basehttp 17568 7972 "GET /shop/ HTTP/1.1" 200 56826
INFO 2026-07-07 12:19:11,503 basehttp 17568 7972 "GET /shop/ HTTP/1.1" 200 60118
INFO 2026-07-07 12:19:23,352 basehttp 17568 7972 "GET /shop/ HTTP/1.1" 200 56830
INFO 2026-07-07 12:19:33,733 basehttp 17568 7972 "GET /shop/?page=2 HTTP/1.1" 200 56923
INFO 2026-07-07 12:19:33,794 basehttp 17568 7972 "GET /media/CACHE/images/products/1000525143/ec3192406c59c64742bd6703212d9588.jpg HTTP/1.1" 304 0
INFO 2026-07-07 12:19:33,806 basehttp 17568 7972 "GET /media/CACHE/images/products/1000525141/173d05edb9fc28ed5a313e885994fb8d.jpg HTTP/1.1" 304 0
INFO 2026-07-07 12:19:33,807 basehttp 17568 2384 "GET /media/CACHE/images/products/1000525140/b6ce580056a4f7bf6bed510249a1d7ca.jpg HTTP/1.1" 304 0
INFO 2026-07-07 12:19:33,807 basehttp 17568 7576 "GET /media/CACHE/images/products/1000525139/e65d5659a406c50c9f3ccbddd26ed2ea.jpg HTTP/1.1" 304 0
INFO 2026-07-07 12:19:33,807 basehttp 17568 15376 "GET /media/CACHE/images/products/1000525137/d524deef77040408ba374cdbdf1fc40d.jpg HTTP/1.1" 304 0
INFO 2026-07-07 12:19:33,807 basehttp 17568 15696 "GET /media/CACHE/images/products/1000525138/40fec679c7bc23f1adbe1f2a1338cb36.jpg HTTP/1.1" 304 0
INFO 2026-07-07 12:19:33,865 basehttp 17568 2384 "GET /media/CACHE/images/products/1000525134/a410fb3310a83fd69841dd50d9589f5e.jpg HTTP/1.1" 304 0
INFO 2026-07-07 12:19:33,865 basehttp 17568 15696 "GET /media/CACHE/images/products/1000525135/39069687558e0fc27f6170d301e71e5c.jpg HTTP/1.1" 304 0
INFO 2026-07-07 12:19:33,865 basehttp 17568 7576 "GET /media/CACHE/images/products/1000520278/4c3e56336b4bbfb8a95fb04d3321962f.jpg HTTP/1.1" 304 0
INFO 2026-07-07 12:19:54,220 basehttp 17568 7576 "GET /shop/?category=neckbands HTTP/1.1" 200 47456
INFO 2026-07-07 12:19:54,276 basehttp 17568 7576 "GET /media/CACHE/images/products/1000520257/f40a1ede030896459b8626e50eed00f3.jpg HTTP/1.1" 304 0
INFO 2026-07-07 12:19:54,276 basehttp 17568 2384 "GET /media/CACHE/images/products/1000520234_SBppChd/65ade931060e403151ccc0364eeeb677.jpg HTTP/1.1" 304 0
INFO 2026-07-07 12:19:57,340 basehttp 17568 2384 "POST /basket/add/2/ HTTP/1.1" 200 58
INFO 2026-07-07 12:23:49,493 basehttp 17568 2384 "GET /shop/?category=neckbands HTTP/1.1" 200 47456
INFO 2026-07-07 12:23:51,070 basehttp 17568 2384 "GET /shop/?category=neckbands HTTP/1.1" 200 47456
INFO 2026-07-07 12:23:52,199 basehttp 17568 2384 "GET / HTTP/1.1" 200 59546
INFO 2026-07-07 12:23:53,624 basehttp 17568 2384 "GET /shop/ HTTP/1.1" 200 56830
INFO 2026-07-07 12:23:53,773 basehttp 17568 2384 "GET /media/CACHE/images/products/1000533260/cc9415acb28224a87fcc5efb6469a097.jpg HTTP/1.1" 304 0
INFO 2026-07-07 12:24:07,279 basehttp 17568 2384 "POST /basket/add/35/ HTTP/1.1" 200 59
INFO 2026-07-07 12:26:00,979 basehttp 17568 2384 "POST /basket/add/37/ HTTP/1.1" 200 59
INFO 2026-07-07 12:26:06,901 basehttp 17568 2384 "GET / HTTP/1.1" 200 59546
INFO 2026-07-07 12:42:25,391 basehttp 17568 16168 "GET /shop/ HTTP/1.1" 200 56830
INFO 2026-07-07 12:42:25,498 basehttp 17568 12096 "GET /media/CACHE/images/products/1000526987/a6d5a5e42638bdf81f7b75683fe48a56.jpg HTTP/1.1" 304 0
INFO 2026-07-07 12:42:25,498 basehttp 17568 16168 "GET /media/CACHE/images/products/1000526988/297d1fbbf43ffd3ca8b68220c3a2f140.jpg HTTP/1.1" 304 0
INFO 2026-07-07 12:42:25,505 basehttp 17568 12584 "GET /media/CACHE/images/products/1000526986/4c42d7f070fd16fcc4c9e9e771277a3f.jpg HTTP/1.1" 304 0
INFO 2026-07-07 12:42:25,505 basehttp 17568 10404 "GET /media/CACHE/images/products/1000526985/ea2101abe7212401b5af667637e000f4.jpg HTTP/1.1" 304 0
INFO 2026-07-07 12:42:25,507 basehttp 17568 19996 "GET /media/CACHE/images/products/1000526984/2679c5d1935863a487471bfaaebbd5f6.jpg HTTP/1.1" 304 0
INFO 2026-07-07 12:42:25,511 basehttp 17568 19116 "GET /media/CACHE/images/products/1000526983/59a2f0e6a76fb3a0abaf510e68d6861f.jpg HTTP/1.1" 304 0
INFO 2026-07-07 12:42:25,557 basehttp 17568 19116 "GET /media/CACHE/images/products/1000526975/d6f426988a94ff6a989535d30a8bdf11.jpg HTTP/1.1" 304 0
INFO 2026-07-07 12:42:25,572 basehttp 17568 12584 "GET /media/CACHE/images/products/1000525144/5e5e36fd76329969727589b2982273fa.jpg HTTP/1.1" 304 0
INFO 2026-07-07 12:42:25,572 basehttp 17568 19116 "GET /media/CACHE/images/products/1000533260/cc9415acb28224a87fcc5efb6469a097.jpg HTTP/1.1" 304 0
INFO 2026-07-07 12:42:25,573 basehttp 17568 10404 "GET /media/CACHE/images/products/1000525145/b445642a1897efb9256f6606c12f861a.jpg HTTP/1.1" 304 0
INFO 2026-07-07 12:42:25,574 basehttp 17568 19996 "GET /media/CACHE/images/products/1000526968/02476a1d1a2f6c83ad55fc518197d54c.jpg HTTP/1.1" 304 0
INFO 2026-07-07 12:42:30,962 basehttp 17568 19996 "GET /shop/?sort=price_desc HTTP/1.1" 200 56818
INFO 2026-07-07 12:42:31,028 basehttp 17568 19996 "GET /media/CACHE/images/products/1000525135/39069687558e0fc27f6170d301e71e5c.jpg HTTP/1.1" 304 0
INFO 2026-07-07 12:42:31,028 basehttp 17568 10404 "GET /media/CACHE/images/products/1000458382_rsJgChZ/30dd837e52793d629b890826135cfa49.jpg HTTP/1.1" 304 0
INFO 2026-07-07 12:42:31,048 basehttp 17568 10404 "GET /media/CACHE/images/products/1000525136/718bfb385645c985e07f8d996dc51171.jpg HTTP/1.1" 304 0
INFO 2026-07-07 12:42:31,066 basehttp 17568 19996 "GET /media/CACHE/images/products/1000533259/f9b57ffe4828592f65f3ea4986245da3.jpg HTTP/1.1" 304 0
INFO 2026-07-07 12:42:31,066 basehttp 17568 19116 "GET /media/CACHE/images/products/1000520286/18c7df93a472d70c21515070ce7d3545.jpg HTTP/1.1" 304 0
INFO 2026-07-07 12:42:31,066 basehttp 17568 10404 "GET /media/CACHE/images/products/1000520281/276306244df2b4a17b37d8ec06f9043d.jpg HTTP/1.1" 304 0
INFO 2026-07-07 12:42:31,093 basehttp 17568 19116 "GET /media/CACHE/images/products/1000525134/a410fb3310a83fd69841dd50d9589f5e.jpg HTTP/1.1" 304 0
INFO 2026-07-07 12:42:31,093 basehttp 17568 10404 "GET /media/CACHE/images/products/1000525605/8724b7df91532d4620233c1e684c72e2.jpg HTTP/1.1" 304 0
INFO 2026-07-07 12:42:31,099 basehttp 17568 19116 "GET /media/CACHE/images/products/1000520280/545032179b16962a7284f90a66cb8525.jpg HTTP/1.1" 304 0
INFO 2026-07-07 12:42:31,103 basehttp 17568 10404 "GET /media/CACHE/images/products/1000520284/fb162ab8aa479bb8709e09471a4a7eb5.jpg HTTP/1.1" 304 0
INFO 2026-07-07 12:42:49,203 basehttp 17568 10404 "GET / HTTP/1.1" 200 59546
INFO 2026-07-07 12:42:49,251 basehttp 17568 10404 "GET /media/products/1000533260.jpg HTTP/1.1" 304 0
INFO 2026-07-07 12:43:43,769 basehttp 17568 10404 "GET /shop/ HTTP/1.1" 200 56830
INFO 2026-07-07 12:45:06,443 autoreload 11108 14300 Watching for file changes with StatReloader
INFO 2026-07-07 12:45:09,293 basehttp 11108 13916 "GET /shop/ HTTP/1.1" 200 56830
INFO 2026-07-07 12:45:12,980 basehttp 11108 6664 "GET / HTTP/1.1" 200 59546
INFO 2026-07-07 12:45:15,281 basehttp 11108 6664 "GET /shop/ HTTP/1.1" 200 56830
INFO 2026-07-07 12:45:19,677 basehttp 11108 6664 "GET /shop/?page=2 HTTP/1.1" 200 56923
INFO 2026-07-07 12:45:19,735 basehttp 11108 6664 "GET /media/CACHE/images/products/1000525143/ec3192406c59c64742bd6703212d9588.jpg HTTP/1.1" 304 0
INFO 2026-07-07 12:45:19,740 basehttp 11108 20000 "GET /media/CACHE/images/products/1000525141/173d05edb9fc28ed5a313e885994fb8d.jpg HTTP/1.1" 304 0
INFO 2026-07-07 12:45:19,742 basehttp 11108 15464 "GET /media/CACHE/images/products/1000525140/b6ce580056a4f7bf6bed510249a1d7ca.jpg HTTP/1.1" 304 0
INFO 2026-07-07 12:45:19,743 basehttp 11108 6664 "GET /media/CACHE/images/products/1000525139/e65d5659a406c50c9f3ccbddd26ed2ea.jpg HTTP/1.1" 304 0
INFO 2026-07-07 12:45:19,745 basehttp 11108 4016 "GET /media/CACHE/images/products/1000525138/40fec679c7bc23f1adbe1f2a1338cb36.jpg HTTP/1.1" 304 0
INFO 2026-07-07 12:45:19,746 basehttp 11108 20176 "GET /media/CACHE/images/products/1000525137/d524deef77040408ba374cdbdf1fc40d.jpg HTTP/1.1" 304 0
INFO 2026-07-07 12:45:19,779 basehttp 11108 20176 "GET /media/CACHE/images/products/1000520278/4c3e56336b4bbfb8a95fb04d3321962f.jpg HTTP/1.1" 304 0
INFO 2026-07-07 12:45:23,411 basehttp 11108 20176 "GET /shop/?page=3 HTTP/1.1" 200 56631
INFO 2026-07-07 12:45:23,499 basehttp 11108 20176 "GET /media/CACHE/images/products/1000520279/99d957fe1d54b29ce9162264ba09f50c.jpg HTTP/1.1" 304 0
INFO 2026-07-07 12:45:23,519 basehttp 11108 20176 "GET /media/CACHE/images/products/1000520282/c63852182170918f0def7be632ee740c.jpg HTTP/1.1" 304 0
INFO 2026-07-07 12:45:23,526 basehttp 11108 15464 "GET /media/CACHE/images/products/1000520287/136f24031181c8394b11ca41939694fb.jpg HTTP/1.1" 304 0
INFO 2026-07-07 12:45:23,526 basehttp 11108 4016 "GET /media/CACHE/images/products/1000520283/287fa8f31b5731db46e0898fcda9bb2f.jpg HTTP/1.1" 304 0
INFO 2026-07-07 12:45:23,526 basehttp 11108 6664 "GET /media/CACHE/images/products/1000520285/cbeff160caf06b93f26e31f42171cd03.jpg HTTP/1.1" 304 0
INFO 2026-07-07 12:45:23,526 basehttp 11108 20000 "GET /media/CACHE/images/products/1000520257/f40a1ede030896459b8626e50eed00f3.jpg HTTP/1.1" 304 0
INFO 2026-07-07 12:45:23,526 basehttp 11108 5432 "GET /media/CACHE/images/products/1000520234_SBppChd/65ade931060e403151ccc0364eeeb677.jpg HTTP/1.1" 304 0
INFO 2026-07-07 12:45:33,218 basehttp 11108 5432 "GET /shop/?category=neckbands HTTP/1.1" 200 47456
INFO 2026-07-07 12:45:34,230 basehttp 11108 5432 "GET /shop/ HTTP/1.1" 200 56830
INFO 2026-07-07 12:45:37,326 basehttp 11108 5432 "GET /shop/?sort=price_desc HTTP/1.1" 200 56818
INFO 2026-07-07 12:45:43,604 basehttp 11108 5432 "GET / HTTP/1.1" 200 59546
INFO 2026-07-07 12:45:58,745 basehttp 11108 5432 "GET /shop/oraimo-nimbletype-wireless-keyboard-mouse-kit/ HTTP/1.1" 200 47547
INFO 2026-07-07 12:49:43,331 basehttp 11108 5432 "GET / HTTP/1.1" 200 59546
INFO 2026-07-07 12:49:49,318 basehttp 11108 5432 "GET /shop/ HTTP/1.1" 200 58953
INFO 2026-07-07 12:49:56,429 basehttp 11108 5432 "GET /shop/?page=2 HTTP/1.1" 200 59047
INFO 2026-07-07 12:50:04,316 basehttp 11108 5432 "GET / HTTP/1.1" 200 59546
INFO 2026-07-07 12:50:10,602 basehttp 11108 5432 "GET /shop/ HTTP/1.1" 200 58953
INFO 2026-07-07 12:50:21,883 basehttp 11108 5432 "GET /shop/?category=neckbands HTTP/1.1" 200 47987
INFO 2026-07-07 12:50:22,872 basehttp 11108 5432 "GET /shop/?category=earpods HTTP/1.1" 200 51503
INFO 2026-07-07 12:50:22,979 basehttp 11108 5432 "GET /media/CACHE/images/products/1000520284/fb162ab8aa479bb8709e09471a4a7eb5.jpg HTTP/1.1" 304 0
INFO 2026-07-07 12:50:22,979 basehttp 11108 6664 "GET /media/CACHE/images/products/1000520286/18c7df93a472d70c21515070ce7d3545.jpg HTTP/1.1" 304 0
INFO 2026-07-07 12:50:23,977 basehttp 11108 6664 "GET /shop/?category=smart-watches HTTP/1.1" 200 57211
INFO 2026-07-07 12:50:24,998 basehttp 11108 6664 "GET /shop/?category=speakers HTTP/1.1" 200 46901
INFO 2026-07-07 12:50:25,896 basehttp 11108 6664 "GET /shop/?category=earphones HTTP/1.1" 200 46913
INFO 2026-07-07 12:50:26,781 basehttp 11108 6664 "GET /shop/?category=other-accessories HTTP/1.1" 200 49232
INFO 2026-07-07 12:50:27,704 basehttp 11108 6664 "GET /shop/?category=powerbanks HTTP/1.1" 200 51565
INFO 2026-07-07 12:50:29,315 basehttp 11108 6664 "GET /shop/?category=home-appliances HTTP/1.1" 200 46938
INFO 2026-07-07 12:50:36,698 basehttp 11108 6664 "GET /shop/ HTTP/1.1" 200 58953
INFO 2026-07-07 12:50:44,538 basehttp 11108 6664 "GET / HTTP/1.1" 200 59546
INFO 2026-07-07 12:51:01,665 basehttp 11108 6664 "GET /shop/?category=neckbands HTTP/1.1" 200 47987
INFO 2026-07-07 12:51:03,226 basehttp 11108 6664 "GET /shop/?category=earpods HTTP/1.1" 200 51503
INFO 2026-07-07 12:51:03,276 basehttp 11108 6664 "GET /media/CACHE/images/products/1000520285/cbeff160caf06b93f26e31f42171cd03.jpg HTTP/1.1" 304 0
INFO 2026-07-07 12:51:04,297 basehttp 11108 6664 "GET /shop/ HTTP/1.1" 200 58953
INFO 2026-07-07 12:51:04,416 basehttp 11108 6664 "GET /media/CACHE/images/products/1000533260/cc9415acb28224a87fcc5efb6469a097.jpg HTTP/1.1" 304 0
INFO 2026-07-07 12:51:20,106 basehttp 11108 6664 "GET /shop/?page=3 HTTP/1.1" 200 58672
INFO 2026-07-07 12:51:22,138 basehttp 11108 6664 "GET / HTTP/1.1" 200 59546
INFO 2026-07-07 12:51:40,400 basehttp 11108 6664 "GET /shop/api/search/?q=yv HTTP/1.1" 200 2
INFO 2026-07-07 12:51:42,610 basehttp 11108 6664 "GET /shop/api/search/?q=bb HTTP/1.1" 200 158
INFO 2026-07-07 12:51:46,698 basehttp 11108 6664 "GET /shop/api/search/?q=th HTTP/1.1" 200 1459
INFO 2026-07-07 12:51:47,066 basehttp 11108 6664 "GET /shop/api/search/?q=the HTTP/1.1" 200 1459
INFO 2026-07-07 12:51:52,645 basehttp 11108 6664 "GET /shop/oraimo-powerdock-15w-magnetic-wireless-charging-pa/ HTTP/1.1" 200 47453
INFO 2026-07-07 12:52:31,868 basehttp 11108 6664 "GET / HTTP/1.1" 200 59546
INFO 2026-07-07 12:55:08,521 basehttp 11108 6664 "GET / HTTP/1.1" 200 59546
INFO 2026-07-07 12:55:08,578 basehttp 11108 6664 "GET /media/products/1000533260.jpg HTTP/1.1" 304 0
INFO 2026-07-07 12:55:10,769 basehttp 11108 6664 "GET / HTTP/1.1" 200 59546
INFO 2026-07-07 12:55:35,002 basehttp 11108 6664 "GET /shop/ HTTP/1.1" 200 59481
INFO 2026-07-07 14:03:56,089 basehttp 11108 4660 "GET / HTTP/1.1" 200 59546
INFO 2026-07-07 14:03:56,279 basehttp 11108 4660 "GET /media/products/1000533260.jpg HTTP/1.1" 304 0
INFO 2026-07-07 14:10:01,579 basehttp 11108 824 "GET / HTTP/1.1" 200 59546
INFO 2026-07-07 14:10:03,217 basehttp 11108 824 "GET /shop/ HTTP/1.1" 200 58071
INFO 2026-07-07 14:10:09,959 basehttp 11108 824 "GET /shop/?page=2 HTTP/1.1" 200 58150
INFO 2026-07-07 14:10:10,097 basehttp 11108 824 "GET /media/products/1000533259.jpg HTTP/1.1" 304 0
INFO 2026-07-07 14:10:14,129 basehttp 11108 824 "GET /shop/?page=3 HTTP/1.1" 200 57858
INFO 2026-07-07 14:10:17,649 basehttp 11108 824 "GET /shop/?page=3&sort=price_desc HTTP/1.1" 200 58066
INFO 2026-07-07 14:10:24,796 basehttp 11108 824 "GET /shop/?page=3&sort=price_asc HTTP/1.1" 200 58078
INFO 2026-07-07 14:10:28,198 basehttp 11108 824 "GET /shop/ HTTP/1.1" 200 58071
INFO 2026-07-07 14:10:30,733 basehttp 11108 824 "GET /shop/?sort=price_desc HTTP/1.1" 200 58045
INFO 2026-07-07 14:10:56,930 basehttp 11108 824 "GET /shop/ HTTP/1.1" 200 58071
INFO 2026-07-07 14:11:04,017 basehttp 11108 824 "GET /shop/oraimo-magnisonic-sonic-power-electric-toothbrush/ HTTP/1.1" 200 45853
INFO 2026-07-07 14:12:00,849 basehttp 11108 19320 "GET / HTTP/1.1" 200 60696
INFO 2026-07-07 14:12:04,087 basehttp 11108 18724 "GET /media/products/1000526987.jpg HTTP/1.1" 200 200624
INFO 2026-07-07 14:12:05,937 basehttp 11108 19320 "GET /media/products/1000526988.jpg HTTP/1.1" 200 953641
INFO 2026-07-07 14:12:06,553 basehttp 11108 4892 "GET /media/products/1000526985.jpg HTTP/1.1" 200 587190
INFO 2026-07-07 14:12:07,408 basehttp 11108 4892 "GET /media/products/1000526975.jpg HTTP/1.1" 200 166223
INFO 2026-07-07 14:12:09,890 basehttp 11108 10376 "GET /media/products/1000526986.jpg HTTP/1.1" 200 564906
INFO 2026-07-07 14:12:09,890 basehttp 11108 12424 "GET /media/products/1000526984.jpg HTTP/1.1" 200 453928
INFO 2026-07-07 14:12:10,060 basehttp 11108 19320 "GET /media/products/1000533260.jpg HTTP/1.1" 200 748555
INFO 2026-07-07 14:12:11,599 basehttp 11108 9120 "GET /media/products/1000526983.jpg HTTP/1.1" 200 748398
INFO 2026-07-07 14:13:11,038 basehttp 11108 9120 "GET / HTTP/1.1" 200 60696
INFO 2026-07-07 14:13:16,297 basehttp 11108 12424 "GET /media/products/1000526987.jpg HTTP/1.1" 200 200624
INFO 2026-07-07 14:13:16,831 basehttp 11108 19320 "GET /media/products/1000526984.jpg HTTP/1.1" 200 453928
INFO 2026-07-07 14:13:16,991 basehttp 11108 4892 "GET /media/products/1000526986.jpg HTTP/1.1" 200 564906
INFO 2026-07-07 14:13:18,647 basehttp 11108 4892 "GET / HTTP/1.1" 200 60696
INFO 2026-07-07 14:13:19,090 basehttp 11108 10376 - Broken pipe from ('192.168.0.103', 40784)
INFO 2026-07-07 14:13:19,254 basehttp 11108 9120 - Broken pipe from ('192.168.0.103', 40814)
INFO 2026-07-07 14:13:19,254 basehttp 11108 18724 - Broken pipe from ('192.168.0.103', 40774)
INFO 2026-07-07 14:13:21,229 basehttp 11108 18720 "GET /media/products/1000526983.jpg HTTP/1.1" 200 748398
INFO 2026-07-07 14:13:23,689 basehttp 11108 12424 "GET /media/products/1000526985.jpg HTTP/1.1" 200 587190
INFO 2026-07-07 14:13:24,209 basehttp 11108 19320 "GET /media/products/1000526988.jpg HTTP/1.1" 200 953641
INFO 2026-07-07 14:13:24,215 basehttp 11108 18720 "GET /admin/login/?next=/admin/ HTTP/1.1" 302 0
INFO 2026-07-07 14:13:24,692 basehttp 11108 18720 "GET /admin/ HTTP/1.1" 200 13403
INFO 2026-07-07 14:13:25,027 basehttp 11108 18720 "GET /static/admin/css/dark_mode.css HTTP/1.1" 200 2808
INFO 2026-07-07 14:13:25,027 basehttp 11108 4892 "GET /static/admin/css/dashboard.css HTTP/1.1" 200 441
INFO 2026-07-07 14:13:25,027 basehttp 11108 12424 "GET /static/admin/css/nav_sidebar.css HTTP/1.1" 200 2810
INFO 2026-07-07 14:13:25,031 basehttp 11108 19320 "GET /static/admin/css/base.css HTTP/1.1" 200 22120
INFO 2026-07-07 14:13:25,228 basehttp 11108 17700 "GET /static/admin/css/responsive.css HTTP/1.1" 200 16565
INFO 2026-07-07 14:13:25,228 basehttp 11108 14536 "GET /static/admin/js/theme.js HTTP/1.1" 200 1653
INFO 2026-07-07 14:13:25,431 basehttp 11108 14536 "GET /static/admin/js/nav_sidebar.js HTTP/1.1" 200 3063
INFO 2026-07-07 14:13:25,642 basehttp 11108 17700 "GET /static/admin/img/icon-changelink.svg HTTP/1.1" 200 380
INFO 2026-07-07 14:13:25,642 basehttp 11108 14536 "GET /static/admin/img/icon-addlink.svg HTTP/1.1" 200 331
INFO 2026-07-07 14:13:32,488 basehttp 11108 14536 "GET /admin/shop/product/ HTTP/1.1" 200 35781
INFO 2026-07-07 14:13:32,622 basehttp 11108 18720 "GET /static/admin/js/jquery.init.js HTTP/1.1" 200 347
INFO 2026-07-07 14:13:32,630 basehttp 11108 4892 "GET /static/admin/css/changelists.css HTTP/1.1" 200 6878
INFO 2026-07-07 14:13:32,630 basehttp 11108 14536 "GET /static/admin/js/admin/RelatedObjectLookups.js HTTP/1.1" 200 9777
INFO 2026-07-07 14:13:32,630 basehttp 11108 12424 "GET /static/admin/js/core.js HTTP/1.1" 200 6208
INFO 2026-07-07 14:13:32,638 basehttp 11108 17700 "GET /admin/jsi18n/ HTTP/1.1" 200 3342
INFO 2026-07-07 14:13:32,726 basehttp 11108 17700 "GET /static/admin/js/actions.js HTTP/1.1" 200 8076
INFO 2026-07-07 14:13:32,726 basehttp 11108 12424 "GET /static/admin/js/prepopulate.js HTTP/1.1" 200 1531
INFO 2026-07-07 14:13:32,727 basehttp 11108 4892 "GET /static/admin/js/urlify.js HTTP/1.1" 200 7887
INFO 2026-07-07 14:13:32,827 basehttp 11108 17700 "GET /static/admin/img/search.svg HTTP/1.1" 200 458
INFO 2026-07-07 14:13:32,827 basehttp 11108 12424 "GET /static/admin/img/icon-yes.svg HTTP/1.1" 200 436
INFO 2026-07-07 14:13:32,938 basehttp 11108 14536 "GET /static/admin/js/vendor/xregexp/xregexp.js HTTP/1.1" 200 325171
INFO 2026-07-07 14:13:32,938 basehttp 11108 19320 "GET /static/admin/js/vendor/jquery/jquery.js HTTP/1.1" 200 285314
INFO 2026-07-07 14:13:32,992 basehttp 11108 17700 "GET /static/admin/js/filters.js HTTP/1.1" 200 978
INFO 2026-07-07 14:13:33,037 basehttp 11108 19320 "GET /static/admin/img/icon-no.svg HTTP/1.1" 200 560
INFO 2026-07-07 14:13:33,160 basehttp 11108 12424 "GET /static/admin/img/tooltag-add.svg HTTP/1.1" 200 331
INFO 2026-07-07 14:13:33,160 basehttp 11108 14536 "GET /static/admin/img/icon-viewlink.svg HTTP/1.1" 200 581
INFO 2026-07-07 14:13:38,418 basehttp 11108 12424 "GET /admin/shop/product/?q=Mag HTTP/1.1" 200 15296
INFO 2026-07-07 14:13:38,688 basehttp 11108 12424 "GET /admin/jsi18n/ HTTP/1.1" 200 3342
INFO 2026-07-07 14:13:40,298 basehttp 11108 12424 "GET /admin/shop/product/27/change/?_changelist_filters=q%3DMag HTTP/1.1" 200 27019
INFO 2026-07-07 14:13:40,447 basehttp 11108 17700 "GET /static/admin/js/prepopulate_init.js HTTP/1.1" 200 586
INFO 2026-07-07 14:13:40,447 basehttp 11108 14536 "GET /static/admin/css/forms.css HTTP/1.1" 200 8525
INFO 2026-07-07 14:13:40,447 basehttp 11108 19320 "GET /static/admin/js/inlines.js HTTP/1.1" 200 15628
INFO 2026-07-07 14:13:40,451 basehttp 11108 12424 "GET /admin/jsi18n/ HTTP/1.1" 200 3342
INFO 2026-07-07 14:13:40,657 basehttp 11108 17700 "GET /static/admin/css/widgets.css HTTP/1.1" 200 11973
INFO 2026-07-07 14:13:40,657 basehttp 11108 12424 "GET /static/admin/js/change_form.js HTTP/1.1" 200 606
INFO 2026-07-07 14:13:40,849 basehttp 11108 14536 "GET /static/admin/img/inline-delete.svg HTTP/1.1" 200 537
INFO 2026-07-07 14:13:40,849 basehttp 11108 17700 "GET /static/admin/img/tooltag-arrowright.svg HTTP/1.1" 200 280
INFO 2026-07-07 14:13:50,983 basehttp 11108 17700 "POST /admin/shop/product/27/change/?_changelist_filters=q%3DMag HTTP/1.1" 302 0
INFO 2026-07-07 14:13:51,077 basehttp 11108 17700 "GET /admin/shop/product/?q=Mag HTTP/1.1" 200 15540
INFO 2026-07-07 14:13:51,240 basehttp 11108 17700 "GET /admin/jsi18n/ HTTP/1.1" 200 3342
INFO 2026-07-07 14:13:52,702 basehttp 11108 824 "GET /shop/oraimo-magnisonic-sonic-power-electric-toothbrush/ HTTP/1.1" 200 45800
INFO 2026-07-07 14:13:52,785 basehttp 11108 824 "GET /media/products/1000533308.jpg HTTP/1.1" 200 1048906
INFO 2026-07-07 14:13:58,488 basehttp 11108 824 "GET / HTTP/1.1" 200 59546
INFO 2026-07-07 14:14:00,652 basehttp 11108 824 "GET /shop/ HTTP/1.1" 200 58037
INFO 2026-07-07 14:14:00,708 basehttp 11108 824 "GET /media/products/1000533308.jpg HTTP/1.1" 304 0
INFO 2026-07-07 14:14:11,288 basehttp 11108 17700 - Broken pipe from ('192.168.0.103', 46194)
INFO 2026-07-07 14:14:11,288 basehttp 11108 14536 - Broken pipe from ('192.168.0.103', 46196)
INFO 2026-07-07 14:14:11,288 basehttp 11108 12424 - Broken pipe from ('192.168.0.103', 40808)
INFO 2026-07-07 14:14:11,288 basehttp 11108 4892 - Broken pipe from ('192.168.0.103', 40798)
INFO 2026-07-07 14:14:11,288 basehttp 11108 19320 - Broken pipe from ('192.168.0.103', 40760)
INFO 2026-07-07 14:14:11,288 basehttp 11108 18720 - Broken pipe from ('192.168.0.103', 46180)
INFO 2026-07-07 14:15:11,829 basehttp 11108 9428 "GET /shop/?page=2 HTTP/1.1" 200 58150
INFO 2026-07-07 14:15:16,987 basehttp 11108 9428 "GET /shop/?page=3 HTTP/1.1" 200 57858
INFO 2026-07-07 14:15:24,481 basehttp 11108 9428 "GET /shop/?category=smart-watches HTTP/1.1" 200 56486
INFO 2026-07-07 14:15:28,543 basehttp 11108 9428 "GET /shop/?category=earphones HTTP/1.1" 200 46762
INFO 2026-07-07 14:15:52,158 basehttp 11108 9428 "GET /basket/ HTTP/1.1" 200 47051
INFO 2026-07-07 14:15:57,358 basehttp 11108 9428 "POST /basket/remove/37/ HTTP/1.1" 302 0
INFO 2026-07-07 14:15:57,367 basehttp 11108 9428 "GET /basket/ HTTP/1.1" 200 45689
INFO 2026-07-07 14:15:59,247 basehttp 11108 9428 "POST /basket/remove/2/ HTTP/1.1" 302 0
INFO 2026-07-07 14:15:59,261 basehttp 11108 9428 "GET /basket/ HTTP/1.1" 200 44340
INFO 2026-07-07 14:16:01,088 basehttp 11108 9428 "GET /checkout/ HTTP/1.1" 200 52827
INFO 2026-07-07 14:16:35,271 basehttp 11108 9428 "GET / HTTP/1.1" 200 59546
INFO 2026-07-07 14:35:54,367 autoreload 11108 14300 C:\Users\Hp\Desktop\ORAIMOTECH\checkout\views.py changed, reloading.
INFO 2026-07-07 14:35:55,967 autoreload 11648 17540 Watching for file changes with StatReloader
INFO 2026-07-07 14:36:14,548 autoreload 11648 17540 C:\Users\Hp\Desktop\ORAIMOTECH\payment\pesapal.py changed, reloading.
INFO 2026-07-07 14:36:15,448 autoreload 2504 15052 Watching for file changes with StatReloader
INFO 2026-07-07 14:36:30,142 autoreload 2504 15052 C:\Users\Hp\Desktop\ORAIMOTECH\payment\views.py changed, reloading.
INFO 2026-07-07 14:36:31,024 autoreload 2536 3876 Watching for file changes with StatReloader
INFO 2026-07-07 14:39:52,680 autoreload 2536 3876 C:\Users\Hp\Desktop\ORAIMOTECH\payment\views.py changed, reloading.
INFO 2026-07-07 14:39:53,560 autoreload 12308 13252 Watching for file changes with StatReloader
INFO 2026-07-07 14:41:13,016 autoreload 11368 18128 Watching for file changes with StatReloader
INFO 2026-07-07 14:42:40,208 autoreload 20008 19712 Watching for file changes with StatReloader
INFO 2026-07-07 14:43:39,250 autoreload 16908 6844 Watching for file changes with StatReloader
INFO 2026-07-07 14:45:08,922 basehttp 11368 16304 "GET / HTTP/1.1" 200 59546
INFO 2026-07-07 14:45:09,221 basehttp 11368 16304 "GET /media/products/1000533260.jpg HTTP/1.1" 304 0
INFO 2026-07-07 14:45:14,538 basehttp 11368 19860 "GET /shop/api/search/?q=smart HTTP/1.1" 200 1448
INFO 2026-07-07 14:45:19,616 basehttp 11368 19860 "GET /shop/api/search/?q=smart HTTP/1.1" 200 1448
INFO 2026-07-07 14:45:20,698 basehttp 11368 19860 "GET /shop/api/search/?q=smart%20watch HTTP/1.1" 200 1371
INFO 2026-07-07 14:45:31,627 basehttp 11368 19860 "GET /shop/oraimo-watch-5-lite-201-hd-ip68-smart-watch-rose-g/ HTTP/1.1" 200 48722
INFO 2026-07-07 14:45:36,868 basehttp 11368 19860 "POST /basket/add/26/ HTTP/1.1" 200 59
INFO 2026-07-07 14:45:36,877 basehttp 11368 14740 "POST /basket/add/26/ HTTP/1.1" 200 59
INFO 2026-07-07 14:45:38,588 basehttp 11368 14740 "GET /basket/ HTTP/1.1" 200 45711
INFO 2026-07-07 14:45:41,690 basehttp 11368 14740 "GET /checkout/ HTTP/1.1" 200 52952
INFO 2026-07-07 14:46:06,168 basehttp 11368 14740 "POST /checkout/ HTTP/1.1" 302 0
INFO 2026-07-07 14:46:06,180 basehttp 11368 14740 "GET /checkout/success/OR-6743BCB9/ HTTP/1.1" 200 43209
INFO 2026-07-07 14:46:10,815 basehttp 11368 14740 "GET /checkout/receipt/OR-6743BCB9/ HTTP/1.1" 200 2772
INFO 2026-07-07 14:46:12,628 basehttp 11368 13848 "GET /checkout/receipt/OR-6743BCB9/ HTTP/1.1" 200 2772
INFO 2026-07-07 14:46:31,415 basehttp 11368 14740 - Broken pipe from ('127.0.0.1', 50204)
INFO 2026-07-07 14:47:06,662 basehttp 11368 19860 "POST /basket/remove/35/ HTTP/1.1" 302 0
INFO 2026-07-07 14:47:06,673 basehttp 11368 19860 "GET /basket/ HTTP/1.1" 200 42237
INFO 2026-07-07 14:47:09,478 basehttp 11368 19860 "GET /shop/ HTTP/1.1" 200 58037
INFO 2026-07-07 14:47:09,616 basehttp 11368 19860 "GET /media/products/1000533308.jpg HTTP/1.1" 304 0
INFO 2026-07-07 14:47:11,516 basehttp 11368 19860 "POST /basket/add/37/ HTTP/1.1" 200 57
INFO 2026-07-07 14:47:14,013 basehttp 11368 19860 "GET /basket/ HTTP/1.1" 200 44358
INFO 2026-07-07 14:47:17,438 basehttp 11368 19860 "GET /checkout/ HTTP/1.1" 200 52948
INFO 2026-07-07 14:47:32,640 basehttp 11368 19860 "POST /checkout/ HTTP/1.1" 302 0
INFO 2026-07-07 14:47:32,654 basehttp 11368 19860 "GET /checkout/ HTTP/1.1" 302 0
INFO 2026-07-07 14:47:32,677 basehttp 11368 19860 "GET /shop/ HTTP/1.1" 200 58432
INFO 2026-07-07 14:47:41,409 basehttp 11368 19860 "GET /basket/ HTTP/1.1" 200 42237
INFO 2026-07-07 14:47:43,868 basehttp 11368 19860 "GET /shop/ HTTP/1.1" 200 58037
INFO 2026-07-07 14:49:03,158 basehttp 11368 19860 "POST /basket/add/36/ HTTP/1.1" 200 58
INFO 2026-07-07 14:49:04,972 basehttp 11368 19860 "GET /basket/ HTTP/1.1" 200 44348
INFO 2026-07-07 14:49:06,778 basehttp 11368 19860 "GET /checkout/ HTTP/1.1" 200 52950
INFO 2026-07-07 14:49:23,897 basehttp 11368 19860 "POST /checkout/ HTTP/1.1" 302 0
INFO 2026-07-07 14:49:23,907 basehttp 11368 19860 "GET /checkout/ HTTP/1.1" 302 0
INFO 2026-07-07 14:49:23,927 basehttp 11368 19860 "GET /shop/ HTTP/1.1" 200 58432
INFO 2026-07-07 14:49:30,788 basehttp 11368 19860 "POST /basket/add/35/ HTTP/1.1" 200 58
INFO 2026-07-07 14:49:32,612 basehttp 11368 19860 "GET /basket/ HTTP/1.1" 200 44340
INFO 2026-07-07 14:49:34,770 basehttp 11368 19860 "GET /checkout/ HTTP/1.1" 200 52950
INFO 2026-07-07 14:50:06,229 basehttp 11368 19860 "POST /checkout/ HTTP/1.1" 302 0
INFO 2026-07-07 14:50:06,237 basehttp 11368 19860 "GET /checkout/success/OR-B4E4C52B/ HTTP/1.1" 200 43207
INFO 2026-07-07 14:50:09,617 basehttp 11368 19860 "GET /checkout/receipt/OR-B4E4C52B/ HTTP/1.1" 200 2677
INFO 2026-07-07 14:50:09,757 basehttp 11368 17520 "GET /checkout/receipt/OR-B4E4C52B/ HTTP/1.1" 200 2677
INFO 2026-07-07 14:50:28,570 basehttp 11368 19860 - Broken pipe from ('127.0.0.1', 52205)
INFO 2026-07-07 14:51:31,677 basehttp 11368 13072 "GET /checkout/receipt/OR-B4E4C52B/ HTTP/1.1" 200 2677
INFO 2026-07-07 14:51:50,637 basehttp 11368 13072 - Broken pipe from ('127.0.0.1', 63404)
INFO 2026-07-07 14:54:14,377 autoreload 11368 18128 C:\Users\Hp\Desktop\ORAIMOTECH\receipts.py changed, reloading.
INFO 2026-07-07 14:54:16,118 autoreload 1168 2532 Watching for file changes with StatReloader
INFO 2026-07-07 14:55:15,922 basehttp 1168 7576 "GET /checkout/receipt/OR-B4E4C52B/ HTTP/1.1" 200 2722
INFO 2026-07-07 14:55:34,916 basehttp 1168 7576 - Broken pipe from ('127.0.0.1', 51174)
INFO 2026-07-07 14:56:40,087 basehttp 1168 15432 "GET /checkout/success/OR-B4E4C52B/ HTTP/1.1" 200 42800
INFO 2026-07-07 14:56:42,054 basehttp 1168 15432 "GET /checkout/receipt/OR-B4E4C52B/ HTTP/1.1" 200 2722
INFO 2026-07-07 14:57:00,994 basehttp 1168 15432 - Broken pipe from ('127.0.0.1', 65025)
INFO 2026-07-07 14:57:36,639 autoreload 1168 2532 C:\Users\Hp\Desktop\ORAIMOTECH\receipts.py changed, reloading.
INFO 2026-07-07 14:57:38,379 autoreload 1744 20116 Watching for file changes with StatReloader
INFO 2026-07-07 14:57:42,667 basehttp 1744 17940 "GET /checkout/success/OR-B4E4C52B/ HTTP/1.1" 200 42800
INFO 2026-07-07 14:57:44,815 basehttp 1744 17940 "GET /basket/ HTTP/1.1" 200 42237
INFO 2026-07-07 14:57:46,637 basehttp 1744 17940 "GET /shop/ HTTP/1.1" 200 58037
INFO 2026-07-07 14:57:46,851 basehttp 1744 17940 "GET /media/products/1000533308.jpg HTTP/1.1" 304 0
INFO 2026-07-07 14:57:52,087 basehttp 1744 17940 "GET /shop/?sort=price_desc HTTP/1.1" 200 58045
INFO 2026-07-07 14:57:52,259 basehttp 1744 17940 "GET /media/products/1000533259.jpg HTTP/1.1" 304 0
INFO 2026-07-07 14:57:56,017 basehttp 1744 17940 "POST /basket/add/34/ HTTP/1.1" 200 58
INFO 2026-07-07 14:58:00,541 basehttp 1744 17940 "GET /basket/ HTTP/1.1" 200 44341
INFO 2026-07-07 14:58:03,027 basehttp 1744 17940 "GET /checkout/ HTTP/1.1" 200 52950
INFO 2026-07-07 14:58:32,091 basehttp 1744 17940 "POST /checkout/ HTTP/1.1" 302 0
INFO 2026-07-07 14:58:32,114 basehttp 1744 17940 "GET /checkout/success/OR-DE1DEFF5/ HTTP/1.1" 200 43207
INFO 2026-07-07 14:58:34,687 basehttp 1744 17940 "GET /checkout/receipt/OR-DE1DEFF5/ HTTP/1.1" 200 2825
INFO 2026-07-07 14:58:34,901 basehttp 1744 17676 "GET /checkout/receipt/OR-DE1DEFF5/ HTTP/1.1" 200 2825
INFO 2026-07-07 14:58:52,176 basehttp 1744 9636 "GET /checkout/receipt/OR-DE1DEFF5/ HTTP/1.1" 200 2825
INFO 2026-07-07 14:58:53,658 basehttp 1744 17940 - Broken pipe from ('127.0.0.1', 55926)
INFO 2026-07-07 14:59:11,137 basehttp 1744 9636 - Broken pipe from ('127.0.0.1', 53959)
INFO 2026-07-07 14:59:23,115 basehttp 1744 20212 "GET /shop/ HTTP/1.1" 200 58037
INFO 2026-07-07 14:59:25,927 basehttp 1744 20212 "POST /basket/add/36/ HTTP/1.1" 200 58
INFO 2026-07-07 14:59:27,980 basehttp 1744 20212 "GET /basket/ HTTP/1.1" 200 44348
INFO 2026-07-07 14:59:31,517 basehttp 1744 20212 "GET /checkout/ HTTP/1.1" 200 52950
INFO 2026-07-07 14:59:56,429 basehttp 1744 20212 "GET /shop/ HTTP/1.1" 200 58037
INFO 2026-07-07 14:59:59,571 basehttp 1744 20212 "POST /basket/add/36/ HTTP/1.1" 200 58
INFO 2026-07-07 15:00:01,201 basehttp 1744 20212 "GET /basket/ HTTP/1.1" 200 44348
INFO 2026-07-07 15:00:02,941 basehttp 1744 20212 "GET /checkout/ HTTP/1.1" 200 52950
INFO 2026-07-07 15:00:19,057 basehttp 1744 20212 "POST /checkout/ HTTP/1.1" 302 0
INFO 2026-07-07 15:00:19,077 basehttp 1744 20212 "GET /checkout/success/OR-5BFFE041/ HTTP/1.1" 200 43207
INFO 2026-07-07 15:00:21,756 basehttp 1744 20212 "GET /checkout/receipt/OR-5BFFE041/ HTTP/1.1" 200 2853
INFO 2026-07-07 15:00:21,920 basehttp 1744 14384 "GET /checkout/receipt/OR-5BFFE041/ HTTP/1.1" 200 2853
INFO 2026-07-07 15:00:40,714 basehttp 1744 20212 - Broken pipe from ('127.0.0.1', 51404)
INFO 2026-07-07 15:00:41,671 basehttp 1744 18724 "GET /checkout/receipt/OR-5BFFE041/ HTTP/1.1" 200 2852
INFO 2026-07-07 15:01:00,628 basehttp 1744 18724 - Broken pipe from ('127.0.0.1', 52822)
INFO 2026-07-07 15:02:22,897 autoreload 1744 20116 C:\Users\Hp\Desktop\ORAIMOTECH\core\settings.py changed, reloading.
INFO 2026-07-07 15:02:24,137 autoreload 12568 5440 Watching for file changes with StatReloader
INFO 2026-07-07 15:05:17,467 basehttp 12568 5264 "GET /checkout/success/OR-5BFFE041/ HTTP/1.1" 200 42800
INFO 2026-07-07 15:05:18,867 basehttp 12568 5264 "GET / HTTP/1.1" 200 59546
INFO 2026-07-07 15:05:25,778 basehttp 12568 5264 "GET /shop/api/search/?q=wat HTTP/1.1" 200 1377
INFO 2026-07-07 15:05:59,892 basehttp 12568 5264 "GET /shop/api/search/?q=wa HTTP/1.1" 200 1456
INFO 2026-07-07 15:06:09,964 basehttp 12568 15052 "GET /admin/shop/product/27/change/?_changelist_filters=q%3DMag HTTP/1.1" 200 27301
INFO 2026-07-07 15:06:10,311 basehttp 12568 15052 "GET /static/admin/css/forms.css HTTP/1.1" 200 8525
INFO 2026-07-07 15:06:10,311 basehttp 12568 3636 "GET /static/admin/js/inlines.js HTTP/1.1" 200 15628
INFO 2026-07-07 15:06:10,316 basehttp 12568 5424 "GET /static/admin/js/prepopulate_init.js HTTP/1.1" 200 586
INFO 2026-07-07 15:06:10,401 basehttp 12568 5424 "GET /static/admin/css/widgets.css HTTP/1.1" 200 11973
INFO 2026-07-07 15:06:10,474 basehttp 12568 3636 "GET /static/admin/js/change_form.js HTTP/1.1" 200 606
INFO 2026-07-07 15:06:10,683 basehttp 12568 5424 "GET /static/admin/img/inline-delete.svg HTTP/1.1" 200 537
INFO 2026-07-07 15:06:11,327 basehttp 12568 5424 "GET /admin/shop/product/?q=Mag HTTP/1.1" 200 15296
INFO 2026-07-07 15:06:12,347 basehttp 12568 5424 "GET /admin/shop/product/ HTTP/1.1" 200 35781
INFO 2026-07-07 15:06:12,523 basehttp 12568 5424 "GET /static/admin/img/icon-no.svg HTTP/1.1" 200 560
INFO 2026-07-07 15:06:13,151 basehttp 12568 5424 "GET /admin/ HTTP/1.1" 200 13395
INFO 2026-07-07 15:06:13,242 basehttp 12568 5424 "GET /static/admin/css/dashboard.css HTTP/1.1" 200 441
INFO 2026-07-07 15:06:13,770 basehttp 12568 5424 "GET / HTTP/1.1" 200 60696
INFO 2026-07-07 15:06:15,419 basehttp 12568 3636 "GET /media/products/1000526987.jpg HTTP/1.1" 200 200624
INFO 2026-07-07 15:06:16,019 basehttp 12568 15052 "GET /media/products/1000526986.jpg HTTP/1.1" 200 564906
INFO 2026-07-07 15:06:16,227 basehttp 12568 16444 "GET /media/products/1000526984.jpg HTTP/1.1" 200 453928
INFO 2026-07-07 15:06:16,531 basehttp 12568 1176 "GET /media/products/1000526985.jpg HTTP/1.1" 200 587190
INFO 2026-07-07 15:06:16,739 basehttp 12568 19708 "GET /media/products/1000526983.jpg HTTP/1.1" 200 748398
INFO 2026-07-07 15:06:16,757 basehttp 12568 5424 "GET /media/products/1000526988.jpg HTTP/1.1" 200 953641
INFO 2026-07-07 15:06:17,061 basehttp 12568 5424 "GET / HTTP/1.1" 200 60696
INFO 2026-07-07 15:06:18,617 basehttp 12568 5424 "GET /shop/?q= HTTP/1.1" 200 59179
INFO 2026-07-07 15:06:19,097 basehttp 12568 19708 "GET /media/products/1000526975.jpg HTTP/1.1" 200 166223
INFO 2026-07-07 15:06:20,229 basehttp 12568 1176 "GET /media/products/1000533260.jpg HTTP/1.1" 200 748555
INFO 2026-07-07 15:06:20,368 basehttp 12568 16444 "GET /media/products/1000526968.jpg HTTP/1.1" 200 773432
INFO 2026-07-07 15:06:20,752 basehttp 12568 5424 "GET /media/products/1000533308.jpg HTTP/1.1" 200 1048906
INFO 2026-07-07 15:06:24,900 basehttp 12568 5424 "GET /shop/api/search/?q=Watch HTTP/1.1" 200 1371
INFO 2026-07-07 15:06:25,405 basehttp 12568 5424 "GET /shop/?q=Watch HTTP/1.1" 200 57989
INFO 2026-07-07 15:06:25,794 basehttp 12568 19708 "GET /media/products/1000533259.jpg HTTP/1.1" 200 75741
INFO 2026-07-07 15:06:26,504 basehttp 12568 5424 "GET /media/products/1000525139.png HTTP/1.1" 200 163867
INFO 2026-07-07 15:06:26,504 basehttp 12568 3636 "GET /media/products/1000525144.png HTTP/1.1" 200 152901
INFO 2026-07-07 15:06:26,919 basehttp 12568 15052 "GET /media/products/1000525605.png HTTP/1.1" 200 189304
INFO 2026-07-07 15:06:26,919 basehttp 12568 1176 "GET /media/products/1000525136.png HTTP/1.1" 200 253871
INFO 2026-07-07 15:06:27,127 basehttp 12568 16444 "GET /media/products/1000525137.png HTTP/1.1" 200 183780
INFO 2026-07-07 15:06:27,958 basehttp 12568 19708 "GET /media/products/1000520278.jpg HTTP/1.1" 200 520053
INFO 2026-07-07 15:06:28,763 basehttp 12568 19708 "GET /media/products/1000520279.jpg HTTP/1.1" 200 144846
INFO 2026-07-07 15:06:29,900 basehttp 12568 19708 "GET /media/products/1000520281.jpg HTTP/1.1" 200 145300
INFO 2026-07-07 15:06:31,235 basehttp 12568 1176 "GET /media/products/1000520280.jpg HTTP/1.1" 200 899316
INFO 2026-07-07 15:06:35,152 basehttp 12568 1176 "GET /shop/oraimo-watch-muse-132-amoled-ip68-smart-watch/ HTTP/1.1" 200 49707
INFO 2026-07-07 15:06:40,627 basehttp 12568 1176 "GET /shop/oraimo-watch-5-lite-201-hd-ip68-smart-watch-rose-g/ HTTP/1.1" 200 49872
INFO 2026-07-07 15:10:08,490 basehttp 12568 5264 "GET /shop/api/search/?q=wa HTTP/1.1" 200 1456
INFO 2026-07-07 15:10:09,172 basehttp 12568 5264 "GET /shop/api/search/?q=watc HTTP/1.1" 200 1371
INFO 2026-07-07 15:10:14,189 basehttp 12568 5264 "GET /shop/oraimo-watch-5-lite-201-hd-ip68-smart-watch-rose-g/ HTTP/1.1" 200 48722
INFO 2026-07-07 15:10:17,936 basehttp 12568 5264 "GET /shop/api/search/?q=wa HTTP/1.1" 200 1456
INFO 2026-07-07 15:10:19,469 basehttp 12568 5264 "GET /shop/api/search/?q=watch%205 HTTP/1.1" 200 553
INFO 2026-07-07 15:10:23,147 basehttp 12568 5264 "GET /shop/oraimo-watch-5-lite-201-hd-smart-watch/ HTTP/1.1" 200 48761
INFO 2026-07-07 15:10:34,848 basehttp 12568 5264 "GET /shop/api/search/?q=tra HTTP/1.1" 200 1483
INFO 2026-07-07 15:10:35,447 basehttp 12568 5264 "GET /shop/api/search/?q=trave HTTP/1.1" 200 1037
INFO 2026-07-07 15:10:47,398 basehttp 12568 5264 "GET /shop/api/search/?q=wa HTTP/1.1" 200 1456
INFO 2026-07-07 15:10:49,176 basehttp 12568 5264 "GET /shop/api/search/?q=watch%20mu HTTP/1.1" 200 139
INFO 2026-07-07 15:10:56,486 basehttp 12568 5264 "GET /shop/api/search/?q=watch%20m HTTP/1.1" 200 139
INFO 2026-07-07 15:10:59,439 basehttp 12568 5264 "GET /shop/api/search/?q=slice HTTP/1.1" 200 158
INFO 2026-07-07 15:11:09,428 basehttp 12568 5264 "GET /shop/api/search/?q=slice HTTP/1.1" 200 158
INFO 2026-07-07 15:11:12,747 basehttp 12568 5264 "GET /shop/api/search/?q=nec HTTP/1.1" 200 1435
INFO 2026-07-07 15:11:13,538 basehttp 12568 5264 "GET /shop/api/search/?q=neckl HTTP/1.1" 200 108
INFO 2026-07-07 15:12:53,397 basehttp 12568 5264 "GET /shop/ HTTP/1.1" 200 58037
INFO 2026-07-07 15:12:53,468 basehttp 12568 5264 "GET /media/products/1000533260.jpg HTTP/1.1" 304 0
INFO 2026-07-07 15:12:53,589 basehttp 12568 5264 "GET /media/products/1000533308.jpg HTTP/1.1" 304 0
INFO 2026-07-07 15:13:01,057 basehttp 12568 5264 "GET /shop/?page=2 HTTP/1.1" 200 58150
INFO 2026-07-07 15:13:08,193 basehttp 12568 5264 "GET /shop/?category=other-accessories HTTP/1.1" 200 48935
INFO 2026-07-07 15:13:14,798 basehttp 12568 5264 "GET /shop/?category=powerbanks HTTP/1.1" 200 51122
INFO 2026-07-07 15:13:20,351 basehttp 12568 5264 "GET / HTTP/1.1" 200 59546
INFO 2026-07-07 15:20:37,859 basehttp 12568 15684 "GET /shop/api/search/?q=no HTTP/1.1" 200 1446
INFO 2026-07-07 15:20:38,180 basehttp 12568 15684 "GET /shop/api/search/?q=nov HTTP/1.1" 200 828
INFO 2026-07-07 15:20:38,607 basehttp 12568 15684 "GET /shop/api/search/?q=nova HTTP/1.1" 200 694
INFO 2026-07-07 15:20:39,017 basehttp 12568 15684 "GET /shop/api/search/?q=nova HTTP/1.1" 200 694
INFO 2026-07-07 15:22:31,192 basehttp 12568 15828 "GET / HTTP/1.1" 200 60696
INFO 2026-07-07 15:22:33,107 basehttp 12568 15332 "GET /media/products/1000526987.jpg HTTP/1.1" 200 200624
INFO 2026-07-07 15:22:35,036 basehttp 12568 6932 "GET /media/products/1000526984.jpg HTTP/1.1" 200 453928
INFO 2026-07-07 15:22:35,039 basehttp 12568 13928 "GET /media/products/1000526986.jpg HTTP/1.1" 200 564906
INFO 2026-07-07 15:22:35,166 basehttp 12568 18664 "GET /media/products/1000526985.jpg HTTP/1.1" 200 587190
INFO 2026-07-07 15:22:35,447 basehttp 12568 20284 "GET /media/products/1000526983.jpg HTTP/1.1" 200 748398
INFO 2026-07-07 15:22:35,651 basehttp 12568 15828 "GET /media/products/1000526988.jpg HTTP/1.1" 200 953641
INFO 2026-07-07 15:22:35,654 basehttp 12568 18664 "GET /media/products/1000526975.jpg HTTP/1.1" 200 166223
INFO 2026-07-07 15:22:37,099 basehttp 12568 13928 "GET /media/products/1000533260.jpg HTTP/1.1" 200 748555
INFO 2026-07-07 15:22:56,037 basehttp 12568 13928 "GET /shop/ HTTP/1.1" 200 59187
INFO 2026-07-07 15:22:58,066 basehttp 12568 13928 "GET /media/products/1000526968.jpg HTTP/1.1" 200 773432
INFO 2026-07-07 15:22:58,397 basehttp 12568 18664 "GET /media/products/1000533308.jpg HTTP/1.1" 200 1048906
INFO 2026-07-07 15:22:58,890 basehttp 12568 13928 "GET /media/products/1000525144.png HTTP/1.1" 200 152901
INFO 2026-07-07 15:22:58,895 basehttp 12568 18664 "GET /media/products/1000525145.png HTTP/1.1" 200 203853
INFO 2026-07-07 15:23:03,535 basehttp 12568 18664 "GET /shop/?category=powerbanks HTTP/1.1" 200 52272
INFO 2026-07-07 15:23:05,307 basehttp 12568 18664 "GET /shop/?category=other-accessories HTTP/1.1" 200 50085
INFO 2026-07-07 15:23:05,476 basehttp 12568 13928 "GET /media/products/1000525140.png HTTP/1.1" 200 157665
INFO 2026-07-07 15:23:05,496 basehttp 12568 18664 "GET /media/products/1000525143.png HTTP/1.1" 200 213940
INFO 2026-07-07 15:23:06,730 basehttp 12568 18664 "GET /shop/?category=speakers HTTP/1.1" 200 47900
INFO 2026-07-07 15:23:07,036 basehttp 12568 15828 "GET /media/products/1000525134.png HTTP/1.1" 200 185875
INFO 2026-07-07 15:23:07,137 basehttp 12568 13928 "GET /media/products/1000525135.png HTTP/1.1" 200 270097
INFO 2026-07-07 15:23:07,540 basehttp 12568 13928 "GET /shop/?category=neckbands HTTP/1.1" 200 48913
INFO 2026-07-07 15:23:07,736 basehttp 12568 18664 "GET /media/products/1000520234_SBppChd.jpg HTTP/1.1" 200 91304
INFO 2026-07-07 15:23:07,737 basehttp 12568 13928 "GET /media/products/1000520257.jpg HTTP/1.1" 200 106493
INFO 2026-07-07 15:23:07,758 basehttp 12568 15828 "GET /media/products/1000458382_rsJgChZ.jpg HTTP/1.1" 200 139075
INFO 2026-07-07 15:23:09,406 basehttp 12568 18664 "GET /shop/?category=smart-watches HTTP/1.1" 200 57636
INFO 2026-07-07 15:23:09,728 basehttp 12568 20284 "GET /media/products/1000533259.jpg HTTP/1.1" 200 75741
INFO 2026-07-07 15:23:09,795 basehttp 12568 18664 "GET /media/products/1000525139.png HTTP/1.1" 200 163867
INFO 2026-07-07 15:23:09,795 basehttp 12568 15828 "GET /media/products/1000525137.png HTTP/1.1" 200 183780
INFO 2026-07-07 15:23:09,997 basehttp 12568 20284 "GET /media/products/1000520279.jpg HTTP/1.1" 200 144846
INFO 2026-07-07 15:23:09,997 basehttp 12568 13928 "GET /media/products/1000525136.png HTTP/1.1" 200 253871
INFO 2026-07-07 15:23:09,997 basehttp 12568 6932 "GET /media/products/1000525605.png HTTP/1.1" 200 189304
INFO 2026-07-07 15:23:10,515 basehttp 12568 15332 "GET /media/products/1000520278.jpg HTTP/1.1" 200 520053
INFO 2026-07-07 15:23:11,746 basehttp 12568 18664 "GET /media/products/1000520280.jpg HTTP/1.1" 200 899316
INFO 2026-07-07 15:23:15,096 basehttp 12568 18664 "GET /shop/?category=smart-watches&sort=price_desc HTTP/1.1" 200 57764
INFO 2026-07-07 15:23:15,577 basehttp 12568 15332 "GET /media/products/1000520281.jpg HTTP/1.1" 200 145300
INFO 2026-07-07 15:23:17,937 basehttp 12568 15332 "POST /basket/add/14/ HTTP/1.1" 200 58
INFO 2026-07-07 15:23:22,248 basehttp 12568 15332 "GET /basket/ HTTP/1.1" 200 45501
INFO 2026-07-07 15:23:24,397 basehttp 12568 15332 "GET /checkout/ HTTP/1.1" 200 54100
INFO 2026-07-07 15:23:53,725 basehttp 12568 15332 "POST /checkout/ HTTP/1.1" 302 0
INFO 2026-07-07 15:23:54,116 basehttp 12568 15332 "GET /checkout/ HTTP/1.1" 302 0
INFO 2026-07-07 15:23:54,192 basehttp 12568 15332 "GET /shop/ HTTP/1.1" 200 59582
INFO 2026-07-07 15:23:55,376 basehttp 12568 13928 "GET /media/products/1000526984.jpg HTTP/1.1" 200 453928
INFO 2026-07-07 15:23:55,677 basehttp 12568 18664 "GET /media/products/1000526986.jpg HTTP/1.1" 200 564906
INFO 2026-07-07 15:23:55,965 basehttp 12568 6932 "GET /media/products/1000526985.jpg HTTP/1.1" 200 587190
INFO 2026-07-07 15:23:56,226 basehttp 12568 20284 "GET /media/products/1000526983.jpg HTTP/1.1" 200 748398
INFO 2026-07-07 15:23:56,277 basehttp 12568 15828 "GET /media/products/1000533260.jpg HTTP/1.1" 200 748555
INFO 2026-07-07 15:23:56,387 basehttp 12568 15332 "GET /media/products/1000526988.jpg HTTP/1.1" 200 953641
INFO 2026-07-07 15:23:58,551 basehttp 12568 15332 "GET /media/products/1000533308.jpg HTTP/1.1" 200 1048906
INFO 2026-07-07 15:24:00,918 basehttp 12568 15332 "GET /media/products/1000525145.png HTTP/1.1" 200 203853
INFO 2026-07-07 15:24:02,317 basehttp 12568 15332 "POST /basket/add/34/ HTTP/1.1" 200 58
INFO 2026-07-07 15:24:06,174 basehttp 12568 15332 "GET /basket/ HTTP/1.1" 200 45491
INFO 2026-07-07 15:24:07,406 basehttp 12568 15332 "GET /checkout/ HTTP/1.1" 200 54100
INFO 2026-07-07 15:24:19,361 basehttp 12568 15332 "POST /checkout/ HTTP/1.1" 302 0
INFO 2026-07-07 15:24:19,679 basehttp 12568 15332 "GET /checkout/success/OR-7CBF53FC/ HTTP/1.1" 200 44357
INFO 2026-07-07 15:24:22,037 basehttp 12568 15332 "GET /checkout/receipt/OR-7CBF53FC/ HTTP/1.1" 200 2834
INFO 2026-07-07 15:24:34,560 basehttp 12568 18664 - Broken pipe from ('192.168.0.103', 33922)
INFO 2026-07-07 15:24:34,560 basehttp 12568 15332 - Broken pipe from ('192.168.0.103', 33910)
INFO 2026-07-07 15:24:34,560 basehttp 12568 13928 - Broken pipe from ('192.168.0.103', 33916)
INFO 2026-07-07 15:24:34,560 basehttp 12568 20284 - Broken pipe from ('192.168.0.103', 33946)
INFO 2026-07-07 15:24:34,560 basehttp 12568 15828 - Broken pipe from ('192.168.0.103', 33894)
INFO 2026-07-07 15:24:34,560 basehttp 12568 6932 - Broken pipe from ('192.168.0.103', 33932)
INFO 2026-07-07 15:24:44,365 basehttp 12568 15788 "GET /checkout/track/ HTTP/1.1" 200 43423
INFO 2026-07-07 15:24:53,557 basehttp 12568 10264 - Broken pipe from ('192.168.0.103', 55652)
INFO 2026-07-07 15:24:53,557 basehttp 12568 15788 - Broken pipe from ('192.168.0.103', 55640)
INFO 2026-07-07 18:58:43,383 basehttp 12568 1844 "GET /shop/ HTTP/1.1" 200 58037
INFO 2026-07-07 18:58:43,673 basehttp 12568 11904 "GET /media/products/1000533308.jpg HTTP/1.1" 304 0
INFO 2026-07-07 18:58:43,673 basehttp 12568 1844 "GET /media/products/1000533260.jpg HTTP/1.1" 304 0
INFO 2026-07-07 18:58:50,443 basehttp 12568 11904 "GET / HTTP/1.1" 200 59546
INFO 2026-07-07 19:00:45,202 basehttp 12568 17072 "GET /basket/ HTTP/1.1" 200 42237
INFO 2026-07-07 19:00:50,678 basehttp 12568 17072 "GET /shop/ HTTP/1.1" 200 58037
INFO 2026-07-07 19:00:57,664 basehttp 12568 17072 "POST /basket/add/27/ HTTP/1.1" 200 58
INFO 2026-07-07 19:01:04,383 basehttp 12568 17072 "POST /basket/add/30/ HTTP/1.1" 200 58
INFO 2026-07-07 19:01:07,172 basehttp 12568 17072 "GET /basket/ HTTP/1.1" 200 45721
INFO 2026-07-07 19:01:13,809 basehttp 12568 17072 "GET /checkout/ HTTP/1.1" 200 52950
INFO 2026-07-07 19:05:46,444 basehttp 12568 4696 "GET /shop/ HTTP/1.1" 200 58037
INFO 2026-07-07 19:05:49,283 basehttp 12568 4696 "GET /shop/?category=smart-watches HTTP/1.1" 200 56486
INFO 2026-07-07 19:05:49,359 basehttp 12568 4696 "GET /media/products/1000533259.jpg HTTP/1.1" 304 0
INFO 2026-07-07 19:05:56,372 basehttp 12568 10032 "GET / HTTP/1.1" 200 59546
INFO 2026-07-07 19:06:47,070 basehttp 12568 22548 "GET /basket/ HTTP/1.1" 200 45721
INFO 2026-07-07 19:06:49,917 basehttp 12568 22548 "GET /checkout/ HTTP/1.1" 200 52950
INFO 2026-07-07 19:07:08,004 basehttp 12568 22548 "POST /checkout/ HTTP/1.1" 302 0
INFO 2026-07-07 19:07:08,020 basehttp 12568 22548 "GET /checkout/ HTTP/1.1" 302 0
INFO 2026-07-07 19:07:08,051 basehttp 12568 22548 "GET /shop/ HTTP/1.1" 200 58419
INFO 2026-07-07 19:07:23,602 basehttp 12568 20668 "GET /shop/?page=2 HTTP/1.1" 200 58150
INFO 2026-07-07 19:07:27,786 basehttp 12568 20668 "GET /shop/?page=3 HTTP/1.1" 200 57858
INFO 2026-07-07 19:07:31,020 basehttp 12568 20668 "GET /shop/?page=3&sort=price_desc HTTP/1.1" 200 58066
INFO 2026-07-07 19:07:37,596 basehttp 12568 20668 "GET /shop/ HTTP/1.1" 200 58037
INFO 2026-07-07 19:07:40,453 basehttp 12568 20668 "GET /shop/?sort=price_desc HTTP/1.1" 200 58045
INFO 2026-07-07 19:07:54,181 basehttp 12568 20668 "GET /shop/?sort=price_desc HTTP/1.1" 200 58045
INFO 2026-07-07 19:08:01,230 basehttp 12568 22492 "GET / HTTP/1.1" 200 59546
INFO 2026-07-07 19:44:40,643 basehttp 12568 24100 "GET /checkout/track/ HTTP/1.1" 200 42273
INFO 2026-07-07 19:44:52,025 basehttp 12568 24100 "GET / HTTP/1.1" 200 59546
INFO 2026-07-07 19:44:55,811 basehttp 12568 24148 "POST /basket/add/36/ HTTP/1.1" 200 58
INFO 2026-07-07 19:44:55,824 basehttp 12568 24100 "POST /basket/add/36/ HTTP/1.1" 200 58
INFO 2026-07-07 19:44:59,000 basehttp 12568 24148 "POST /basket/add/34/ HTTP/1.1" 200 59
INFO 2026-07-07 19:44:59,007 basehttp 12568 24100 "POST /basket/add/34/ HTTP/1.1" 200 59
INFO 2026-07-07 19:45:03,274 basehttp 12568 24100 "GET /basket/ HTTP/1.1" 200 45692
INFO 2026-07-07 19:45:05,390 basehttp 12568 24100 "GET /checkout/ HTTP/1.1" 200 52952
INFO 2026-07-07 19:45:12,947 basehttp 12568 24100 "POST /checkout/ HTTP/1.1" 302 0
INFO 2026-07-07 19:45:12,958 basehttp 12568 24100 "GET /checkout/success/OR-3CFC9BFD/ HTTP/1.1" 200 43209
INFO 2026-07-07 19:45:16,674 basehttp 12568 24100 "GET /checkout/receipt/OR-3CFC9BFD/ HTTP/1.1" 200 2960
INFO 2026-07-07 19:45:19,464 basehttp 12568 16852 "GET /checkout/receipt/OR-3CFC9BFD/ HTTP/1.1" 200 2960
INFO 2026-07-07 19:45:23,540 basehttp 12568 24148 "GET /checkout/receipt/OR-3CFC9BFD/ HTTP/1.1" 200 2960
INFO 2026-07-07 19:45:25,707 basehttp 12568 12424 "GET /checkout/receipt/OR-3CFC9BFD/ HTTP/1.1" 200 2960
INFO 2026-07-07 19:45:38,238 basehttp 12568 24100 - Broken pipe from ('127.0.0.1', 64165)
INFO 2026-07-07 19:45:42,519 basehttp 12568 24148 - Broken pipe from ('127.0.0.1', 59730)
INFO 2026-07-07 19:45:44,654 basehttp 12568 12424 - Broken pipe from ('127.0.0.1', 61469)
INFO 2026-07-07 20:02:06,079 basehttp 12568 24468 "GET / HTTP/1.1" 200 65105
INFO 2026-07-07 20:02:08,155 basehttp 12568 24468 "GET /media/products/1000533260.jpg HTTP/1.1" 304 0
INFO 2026-07-07 20:02:10,643 basehttp 12568 24468 "POST /basket/add/37/ HTTP/1.1" 200 57
INFO 2026-07-07 20:02:10,652 basehttp 12568 23168 "POST /basket/add/37/ HTTP/1.1" 200 57
INFO 2026-07-07 20:02:15,854 basehttp 12568 23168 "POST /basket/add/36/ HTTP/1.1" 200 58
INFO 2026-07-07 20:02:15,874 basehttp 12568 24468 "POST /basket/add/36/ HTTP/1.1" 200 58
INFO 2026-07-07 20:17:51,300 basehttp 12568 6536 "GET / HTTP/1.1" 200 65665
INFO 2026-07-07 20:17:54,579 basehttp 12568 6536 "GET / HTTP/1.1" 200 65665
INFO 2026-07-07 20:17:56,893 basehttp 12568 6536 "GET / HTTP/1.1" 200 65665
INFO 2026-07-07 20:18:01,371 basehttp 12568 6536 "POST /basket/add/36/ HTTP/1.1" 200 58
INFO 2026-07-07 20:18:01,380 basehttp 12568 18108 "POST /basket/add/36/ HTTP/1.1" 200 58
INFO 2026-07-07 20:18:06,403 basehttp 12568 18108 "GET /basket/ HTTP/1.1" 200 51828
INFO 2026-07-07 20:18:09,800 basehttp 12568 18108 "GET /checkout/ HTTP/1.1" 200 59069
INFO 2026-07-07 20:18:15,946 basehttp 12568 18108 "GET / HTTP/1.1" 200 65665
INFO 2026-07-08 14:16:30,754 autoreload 18300 24064 Watching for file changes with StatReloader
INFO 2026-07-08 14:19:54,108 autoreload 22568 24560 Watching for file changes with StatReloader
INFO 2026-07-08 14:20:36,170 basehttp 22568 5140 "GET / HTTP/1.1" 200 65665
INFO 2026-07-08 14:20:37,157 basehttp 22568 11856 "GET /media/products/1000526986.jpg HTTP/1.1" 200 564906
INFO 2026-07-08 14:20:37,169 basehttp 22568 11856 "GET /media/products/1000526985.jpg HTTP/1.1" 200 587190
INFO 2026-07-08 14:20:37,172 basehttp 22568 21388 "GET /media/products/1000526987.jpg HTTP/1.1" 200 200624
INFO 2026-07-08 14:20:37,184 basehttp 22568 5140 "GET /media/products/1000526988.jpg HTTP/1.1" 200 953641
WARNING 2026-07-08 14:20:37,663 basehttp 22568 5140 "GET /favicon.ico HTTP/1.1" 404 3487
INFO 2026-07-08 14:20:38,482 basehttp 22568 21388 "GET /media/products/1000526983.jpg HTTP/1.1" 200 748398
INFO 2026-07-08 14:20:38,486 basehttp 22568 5140 "GET /media/products/1000526984.jpg HTTP/1.1" 200 453928
INFO 2026-07-08 14:20:39,430 basehttp 22568 21388 "GET /media/products/1000526975.jpg HTTP/1.1" 200 166223
INFO 2026-07-08 14:20:39,487 basehttp 22568 5140 "GET /media/products/1000533260.jpg HTTP/1.1" 200 748555
INFO 2026-07-08 14:20:49,047 basehttp 22568 5140 "GET / HTTP/1.1" 200 65665
INFO 2026-07-08 14:20:51,418 basehttp 22568 5140 "GET /shop/api/search/?q=ggg HTTP/1.1" 200 2
INFO 2026-07-08 14:20:55,449 basehttp 22568 5140 "GET /shop/api/search/?q=tea HTTP/1.1" 200 155
INFO 2026-07-08 14:21:00,399 basehttp 22568 5140 "GET /shop/api/search/?q=wa HTTP/1.1" 200 1456
INFO 2026-07-08 14:21:01,249 basehttp 22568 5140 "GET /shop/api/search/?q=watch HTTP/1.1" 200 1371
INFO 2026-07-08 14:21:06,705 basehttp 22568 5140 "GET /shop/ HTTP/1.1" 200 64156
INFO 2026-07-08 14:21:06,916 basehttp 22568 23048 "GET /media/products/1000525144.png HTTP/1.1" 200 152901
INFO 2026-07-08 14:21:06,919 basehttp 22568 11856 "GET /media/products/1000525145.png HTTP/1.1" 200 203853
INFO 2026-07-08 14:21:06,932 basehttp 22568 21388 "GET /media/products/1000533308.jpg HTTP/1.1" 200 1048906
INFO 2026-07-08 14:21:06,937 basehttp 22568 5140 "GET /media/products/1000526968.jpg HTTP/1.1" 200 773432
INFO 2026-07-08 14:21:12,065 basehttp 22568 5140 "GET /shop/?sort=price_desc HTTP/1.1" 200 64164
INFO 2026-07-08 14:21:12,208 basehttp 22568 5140 "GET /media/products/1000525135.png HTTP/1.1" 200 270097
INFO 2026-07-08 14:21:12,216 basehttp 22568 21388 "GET /media/products/1000458382_rsJgChZ.jpg HTTP/1.1" 200 139075
INFO 2026-07-08 14:21:12,241 basehttp 22568 5140 "GET /media/products/1000520286.jpg HTTP/1.1" 200 129354
INFO 2026-07-08 14:21:12,243 basehttp 22568 23048 "GET /media/products/1000520281.jpg HTTP/1.1" 200 145300
INFO 2026-07-08 14:21:12,243 basehttp 22568 21388 "GET /media/products/1000533259.jpg HTTP/1.1" 200 75741
INFO 2026-07-08 14:21:12,243 basehttp 22568 11856 "GET /media/products/1000525136.png HTTP/1.1" 200 253871
INFO 2026-07-08 14:21:12,266 basehttp 22568 11856 "GET /media/products/1000520284.jpg HTTP/1.1" 200 129782
INFO 2026-07-08 14:21:12,270 basehttp 22568 23048 "GET /media/products/1000525134.png HTTP/1.1" 200 185875
INFO 2026-07-08 14:21:12,270 basehttp 22568 5140 "GET /media/products/1000525605.png HTTP/1.1" 200 189304
INFO 2026-07-08 14:21:12,278 basehttp 22568 21388 "GET /media/products/1000520280.jpg HTTP/1.1" 200 899316
INFO 2026-07-08 14:21:16,181 basehttp 22568 21388 "GET /basket/ HTTP/1.1" 200 48356
INFO 2026-07-08 14:21:17,990 basehttp 22568 21388 "GET /shop/ HTTP/1.1" 200 64156
INFO 2026-07-08 14:21:20,469 basehttp 22568 21388 "GET /shop/?category=speakers HTTP/1.1" 200 52869
INFO 2026-07-08 14:21:23,165 basehttp 22568 21388 "GET /shop/?category=earphones HTTP/1.1" 200 52881
INFO 2026-07-08 14:21:23,291 basehttp 22568 21388 "GET /media/products/1000525141.png HTTP/1.1" 200 211286
INFO 2026-07-08 14:21:23,312 basehttp 22568 5140 "GET /media/products/1000525138.png HTTP/1.1" 200 249163
INFO 2026-07-08 14:21:25,687 basehttp 22568 5140 "GET /shop/?category=other-accessories HTTP/1.1" 200 55054
INFO 2026-07-08 14:21:25,821 basehttp 22568 5140 "GET /media/products/1000525143.png HTTP/1.1" 200 213940
INFO 2026-07-08 14:21:25,841 basehttp 22568 21388 "GET /media/products/1000525140.png HTTP/1.1" 200 157665
INFO 2026-07-08 14:21:27,567 basehttp 22568 21388 "GET /shop/?category=powerbanks HTTP/1.1" 200 57241
INFO 2026-07-08 14:21:33,966 basehttp 22568 21388 "GET / HTTP/1.1" 200 65665
INFO 2026-07-08 14:21:53,803 basehttp 22568 21388 "GET / HTTP/1.1" 200 65665
INFO 2026-07-08 14:21:55,466 basehttp 22568 21388 "GET /shop/ HTTP/1.1" 200 64156
INFO 2026-07-08 14:21:58,737 basehttp 22568 21388 "GET / HTTP/1.1" 200 65665
INFO 2026-07-08 14:22:40,622 basehttp 22568 21388 "GET /shop/ HTTP/1.1" 200 64156
INFO 2026-07-08 14:22:56,525 basehttp 22568 21388 "GET /shop/?sort=price_asc HTTP/1.1" 200 64160
INFO 2026-07-08 14:22:56,727 basehttp 22568 5140 "GET /media/products/1000520283.jpg HTTP/1.1" 200 163985
INFO 2026-07-08 14:22:56,729 basehttp 22568 23048 "GET /media/products/1000525137.png HTTP/1.1" 200 183780
INFO 2026-07-08 14:22:56,729 basehttp 22568 21388 "GET /media/products/1000520234_SBppChd.jpg HTTP/1.1" 200 91304
INFO 2026-07-08 14:22:56,737 basehttp 22568 11856 "GET /media/products/1000520282.jpg HTTP/1.1" 200 177081
INFO 2026-07-08 14:22:56,777 basehttp 22568 5140 "GET /media/products/1000520278.jpg HTTP/1.1" 200 520053
INFO 2026-07-08 14:22:56,791 basehttp 22568 23048 "GET /media/products/1000520287.jpg HTTP/1.1" 200 1024983
INFO 2026-07-08 14:23:21,367 basehttp 22568 23048 "GET /shop/?page=2&sort=price_asc HTTP/1.1" 200 64525
INFO 2026-07-08 14:23:21,453 basehttp 22568 11856 "GET /media/products/1000520279.jpg HTTP/1.1" 200 144846
INFO 2026-07-08 14:23:21,486 basehttp 22568 5140 "GET /media/products/1000520285.jpg HTTP/1.1" 200 160289
INFO 2026-07-08 14:23:21,488 basehttp 22568 23048 "GET /media/products/1000520257.jpg HTTP/1.1" 200 106493
INFO 2026-07-08 14:23:21,495 basehttp 22568 21388 "GET /media/products/1000525139.png HTTP/1.1" 200 163867
INFO 2026-07-08 14:23:32,155 basehttp 22568 21388 "GET /shop/?category=other-accessories&sort=price_asc HTTP/1.1" 200 55174
WARNING 2026-07-08 14:23:38,201 log 22568 21388 Forbidden (CSRF cookie not set.): /basket/add/36/
WARNING 2026-07-08 14:23:38,201 basehttp 22568 21388 "POST /basket/add/36/ HTTP/1.1" 403 2855
WARNING 2026-07-08 14:23:54,719 log 22568 21388 Forbidden (CSRF cookie not set.): /basket/add/36/
WARNING 2026-07-08 14:23:54,725 basehttp 22568 21388 "POST /basket/add/36/ HTTP/1.1" 403 2855
WARNING 2026-07-08 14:23:58,484 log 22568 21388 Forbidden (CSRF cookie not set.): /basket/add/23/
WARNING 2026-07-08 14:23:58,490 basehttp 22568 21388 "POST /basket/add/23/ HTTP/1.1" 403 2855
INFO 2026-07-08 14:24:04,221 basehttp 22568 21388 "GET /shop/?category=smart-watches&sort=price_asc HTTP/1.1" 200 62725
WARNING 2026-07-08 14:24:08,337 log 22568 21388 Forbidden (CSRF cookie not set.): /basket/add/26/
WARNING 2026-07-08 14:24:08,337 basehttp 22568 21388 "POST /basket/add/26/ HTTP/1.1" 403 2855
WARNING 2026-07-08 14:24:15,806 log 22568 21388 Forbidden (CSRF cookie not set.): /basket/add/26/
WARNING 2026-07-08 14:24:15,806 basehttp 22568 21388 "POST /basket/add/26/ HTTP/1.1" 403 2855
INFO 2026-07-08 14:25:49,241 basehttp 22568 21388 "GET /shop/?category=smart-watches&sort=price_asc HTTP/1.1" 200 62725
WARNING 2026-07-08 14:25:51,529 log 22568 21388 Forbidden (CSRF cookie not set.): /basket/add/20/
WARNING 2026-07-08 14:25:51,529 basehttp 22568 21388 "POST /basket/add/20/ HTTP/1.1" 403 2855
INFO 2026-07-08 14:28:07,462 autoreload 22568 24560 C:\Users\Hp\Desktop\ORAIMOTECH\basket\views.py changed, reloading.
INFO 2026-07-08 14:28:08,800 autoreload 19944 13548 Watching for file changes with StatReloader
INFO 2026-07-08 14:30:03,925 autoreload 19944 13548 C:\Users\Hp\Desktop\ORAIMOTECH\core\settings.py changed, reloading.
INFO 2026-07-08 14:30:04,794 autoreload 16176 8524 Watching for file changes with StatReloader
INFO 2026-07-08 14:30:06,872 autoreload 16176 8524 C:\Users\Hp\Desktop\ORAIMOTECH\core\settings.py changed, reloading.
INFO 2026-07-08 14:30:07,683 autoreload 6000 20516 Watching for file changes with StatReloader
INFO 2026-07-08 14:31:00,769 basehttp 6000 18992 "GET /shop/?category=smart-watches&sort=price_asc HTTP/1.1" 200 62832
INFO 2026-07-08 14:35:15,027 basehttp 6000 18992 "GET /shop/?category=smart-watches&sort=price_asc HTTP/1.1" 200 44611
INFO 2026-07-08 14:35:22,698 basehttp 6000 18992 "GET /shop/?category=smart-watches&sort=price_asc HTTP/1.1" 200 44611
INFO 2026-07-08 14:35:23,760 basehttp 6000 18992 "GET / HTTP/1.1" 200 47551
INFO 2026-07-08 14:35:25,214 basehttp 6000 18992 "GET /shop/ HTTP/1.1" 200 46042
INFO 2026-07-08 14:35:48,375 basehttp 6000 18992 "GET /shop/ HTTP/1.1" 200 46042
INFO 2026-07-08 14:35:54,242 basehttp 6000 18992 "GET /basket/ HTTP/1.1" 200 30242
INFO 2026-07-08 14:35:56,212 basehttp 6000 18992 "GET /shop/ HTTP/1.1" 200 46042
INFO 2026-07-08 14:37:17,565 basehttp 6000 18992 "GET /shop/ HTTP/1.1" 200 64263
INFO 2026-07-08 14:37:25,482 basehttp 6000 18992 "GET /checkout/track/ HTTP/1.1" 200 48499
INFO 2026-07-08 14:37:27,635 basehttp 6000 18992 "GET / HTTP/1.1" 200 65772
INFO 2026-07-08 14:37:30,116 basehttp 6000 18992 "GET /shop/?category=powerbanks HTTP/1.1" 200 57348
INFO 2026-07-08 14:37:34,605 basehttp 6000 18992 "GET / HTTP/1.1" 200 65772
INFO 2026-07-08 14:40:18,034 basehttp 6000 18924 "GET / HTTP/1.1" 200 66223
INFO 2026-07-08 14:40:19,966 basehttp 6000 18924 "GET /shop/ HTTP/1.1" 200 64714
INFO 2026-07-08 14:40:22,501 basehttp 6000 18924 "POST /basket/add/37/ HTTP/1.1" 200 57
INFO 2026-07-08 14:40:27,164 basehttp 6000 18924 "POST /basket/add/35/ HTTP/1.1" 200 58
INFO 2026-07-08 14:40:31,582 basehttp 6000 18924 "GET / HTTP/1.1" 200 66223
INFO 2026-07-08 14:41:41,908 basehttp 6000 18924 "GET /shop/api/search/?q=wa HTTP/1.1" 200 1456
INFO 2026-07-08 14:41:42,785 basehttp 6000 18924 "GET /shop/api/search/?q=watcg HTTP/1.1" 200 2
INFO 2026-07-08 14:41:43,706 basehttp 6000 18924 "GET /shop/api/search/?q=watc HTTP/1.1" 200 1371
INFO 2026-07-08 14:41:44,388 basehttp 6000 18924 "GET /shop/api/search/?q=watch HTTP/1.1" 200 1371
INFO 2026-07-08 14:41:45,635 basehttp 6000 18924 "GET /shop/oraimo-watch-nova-2n-193-amoled-smart-watch/ HTTP/1.1" 200 55042
INFO 2026-07-08 14:41:49,486 basehttp 6000 20124 "POST /basket/add/31/ HTTP/1.1" 200 59
INFO 2026-07-08 14:41:49,505 basehttp 6000 18924 "POST /basket/add/31/ HTTP/1.1" 200 59
INFO 2026-07-08 14:41:53,912 basehttp 6000 18924 "GET / HTTP/1.1" 200 66223
INFO 2026-07-08 14:42:02,018 basehttp 6000 18924 "GET /shop/ HTTP/1.1" 200 64714
INFO 2026-07-08 14:42:16,382 basehttp 6000 18924 "POST /basket/add/35/ HTTP/1.1" 200 59
INFO 2026-07-08 14:42:59,593 basehttp 6000 18924 "POST /basket/add/31/ HTTP/1.1" 200 59
INFO 2026-07-08 14:43:05,603 basehttp 6000 22556 "GET /basket/ HTTP/1.1" 200 53734
INFO 2026-07-08 14:43:43,220 basehttp 6000 22556 "POST /basket/remove/35/ HTTP/1.1" 302 0
INFO 2026-07-08 14:43:43,236 basehttp 6000 22556 "GET /basket/ HTTP/1.1" 200 52390
INFO 2026-07-08 14:44:11,895 basehttp 6000 22556 "GET /basket/ HTTP/1.1" 200 52390
INFO 2026-07-08 14:44:21,085 basehttp 6000 22556 "POST /basket/remove/31/ HTTP/1.1" 302 0
INFO 2026-07-08 14:44:21,089 basehttp 6000 22556 "GET /basket/ HTTP/1.1" 200 51035
INFO 2026-07-08 14:44:23,152 basehttp 6000 22556 "GET /shop/ HTTP/1.1" 200 64714
INFO 2026-07-08 14:44:36,193 basehttp 6000 22556 "POST /basket/add/33/ HTTP/1.1" 200 58
INFO 2026-07-08 14:44:40,364 basehttp 6000 22556 "GET /basket/ HTTP/1.1" 200 52395
INFO 2026-07-08 14:44:43,646 basehttp 6000 22556 "GET /shop/ HTTP/1.1" 200 64714
INFO 2026-07-08 14:44:58,296 basehttp 6000 22556 "GET /shop/api/search/?q=Wa HTTP/1.1" 200 1456
INFO 2026-07-08 14:44:58,841 basehttp 6000 22556 "GET /shop/api/search/?q=Wat HTTP/1.1" 200 1377
INFO 2026-07-08 14:44:59,383 basehttp 6000 22556 "GET /shop/api/search/?q=Watch HTTP/1.1" 200 1371
INFO 2026-07-08 14:45:03,838 basehttp 6000 22556 "GET /shop/oraimo-watch-6-lite-201-hd-smart-watch/ HTTP/1.1" 200 55247
INFO 2026-07-08 14:45:25,026 basehttp 6000 22556 "GET /shop/oraimo-watch-5-lite-201-hd-ip68-smart-watch-rose-g/ HTTP/1.1" 200 55399
INFO 2026-07-08 14:45:32,756 basehttp 6000 24148 "POST /basket/add/26/ HTTP/1.1" 200 58
INFO 2026-07-08 14:45:32,775 basehttp 6000 22556 "POST /basket/add/26/ HTTP/1.1" 200 58
INFO 2026-07-08 14:45:37,455 basehttp 6000 22556 "GET /basket/ HTTP/1.1" 200 53765
INFO 2026-07-08 14:45:40,925 basehttp 6000 22556 "GET /checkout/ HTTP/1.1" 200 59627
INFO 2026-07-08 14:46:34,184 basehttp 6000 22556 "POST /checkout/ HTTP/1.1" 302 0
INFO 2026-07-08 14:46:34,191 basehttp 6000 22556 "GET /checkout/ HTTP/1.1" 302 0
INFO 2026-07-08 14:46:34,224 basehttp 6000 22556 "GET /shop/ HTTP/1.1" 200 65096
INFO 2026-07-08 14:46:45,436 basehttp 6000 22556 "GET /basket/ HTTP/1.1" 200 48914
INFO 2026-07-08 14:50:43,665 basehttp 6000 22556 "GET /shop/ HTTP/1.1" 200 64714
INFO 2026-07-08 14:50:50,381 basehttp 6000 22556 "GET /shop/oraimo-magnisonic-sonic-power-electric-toothbrush/ HTTP/1.1" 200 52477
INFO 2026-07-08 14:51:02,783 basehttp 6000 22556 "POST /basket/add/28/ HTTP/1.1" 200 58
INFO 2026-07-08 14:51:02,798 basehttp 6000 19252 "POST /basket/add/28/ HTTP/1.1" 200 58
INFO 2026-07-08 14:51:06,271 basehttp 6000 19252 "GET /basket/ HTTP/1.1" 200 51023
INFO 2026-07-08 14:51:08,337 basehttp 6000 19252 "GET /checkout/ HTTP/1.1" 200 59627
INFO 2026-07-08 15:01:16,048 basehttp 6000 1524 "GET /basket/ HTTP/1.1" 200 51023
INFO 2026-07-08 15:15:24,578 autoreload 6000 20516 C:\Users\Hp\Desktop\ORAIMOTECH\basket\views.py changed, reloading.
INFO 2026-07-08 15:15:26,332 autoreload 24508 7412 Watching for file changes with StatReloader
INFO 2026-07-08 15:17:12,454 basehttp 24508 19964 "GET /basket/ HTTP/1.1" 200 53680
INFO 2026-07-08 15:17:18,954 basehttp 24508 19964 "POST /basket/update/28/ HTTP/1.1" 200 55
INFO 2026-07-08 15:17:18,987 basehttp 24508 19964 "GET /basket/ HTTP/1.1" 200 53680
INFO 2026-07-08 15:17:20,180 basehttp 24508 19964 "POST /basket/update/28/ HTTP/1.1" 200 55
INFO 2026-07-08 15:17:20,204 basehttp 24508 19964 "GET /basket/ HTTP/1.1" 200 53680
INFO 2026-07-08 15:17:23,273 basehttp 24508 19964 "POST /basket/update/28/ HTTP/1.1" 200 55
INFO 2026-07-08 15:17:23,289 basehttp 24508 19964 "GET /basket/ HTTP/1.1" 200 53680
INFO 2026-07-08 15:17:24,116 basehttp 24508 19964 "POST /basket/update/28/ HTTP/1.1" 200 55
INFO 2026-07-08 15:17:24,135 basehttp 24508 19964 "GET /basket/ HTTP/1.1" 200 53680
INFO 2026-07-08 15:21:02,540 basehttp 24508 5068 "GET /basket/ HTTP/1.1" 200 56132
INFO 2026-07-08 15:21:07,044 basehttp 24508 5068 "POST /basket/update/28/ HTTP/1.1" 200 55
INFO 2026-07-08 15:21:08,602 basehttp 24508 5068 "POST /basket/update/28/ HTTP/1.1" 200 55
INFO 2026-07-08 15:21:12,572 basehttp 24508 5068 "POST /basket/update/28/ HTTP/1.1" 200 55
INFO 2026-07-08 15:21:13,294 basehttp 24508 5068 "POST /basket/update/28/ HTTP/1.1" 200 55
INFO 2026-07-08 15:21:13,893 basehttp 24508 5068 "POST /basket/update/28/ HTTP/1.1" 200 56
INFO 2026-07-08 15:21:15,971 basehttp 24508 5068 "POST /basket/update/28/ HTTP/1.1" 200 55
INFO 2026-07-08 15:21:16,194 basehttp 24508 5068 "POST /basket/update/28/ HTTP/1.1" 200 55
INFO 2026-07-08 15:21:18,106 basehttp 24508 5068 "POST /basket/update/28/ HTTP/1.1" 200 55
INFO 2026-07-08 15:21:19,810 basehttp 24508 5068 "POST /basket/update/28/ HTTP/1.1" 200 55
INFO 2026-07-08 15:21:22,542 basehttp 24508 5068 "POST /basket/update/28/ HTTP/1.1" 200 55
INFO 2026-07-08 15:21:23,061 basehttp 24508 5068 "POST /basket/update/28/ HTTP/1.1" 200 56
INFO 2026-07-08 15:21:24,329 basehttp 24508 5068 "POST /basket/update/28/ HTTP/1.1" 200 55
INFO 2026-07-08 15:21:24,479 basehttp 24508 5068 "POST /basket/update/28/ HTTP/1.1" 200 55
INFO 2026-07-08 15:21:24,702 basehttp 24508 5068 "POST /basket/update/28/ HTTP/1.1" 200 55
INFO 2026-07-08 15:24:48,526 basehttp 24508 5068 "GET / HTTP/1.1" 200 66223
INFO 2026-07-08 15:24:50,729 basehttp 24508 5068 "GET /basket/ HTTP/1.1" 200 56094
INFO 2026-07-08 15:24:54,339 basehttp 24508 5068 "GET /basket/ HTTP/1.1" 200 56094
INFO 2026-07-08 15:24:57,083 basehttp 24508 5068 "POST /basket/update/28/ HTTP/1.1" 200 55
INFO 2026-07-08 15:24:58,390 basehttp 24508 5068 "POST /basket/update/28/ HTTP/1.1" 200 55
INFO 2026-07-08 15:27:42,907 basehttp 24508 5068 "GET /basket/ HTTP/1.1" 200 56094
INFO 2026-07-08 15:29:55,223 basehttp 24508 20936 "GET /basket/ HTTP/1.1" 200 56094
INFO 2026-07-08 15:30:04,969 basehttp 24508 20936 "GET / HTTP/1.1" 200 66223
INFO 2026-07-08 18:24:43,067 autoreload 7104 10576 Watching for file changes with StatReloader
INFO 2026-07-08 18:32:57,325 autoreload 4040 12168 Watching for file changes with StatReloader
INFO 2026-07-08 18:33:41,751 basehttp 4040 23232 "GET / HTTP/1.1" 200 66223
INFO 2026-07-08 18:33:42,027 basehttp 4040 2164 "GET /media/products/1000526987.jpg HTTP/1.1" 304 0
INFO 2026-07-08 18:33:42,027 basehttp 4040 23232 "GET /media/products/1000526988.jpg HTTP/1.1" 304 0
INFO 2026-07-08 18:33:42,027 basehttp 4040 23244 "GET /media/products/1000526986.jpg HTTP/1.1" 304 0
INFO 2026-07-08 18:33:42,027 basehttp 4040 23236 "GET /media/products/1000526985.jpg HTTP/1.1" 304 0
WARNING 2026-07-08 18:33:42,085 basehttp 4040 23236 "GET /favicon.ico HTTP/1.1" 404 3487
INFO 2026-07-08 18:33:46,662 basehttp 4040 23236 "GET /media/products/1000526984.jpg HTTP/1.1" 304 0
INFO 2026-07-08 18:33:46,662 basehttp 4040 23244 "GET /media/products/1000526983.jpg HTTP/1.1" 304 0
INFO 2026-07-08 18:33:46,662 basehttp 4040 23232 "GET /media/products/1000526975.jpg HTTP/1.1" 304 0
INFO 2026-07-08 18:33:46,662 basehttp 4040 2164 "GET /media/products/1000533260.jpg HTTP/1.1" 304 0
INFO 2026-07-08 18:33:50,928 basehttp 4040 8996 "GET /basket/ HTTP/1.1" 200 57984
INFO 2026-07-08 18:33:53,081 basehttp 4040 8996 "GET /checkout/ HTTP/1.1" 200 59627
INFO 2026-07-08 18:33:57,335 basehttp 4040 5468 "GET / HTTP/1.1" 200 66223
INFO 2026-07-08 18:33:59,729 basehttp 4040 5468 "GET /shop/?category=neckbands HTTP/1.1" 200 54149
INFO 2026-07-08 18:33:59,805 basehttp 4040 5468 "GET /media/CACHE/images/products/1000520257/f40a1ede030896459b8626e50eed00f3.jpg HTTP/1.1" 304 0
INFO 2026-07-08 18:33:59,805 basehttp 4040 5468 "GET /media/CACHE/images/products/1000458382_rsJgChZ/30dd837e52793d629b890826135cfa49.jpg HTTP/1.1" 304 0
INFO 2026-07-08 18:33:59,813 basehttp 4040 16132 "GET /media/CACHE/images/products/1000520234_SBppChd/65ade931060e403151ccc0364eeeb677.jpg HTTP/1.1" 304 0
INFO 2026-07-08 18:34:03,625 basehttp 4040 16132 "GET / HTTP/1.1" 200 66223
INFO 2026-07-08 18:34:05,669 basehttp 4040 16132 "GET /shop/?category=powerbanks HTTP/1.1" 200 57199
INFO 2026-07-08 18:34:05,756 basehttp 4040 16132 "GET /media/CACHE/images/products/1000526986/4c42d7f070fd16fcc4c9e9e771277a3f.jpg HTTP/1.1" 304 0
INFO 2026-07-08 18:34:05,760 basehttp 4040 5468 "GET /media/CACHE/images/products/1000526984/2679c5d1935863a487471bfaaebbd5f6.jpg HTTP/1.1" 304 0
INFO 2026-07-08 18:34:05,764 basehttp 4040 16132 "GET /media/CACHE/images/products/1000526985/ea2101abe7212401b5af667637e000f4.jpg HTTP/1.1" 304 0
INFO 2026-07-08 18:34:05,768 basehttp 4040 20416 "GET /media/CACHE/images/products/1000526983/59a2f0e6a76fb3a0abaf510e68d6861f.jpg HTTP/1.1" 304 0
INFO 2026-07-08 18:34:05,768 basehttp 4040 16512 "GET /media/CACHE/images/products/1000525145/b445642a1897efb9256f6606c12f861a.jpg HTTP/1.1" 304 0
INFO 2026-07-08 18:34:05,768 basehttp 4040 22372 "GET /media/CACHE/images/products/1000533260/cc9415acb28224a87fcc5efb6469a097.jpg HTTP/1.1" 304 0
INFO 2026-07-08 18:34:08,643 basehttp 4040 22372 "GET / HTTP/1.1" 200 66223
INFO 2026-07-08 18:34:11,615 basehttp 4040 22372 "POST /basket/add/37/ HTTP/1.1" 200 58
INFO 2026-07-08 18:34:11,622 basehttp 4040 16512 "POST /basket/add/37/ HTTP/1.1" 200 58
INFO 2026-07-08 18:34:14,848 basehttp 4040 16512 "GET /basket/ HTTP/1.1" 200 57985
INFO 2026-07-08 18:34:17,348 basehttp 4040 16512 "GET /checkout/ HTTP/1.1" 200 59627
INFO 2026-07-08 18:34:20,037 basehttp 4040 16512 "GET / HTTP/1.1" 200 66223
INFO 2026-07-08 18:34:22,171 basehttp 4040 16512 "GET /shop/?category=neckbands HTTP/1.1" 200 54149
INFO 2026-07-08 18:34:25,166 basehttp 4040 16512 "GET /shop/?category=neckbands&sort=price_asc HTTP/1.1" 200 54269
INFO 2026-07-08 18:34:26,494 basehttp 4040 16512 "GET /shop/?category=neckbands&sort=price_desc HTTP/1.1" 200 54277
INFO 2026-07-08 18:34:30,565 basehttp 4040 16512 "GET /shop/?category=neckbands& HTTP/1.1" 200 54149
INFO 2026-07-08 18:34:33,903 basehttp 4040 16512 "GET /shop/?category=neckbands&sort=price_asc HTTP/1.1" 200 54269
INFO 2026-07-08 18:34:36,621 basehttp 4040 16512 "GET /shop/?category=neckbands&sort=price_desc HTTP/1.1" 200 54277
INFO 2026-07-08 18:34:38,740 basehttp 4040 16512 "GET /shop/?category=smart-watches&sort=price_desc HTTP/1.1" 200 62180
INFO 2026-07-08 18:34:38,821 basehttp 4040 16512 "GET /media/CACHE/images/products/1000525136/718bfb385645c985e07f8d996dc51171.jpg HTTP/1.1" 304 0
INFO 2026-07-08 18:34:38,831 basehttp 4040 20416 "GET /media/CACHE/images/products/1000525605/8724b7df91532d4620233c1e684c72e2.jpg HTTP/1.1" 304 0
INFO 2026-07-08 18:34:38,831 basehttp 4040 22372 "GET /media/CACHE/images/products/1000533259/f9b57ffe4828592f65f3ea4986245da3.jpg HTTP/1.1" 304 0
INFO 2026-07-08 18:34:38,831 basehttp 4040 16512 "GET /media/CACHE/images/products/1000520281/276306244df2b4a17b37d8ec06f9043d.jpg HTTP/1.1" 304 0
INFO 2026-07-08 18:34:38,831 basehttp 4040 16132 "GET /media/CACHE/images/products/1000520280/545032179b16962a7284f90a66cb8525.jpg HTTP/1.1" 304 0
INFO 2026-07-08 18:34:38,831 basehttp 4040 5468 "GET /media/CACHE/images/products/1000525139/e65d5659a406c50c9f3ccbddd26ed2ea.jpg HTTP/1.1" 304 0
INFO 2026-07-08 18:34:38,835 basehttp 4040 15976 "GET /media/CACHE/images/products/1000526975/d6f426988a94ff6a989535d30a8bdf11.jpg HTTP/1.1" 304 0
INFO 2026-07-08 18:34:38,844 basehttp 4040 15976 "GET /media/CACHE/images/products/1000520279/99d957fe1d54b29ce9162264ba09f50c.jpg HTTP/1.1" 304 0
INFO 2026-07-08 18:34:38,853 basehttp 4040 5468 "GET /media/CACHE/images/products/1000525137/d524deef77040408ba374cdbdf1fc40d.jpg HTTP/1.1" 304 0
INFO 2026-07-08 18:34:38,853 basehttp 4040 16132 "GET /media/CACHE/images/products/1000520278/4c3e56336b4bbfb8a95fb04d3321962f.jpg HTTP/1.1" 304 0
INFO 2026-07-08 18:34:38,853 basehttp 4040 15976 "GET /media/CACHE/images/products/1000525144/5e5e36fd76329969727589b2982273fa.jpg HTTP/1.1" 304 0
INFO 2026-07-08 18:34:41,315 basehttp 4040 5468 "GET /shop/oraimo-watch-muse-132-amoled-ip68-smart-watch/ HTTP/1.1" 200 55234
INFO 2026-07-08 18:34:41,346 basehttp 4040 5468 "GET /media/products/1000525136.png HTTP/1.1" 304 0
INFO 2026-07-08 18:34:41,437 basehttp 4040 15976 "GET /media/products/1000525139.png HTTP/1.1" 304 0
INFO 2026-07-08 18:34:41,437 basehttp 4040 5468 "GET /media/products/1000525144.png HTTP/1.1" 304 0
INFO 2026-07-08 18:34:41,439 basehttp 4040 16132 "GET /media/products/1000525137.png HTTP/1.1" 304 0
INFO 2026-07-08 18:34:45,275 basehttp 4040 16132 "GET / HTTP/1.1" 200 66223
INFO 2026-07-08 18:34:52,481 basehttp 4040 16132 "GET /shop/?category=smart-watches HTTP/1.1" 200 62052
INFO 2026-07-08 18:36:59,324 basehttp 4040 16132 "GET / HTTP/1.1" 200 66223
INFO 2026-07-08 18:38:21,755 basehttp 4040 16132 "GET /admin HTTP/1.1" 301 0
INFO 2026-07-08 18:38:21,771 basehttp 4040 5468 "GET /admin/ HTTP/1.1" 302 0
INFO 2026-07-08 18:38:22,012 basehttp 4040 5468 "GET /admin/login/?next=/admin/ HTTP/1.1" 200 4177
INFO 2026-07-08 18:38:22,422 basehttp 4040 5468 "GET /static/admin/css/base.css HTTP/1.1" 200 22120
INFO 2026-07-08 18:38:22,443 basehttp 4040 22372 "GET /static/admin/css/nav_sidebar.css HTTP/1.1" 200 2810
INFO 2026-07-08 18:38:22,460 basehttp 4040 15976 "GET /static/admin/css/dark_mode.css HTTP/1.1" 200 2808
INFO 2026-07-08 18:38:22,470 basehttp 4040 20416 "GET /static/admin/css/login.css HTTP/1.1" 200 951
INFO 2026-07-08 18:38:22,476 basehttp 4040 1420 "GET /static/admin/css/responsive.css HTTP/1.1" 200 16565
INFO 2026-07-08 18:38:22,525 basehttp 4040 1420 "GET /static/admin/js/nav_sidebar.js HTTP/1.1" 200 3063
INFO 2026-07-08 18:38:22,525 basehttp 4040 16512 "GET /static/admin/js/theme.js HTTP/1.1" 200 1653
INFO 2026-07-08 18:38:27,651 basehttp 4040 16512 "POST /admin/login/?next=/admin/ HTTP/1.1" 302 0
INFO 2026-07-08 18:38:27,702 basehttp 4040 16512 "GET /admin/ HTTP/1.1" 200 13395
INFO 2026-07-08 18:38:27,744 basehttp 4040 16512 "GET /static/admin/css/dashboard.css HTTP/1.1" 200 441
INFO 2026-07-08 18:38:27,779 basehttp 4040 16512 "GET /static/admin/img/icon-addlink.svg HTTP/1.1" 200 331
INFO 2026-07-08 18:38:27,779 basehttp 4040 1420 "GET /static/admin/img/icon-changelink.svg HTTP/1.1" 200 380
INFO 2026-07-08 18:43:32,252 basehttp 4040 21980 "GET /shop/api/search/?q=wa HTTP/1.1" 200 1456
INFO 2026-07-08 18:43:32,926 basehttp 4040 21980 "GET /shop/api/search/?q=watc HTTP/1.1" 200 1371
INFO 2026-07-08 18:43:33,528 basehttp 4040 21980 "GET /shop/api/search/?q=watch HTTP/1.1" 200 1371
INFO 2026-07-08 18:43:35,598 basehttp 4040 21980 "GET /shop/oraimo-watch-nova-2n-193-amoled-smart-watch/ HTTP/1.1" 200 56192
INFO 2026-07-08 18:43:42,538 basehttp 4040 19844 "POST /basket/add/31/ HTTP/1.1" 200 59
INFO 2026-07-08 18:43:42,558 basehttp 4040 21980 "POST /basket/add/31/ HTTP/1.1" 200 59
INFO 2026-07-08 18:43:48,676 basehttp 4040 21980 "GET /basket/ HTTP/1.1" 200 61017
INFO 2026-07-08 18:43:59,592 basehttp 4040 21980 "GET /checkout/ HTTP/1.1" 200 60779
INFO 2026-07-08 18:44:55,258 basehttp 4040 19844 "GET / HTTP/1.1" 200 67373
INFO 2026-07-08 18:45:02,408 basehttp 4040 21980 - Broken pipe from ('127.0.0.1', 58797)
INFO 2026-07-08 18:45:13,598 basehttp 4040 19844 "GET /shop/ HTTP/1.1" 200 64586
INFO 2026-07-08 18:45:13,716 basehttp 4040 19844 "GET /media/CACHE/images/products/1000526988/297d1fbbf43ffd3ca8b68220c3a2f140.jpg HTTP/1.1" 304 0
INFO 2026-07-08 18:45:13,716 basehttp 4040 3368 "GET /media/CACHE/images/products/1000526987/a6d5a5e42638bdf81f7b75683fe48a56.jpg HTTP/1.1" 304 0
INFO 2026-07-08 18:45:13,739 basehttp 4040 19844 "GET /media/CACHE/images/products/1000526968/02476a1d1a2f6c83ad55fc518197d54c.jpg HTTP/1.1" 304 0
INFO 2026-07-08 18:45:13,764 basehttp 4040 3368 "GET /media/CACHE/images/products/1000533308/fc6d17f5b32815bb45102d95fb074d4c.jpg HTTP/1.1" 200 13965
INFO 2026-07-08 18:45:18,802 basehttp 4040 3368 "GET /shop/?category=neckbands HTTP/1.1" 200 55299
INFO 2026-07-08 18:45:24,007 basehttp 4040 3368 "GET /shop/ HTTP/1.1" 200 64586
INFO 2026-07-08 18:45:24,082 basehttp 4040 3368 "GET /media/CACHE/images/products/1000533308/fc6d17f5b32815bb45102d95fb074d4c.jpg HTTP/1.1" 304 0
INFO 2026-07-08 18:45:43,542 basehttp 4040 3368 "GET /checkout/track/ HTTP/1.1" 200 50100
INFO 2026-07-08 18:46:05,844 basehttp 4040 3368 "GET /admin/shop/product/ HTTP/1.1" 200 35781
INFO 2026-07-08 18:46:05,972 basehttp 4040 3368 "GET /static/admin/css/changelists.css HTTP/1.1" 200 6878
INFO 2026-07-08 18:46:05,988 basehttp 4040 13196 "GET /static/admin/js/jquery.init.js HTTP/1.1" 200 347
INFO 2026-07-08 18:46:06,064 basehttp 4040 11064 "GET /static/admin/js/core.js HTTP/1.1" 200 6208
INFO 2026-07-08 18:46:06,066 basehttp 4040 19844 "GET /admin/jsi18n/ HTTP/1.1" 200 3342
INFO 2026-07-08 18:46:06,078 basehttp 4040 13196 "GET /static/admin/js/actions.js HTTP/1.1" 200 8076
INFO 2026-07-08 18:46:06,083 basehttp 4040 3368 "GET /static/admin/js/urlify.js HTTP/1.1" 200 7887
INFO 2026-07-08 18:46:06,104 basehttp 4040 11048 "GET /static/admin/js/admin/RelatedObjectLookups.js HTTP/1.1" 200 9777
INFO 2026-07-08 18:46:06,116 basehttp 4040 13196 "GET /static/admin/img/icon-yes.svg HTTP/1.1" 200 436
INFO 2026-07-08 18:46:06,122 basehttp 4040 11064 "GET /static/admin/js/prepopulate.js HTTP/1.1" 200 1531
INFO 2026-07-08 18:46:06,136 basehttp 4040 3368 "GET /static/admin/img/search.svg HTTP/1.1" 200 458
INFO 2026-07-08 18:46:06,192 basehttp 4040 1072 "GET /static/admin/js/vendor/jquery/jquery.js HTTP/1.1" 200 285314
INFO 2026-07-08 18:46:06,238 basehttp 4040 1072 "GET /static/admin/js/filters.js HTTP/1.1" 200 978
INFO 2026-07-08 18:46:06,266 basehttp 4040 1072 "GET /static/admin/img/icon-no.svg HTTP/1.1" 200 560
INFO 2026-07-08 18:46:06,316 basehttp 4040 19844 "GET /static/admin/js/vendor/xregexp/xregexp.js HTTP/1.1" 200 325171
INFO 2026-07-08 18:46:06,360 basehttp 4040 19844 "GET /static/admin/img/tooltag-add.svg HTTP/1.1" 200 331
INFO 2026-07-08 18:46:06,362 basehttp 4040 1072 "GET /static/admin/img/icon-viewlink.svg HTTP/1.1" 200 581
INFO 2026-07-08 18:46:17,512 basehttp 4040 1072 "GET /admin/shop/category/ HTTP/1.1" 200 13258
INFO 2026-07-08 18:46:17,564 basehttp 4040 1072 "GET /admin/jsi18n/ HTTP/1.1" 200 3342
INFO 2026-07-08 18:46:20,303 basehttp 4040 1072 "GET /admin/shop/productvariant/ HTTP/1.1" 200 28172
INFO 2026-07-08 18:46:20,352 basehttp 4040 1072 "GET /admin/jsi18n/ HTTP/1.1" 200 3342
INFO 2026-07-08 18:46:22,994 basehttp 4040 1072 "GET /admin/shop/product/ HTTP/1.1" 200 35781
INFO 2026-07-08 18:46:23,044 basehttp 4040 1072 "GET /admin/jsi18n/ HTTP/1.1" 200 3342
INFO 2026-07-08 18:46:25,142 basehttp 4040 1072 "GET /admin/checkout/order/ HTTP/1.1" 200 26573
INFO 2026-07-08 18:46:25,198 basehttp 4040 1072 "GET /admin/jsi18n/ HTTP/1.1" 200 3342
INFO 2026-07-08 18:46:47,472 basehttp 4040 1072 "GET /admin/ HTTP/1.1" 200 13395
INFO 2026-07-08 18:48:48,406 basehttp 4040 1072 "GET / HTTP/1.1" 200 67373
INFO 2026-07-08 18:48:52,992 basehttp 4040 1072 "GET /shop/oraimo-safe-volt-surge-protector-tv-fridge-guard-1/ HTTP/1.1" 200 53677
INFO 2026-07-08 18:48:53,098 basehttp 4040 1072 "GET /media/products/1000533308.jpg HTTP/1.1" 304 0
INFO 2026-07-08 18:49:50,032 basehttp 4040 1072 "GET /shop/2 HTTP/1.1" 301 0
WARNING 2026-07-08 18:49:50,049 basehttp 4040 19844 "GET /shop/2/ HTTP/1.1" 404 3332
INFO 2026-07-08 18:51:41,792 basehttp 4040 19844 "GET / HTTP/1.1" 200 67373
INFO 2026-07-08 18:51:48,372 basehttp 4040 19844 "GET /shop/ HTTP/1.1" 200 64586
INFO 2026-07-08 18:51:48,500 basehttp 4040 19844 "GET /media/CACHE/images/products/1000533308/fc6d17f5b32815bb45102d95fb074d4c.jpg HTTP/1.1" 304 0
INFO 2026-07-08 18:51:52,752 basehttp 4040 19844 "GET /shop/oraimo-safe-volt-surge-protector-tv-fridge-guard-1/ HTTP/1.1" 200 53677
INFO 2026-07-08 18:52:28,783 basehttp 4040 19844 "GET / HTTP/1.1" 200 67373
INFO 2026-07-09 17:08:52,512 autoreload 16208 22132 Watching for file changes with StatReloader
INFO 2026-07-09 17:11:46,420 autoreload 5092 15848 Watching for file changes with StatReloader
INFO 2026-07-09 17:12:57,835 autoreload 16208 22132 C:\Users\Hp\Desktop\ORAIMOTECH\core\settings.py changed, reloading.
INFO 2026-07-09 17:12:58,626 autoreload 18536 1736 Watching for file changes with StatReloader
INFO 2026-07-09 17:12:58,701 autoreload 5092 15848 C:\Users\Hp\Desktop\ORAIMOTECH\core\settings.py changed, reloading.
INFO 2026-07-09 17:12:59,663 autoreload 23284 14668 Watching for file changes with StatReloader
INFO 2026-07-09 17:13:54,510 autoreload 23284 14668 C:\Users\Hp\Desktop\ORAIMOTECH\core\__init__.py changed, reloading.
INFO 2026-07-09 17:13:54,616 autoreload 18536 1736 C:\Users\Hp\Desktop\ORAIMOTECH\core\__init__.py changed, reloading.
INFO 2026-07-09 17:36:14,514 autoreload 15244 16936 Watching for file changes with StatReloader
INFO 2026-07-09 18:05:09,804 autoreload 15244 16936 C:\Users\Hp\Desktop\ORAIMOTECH\core\settings.py changed, reloading.
INFO 2026-07-09 18:05:11,146 autoreload 14216 21452 Watching for file changes with StatReloader
INFO 2026-07-09 18:06:14,461 basehttp 14216 13176 "GET / HTTP/1.1" 301 0
INFO 2026-07-09 18:06:14,496 basehttp 14216 11536 code 400, message Bad request version ('öKXCg¥J3\x8eÉ\x872I7;\x07')
ERROR 2026-07-09 18:06:14,497 basehttp 14216 11536 You're accessing the development server over HTTPS, but it only supports HTTP.
INFO 2026-07-09 18:06:14,499 basehttp 14216 2384 code 400, message Bad request version ('\x17,{\x8dý£<fÒÛU\x92\x8c\x12ë\x00')
ERROR 2026-07-09 18:06:14,500 basehttp 14216 2384 You're accessing the development server over HTTPS, but it only supports HTTP.
INFO 2026-07-09 18:06:16,343 basehttp 14216 10404 code 400, message Bad request version ('ÉÁÍc\x8e\x00')
INFO 2026-07-09 18:06:16,343 basehttp 14216 1256 code 400, message Bad request version ('\x0e\x88\x00')
ERROR 2026-07-09 18:06:16,344 basehttp 14216 10404 You're accessing the development server over HTTPS, but it only supports HTTP.
ERROR 2026-07-09 18:06:16,344 basehttp 14216 1256 You're accessing the development server over HTTPS, but it only supports HTTP.
INFO 2026-07-09 18:06:16,347 basehttp 14216 5152 code 400, message Bad request version ('\x02h2\x08http/1.1\x00-\x00\x02\x01\x01\x00')
INFO 2026-07-09 18:06:16,348 basehttp 14216 8452 code 400, message Bad HTTP/0.9 request type ('\x16\x03\x01\x06Æ\x01\x00\x06Â\x03\x03')
ERROR 2026-07-09 18:06:16,348 basehttp 14216 5152 You're accessing the development server over HTTPS, but it only supports HTTP.
ERROR 2026-07-09 18:06:16,349 basehttp 14216 8452 You're accessing the development server over HTTPS, but it only supports HTTP.
INFO 2026-07-09 18:07:50,623 autoreload 1928 13024 Watching for file changes with StatReloader
INFO 2026-07-09 18:08:47,370 basehttp 14216 14500 code 400, message Bad request version ('\x00\x02\x01\x00\x00+\x00\x07\x06\x9a\x9a\x03\x04\x03\x03\x00#\x00\x00\x00')
ERROR 2026-07-09 18:08:47,370 basehttp 14216 14500 You're accessing the development server over HTTPS, but it only supports HTTP.
INFO 2026-07-09 18:08:47,373 basehttp 14216 10204 code 400, message Bad request version ('¢°ÏFå\x8c«³Q×5½Å\x1bÂåHV#\x18\x88»\x10Lu')
ERROR 2026-07-09 18:08:47,374 basehttp 14216 10204 You're accessing the development server over HTTPS, but it only supports HTTP.
INFO 2026-07-09 18:08:59,591 autoreload 22852 1528 Watching for file changes with StatReloader
INFO 2026-07-09 18:09:03,892 basehttp 14216 6092 code 400, message Bad request version ('\x01\x10û½\x82)ª@\x9eÅÿaÿ\x05O¤×ì\x07¸l¿¬Ö\x99MÚð\x15\x87bh\x00')
INFO 2026-07-09 18:09:03,893 basehttp 14216 6728 code 400, message Bad request version ('\x02h2\x08http/1.1\x00')
ERROR 2026-07-09 18:09:03,894 basehttp 14216 6092 You're accessing the development server over HTTPS, but it only supports HTTP.
ERROR 2026-07-09 18:09:03,895 basehttp 14216 6728 You're accessing the development server over HTTPS, but it only supports HTTP.
INFO 2026-07-09 18:09:03,898 basehttp 14216 22768 code 400, message Bad request version ('"º½Õ')
INFO 2026-07-09 18:09:03,899 basehttp 14216 23388 code 400, message Bad request version ("~$\x98¶Ú'Q\x1aC\x02E¤\x94D\x92")
ERROR 2026-07-09 18:09:03,899 basehttp 14216 22768 You're accessing the development server over HTTPS, but it only supports HTTP.
ERROR 2026-07-09 18:09:03,899 basehttp 14216 23388 You're accessing the development server over HTTPS, but it only supports HTTP.
INFO 2026-07-09 18:09:30,042 basehttp 14216 6064 "GET / HTTP/1.1" 301 0
INFO 2026-07-09 18:09:30,342 basehttp 14216 18636 code 400, message Bad request version ('ÐÄÔ$]u;§`©f\x92\xad<Bè^\x16²¯9¥')
ERROR 2026-07-09 18:09:30,342 basehttp 14216 18636 You're accessing the development server over HTTPS, but it only supports HTTP.
INFO 2026-07-09 18:09:30,608 basehttp 14216 11756 code 400, message Bad request version ('\x89øwLqS')
ERROR 2026-07-09 18:09:30,608 basehttp 14216 11756 You're accessing the development server over HTTPS, but it only supports HTTP.
INFO 2026-07-09 18:09:30,657 basehttp 14216 836 code 400, message Bad request version ('\x9a\x9a\x13\x01\x13\x02\x13\x03À+À/À,À0Ì©Ì¨À\x13À\x14\x00\x9c\x00\x9d\x00/\x005\x01\x00\x06«ÚÚ\x00\x00\x003\x04ï\x04ízz\x00\x01\x00\x11ì\x04À9Ü2"6\x150YÊ#\x14O¹\x16\x10ÏU\x11JdÀ-GNô\x13©>r0q\x13a*Aa³ñ')
ERROR 2026-07-09 18:09:30,657 basehttp 14216 836 You're accessing the development server over HTTPS, but it only supports HTTP.
INFO 2026-07-09 18:09:30,913 basehttp 14216 17928 code 400, message Bad request version ('ç´d\x95\x10W\x05\x8eñ\x93~\x19!ZúÇ@\x94ð\x8f^Ô\x13\x06ó¬\x97\x04\x00\x93\x99µ\x02õ\x030Ù<»SÍz')
ERROR 2026-07-09 18:09:30,914 basehttp 14216 17928 You're accessing the development server over HTTPS, but it only supports HTTP.
INFO 2026-07-09 18:10:48,497 basehttp 14216 21124 "GET / HTTP/1.1" 301 0
INFO 2026-07-09 18:10:48,503 basehttp 14216 8920 code 400, message Bad request version ('\x003\x04ï\x04í')
ERROR 2026-07-09 18:10:48,504 basehttp 14216 8920 You're accessing the development server over HTTPS, but it only supports HTTP.
INFO 2026-07-09 18:10:48,508 basehttp 14216 20120 code 400, message Bad request version ('ÒÓ')
ERROR 2026-07-09 18:10:48,510 basehttp 14216 20120 You're accessing the development server over HTTPS, but it only supports HTTP.
INFO 2026-07-09 18:10:54,041 basehttp 14216 22324 code 400, message Bad request version ('ÚÚ\x13\x01\x13\x02\x13\x03À+À/À,À0Ì©Ì¨À\x13À\x14\x00\x9c\x00\x9d\x00/\x005\x01\x00\x06Yºº\x00\x00\x00\x1b\x00\x03\x02\x00\x02\x00\x05\x00\x05\x01\x00\x00\x00\x00\x00')
ERROR 2026-07-09 18:10:54,041 basehttp 14216 22324 You're accessing the development server over HTTPS, but it only supports HTTP.
INFO 2026-07-09 18:10:54,043 basehttp 14216 6040 code 400, message Bad request version ('å\x02¬!ª\x88\x95\x88\x00')
INFO 2026-07-09 18:10:54,044 basehttp 14216 10600 code 400, message Bad request version ('ª±-i\x16N%ÛÉJAÊ')
ERROR 2026-07-09 18:10:54,044 basehttp 14216 6040 You're accessing the development server over HTTPS, but it only supports HTTP.
ERROR 2026-07-09 18:10:54,045 basehttp 14216 10600 You're accessing the development server over HTTPS, but it only supports HTTP.
INFO 2026-07-09 18:10:54,047 basehttp 14216 2968 code 400, message Bad request version ('zz\x13\x01\x13\x02\x13\x03À+À/À,À0Ì©Ì¨À\x13À\x14\x00\x9c\x00\x9d\x00/\x005\x01\x00\x06yJJ\x00\x00\x00\x17\x00\x00\x00+\x00\x07\x06**\x03\x04\x03\x03\x00\x1b\x00\x03\x02\x00\x02\x00')
ERROR 2026-07-09 18:10:54,047 basehttp 14216 2968 You're accessing the development server over HTTPS, but it only supports HTTP.
INFO 2026-07-09 18:10:55,654 basehttp 14216 9336 code 400, message Bad request syntax ('\x16\x03\x01\x07\x06\x01\x00\x07\x02\x03\x03ï\x14Q\x90@§\x7f')
INFO 2026-07-09 18:10:55,654 basehttp 14216 11012 code 400, message Bad HTTP/0.9 request type ('\x16\x03\x01\x06Æ\x01\x00\x06Â\x03\x03\x91\x863\x11=1ów¤')
ERROR 2026-07-09 18:10:55,654 basehttp 14216 9336 You're accessing the development server over HTTPS, but it only supports HTTP.
ERROR 2026-07-09 18:10:55,654 basehttp 14216 11012 You're accessing the development server over HTTPS, but it only supports HTTP.
INFO 2026-07-09 18:10:55,654 basehttp 14216 19136 code 400, message Bad request version ('7ÇA©½c6\x95û')
INFO 2026-07-09 18:10:55,669 basehttp 14216 3644 code 400, message Bad request version ('ô\x17xx\x9d\\ê+\x8d1')
ERROR 2026-07-09 18:10:55,670 basehttp 14216 19136 You're accessing the development server over HTTPS, but it only supports HTTP.
ERROR 2026-07-09 18:10:55,670 basehttp 14216 3644 You're accessing the development server over HTTPS, but it only supports HTTP.
INFO 2026-07-09 18:11:02,183 basehttp 14216 20344 code 400, message Bad request version ('úú\x13\x01\x13\x02\x13\x03À+À/À,À0Ì©Ì¨À\x13À\x14\x00\x9c\x00\x9d\x00/\x005\x01\x00\x069úú\x00\x00ÿ\x01\x00\x01\x00\x00\x05\x00\x05\x01\x00\x00\x00\x00\x00')
ERROR 2026-07-09 18:11:02,183 basehttp 14216 20344 You're accessing the development server over HTTPS, but it only supports HTTP.
INFO 2026-07-09 18:11:02,186 basehttp 14216 16720 code 400, message Bad request version ('vJuO²©\x1a')
ERROR 2026-07-09 18:11:02,187 basehttp 14216 16720 You're accessing the development server over HTTPS, but it only supports HTTP.
INFO 2026-07-09 18:11:38,103 basehttp 14216 7852 code 400, message Bad HTTP/0.9 request type ('\x16\x03\x01\x07\x06\x01\x00\x07\x02\x03\x03Q°|né\x1aû©(\x83')
ERROR 2026-07-09 18:11:38,104 basehttp 14216 7852 You're accessing the development server over HTTPS, but it only supports HTTP.
INFO 2026-07-09 18:11:38,107 basehttp 14216 848 code 400, message Bad request version (';½©.\x10|h|ZME´Ä,Áj¬Q\x99Ó\x99\x08ë\x9c\x8bßZ¨\x83Ù\x96\x12é®ØÔÉó4Ê\x02ZÄ"\x18x@9]:s¹¡$Æ@6\\')
ERROR 2026-07-09 18:11:38,107 basehttp 14216 848 You're accessing the development server over HTTPS, but it only supports HTTP.
INFO 2026-07-09 18:13:55,508 basehttp 14216 16164 code 400, message Bad request version ('58v\x0fÓÁ~TÂ\x10,ä¹\x01\x19û\x0e\x00')
ERROR 2026-07-09 18:13:55,509 basehttp 14216 16164 You're accessing the development server over HTTPS, but it only supports HTTP.
INFO 2026-07-09 18:13:55,513 basehttp 14216 20088 code 400, message Bad request version ('ÚÚ\x13\x01\x13\x02\x13\x03À+À/À,À0Ì©Ì¨À\x13À\x14\x00\x9c\x00\x9d\x00/\x005\x01\x00\x06y\x9a\x9a\x00\x00\x003\x04ï\x04íúú\x00\x01\x00\x11ì\x04À¢ÃÍ¤°}\x8cñÍü*\x02m,«Bä\x89î;mEÙ\x816D#ù¤HUÀ\x82v@\x87\x19p\x04Zs')
ERROR 2026-07-09 18:13:55,513 basehttp 14216 20088 You're accessing the development server over HTTPS, but it only supports HTTP.
INFO 2026-07-09 18:14:10,646 basehttp 14216 18796 "GET /admin/ HTTP/1.1" 301 0
INFO 2026-07-09 18:14:10,653 basehttp 14216 21192 code 400, message Bad request version ('Pßô')
ERROR 2026-07-09 18:14:10,654 basehttp 14216 21192 You're accessing the development server over HTTPS, but it only supports HTTP.
INFO 2026-07-09 18:14:10,656 basehttp 14216 3852 code 400, message Bad request syntax ('\x16\x03\x01\x06æ\x01\x00\x06â\x03\x03\x10Ø\x0f"\x9a}A¡_Å\'h®7\x91«?D3\x95*4\x84·î2Eú\x06»yÁ ')
ERROR 2026-07-09 18:14:10,658 basehttp 14216 3852 You're accessing the development server over HTTPS, but it only supports HTTP.
INFO 2026-07-09 18:14:14,975 basehttp 14216 7696 code 400, message Bad request version ('ë')
INFO 2026-07-09 18:14:14,977 basehttp 14216 22844 code 400, message Bad request version ('JJ\x13\x01\x13\x02\x13\x03À+À/À,À0Ì©Ì¨À\x13À\x14\x00\x9c\x00\x9d\x00/\x005\x01\x00\x069\x8a\x8a\x00\x00\x00')
ERROR 2026-07-09 18:14:14,977 basehttp 14216 7696 You're accessing the development server over HTTPS, but it only supports HTTP.
ERROR 2026-07-09 18:14:14,978 basehttp 14216 22844 You're accessing the development server over HTTPS, but it only supports HTTP.
INFO 2026-07-09 18:14:14,981 basehttp 14216 13004 code 400, message Bad request version ('jj\x13\x01\x13\x02\x13\x03À+À/À,À0Ì©Ì¨À\x13À\x14\x00\x9c\x00\x9d\x00/\x005\x01\x00\x06YJJ\x00\x00\x00-\x00\x02\x01\x01\x00')
INFO 2026-07-09 18:14:14,981 basehttp 14216 22432 code 400, message Bad request version ('ÚÚ\x13\x01\x13\x02\x13\x03À+À/À,À0Ì©Ì¨À\x13À\x14\x00\x9c\x00\x9d\x00/\x005\x01\x00\x06\x99\x9a\x9a\x00\x00\x00')
ERROR 2026-07-09 18:14:14,982 basehttp 14216 13004 You're accessing the development server over HTTPS, but it only supports HTTP.
ERROR 2026-07-09 18:14:14,982 basehttp 14216 22432 You're accessing the development server over HTTPS, but it only supports HTTP.
INFO 2026-07-09 18:15:23,747 autoreload 4196 19784 Watching for file changes with StatReloader
INFO 2026-07-09 18:15:39,172 basehttp 4196 11964 "GET / HTTP/1.1" 301 0
INFO 2026-07-09 18:15:39,178 basehttp 4196 8716 code 400, message Bad request version ('::\x13\x01\x13\x02\x13\x03À+À/À,À0Ì©Ì¨À\x13À\x14\x00\x9c\x00\x9d\x00/\x005\x01\x00\x06y')
ERROR 2026-07-09 18:15:39,179 basehttp 4196 8716 You're accessing the development server over HTTPS, but it only supports HTTP.
INFO 2026-07-09 18:15:39,182 basehttp 4196 22216 code 400, message Bad request version ("·\x08O\x82c´)\x8f\x8eÃÀ\x99r\x01!NÅ»s\x83'\x8cë\x9bÉõHÁc\x00Ð_Atg¨\x18sÿäþe~Ú\x95\x846")
ERROR 2026-07-09 18:15:39,183 basehttp 4196 22216 You're accessing the development server over HTTPS, but it only supports HTTP.
INFO 2026-07-09 18:16:24,094 basehttp 4196 15920 "GET / HTTP/1.1" 301 0
INFO 2026-07-09 18:16:24,116 basehttp 4196 3436 code 400, message Bad request version ('T\x10')
ERROR 2026-07-09 18:16:24,118 basehttp 4196 3436 You're accessing the development server over HTTPS, but it only supports HTTP.
INFO 2026-07-09 18:16:24,131 basehttp 4196 1724 code 400, message Bad request version ('ç¡Å[óµÒ\x90X10\x94\x90Uòcè¿zÁ¡U\x8c¢ÉQ\x11\x8fCþÒ\x92øÙº\x1a/Üxh£¹\x7f\xad:-¡ã%¼\x16B\x8a²Y\x92\x9eÄM\x98"ü')
ERROR 2026-07-09 18:16:24,133 basehttp 4196 1724 You're accessing the development server over HTTPS, but it only supports HTTP.
INFO 2026-07-09 18:16:27,407 basehttp 4196 13184 code 400, message Bad HTTP/0.9 request type ('\x16\x03\x01\x06¦\x01\x00\x06¢\x03\x03Þ')
INFO 2026-07-09 18:16:27,409 basehttp 4196 16768 code 400, message Bad request version ('j\x14Yä\x04\x10ú¡ý\x02þ4\x13Í¯(i\x8bðÉMz\x1axïR\x16©IZ\x0fÕ·µ\x8b`i{6\x18Ôóñ\x04¨ÇG')
ERROR 2026-07-09 18:16:27,410 basehttp 4196 13184 You're accessing the development server over HTTPS, but it only supports HTTP.
ERROR 2026-07-09 18:16:27,411 basehttp 4196 16768 You're accessing the development server over HTTPS, but it only supports HTTP.
INFO 2026-07-09 18:16:27,418 basehttp 4196 14348 code 400, message Bad request version ('zz\x13\x01\x13\x02\x13\x03À+À/À,À0Ì©Ì¨À\x13À\x14\x00\x9c\x00\x9d\x00/\x005\x01\x00\x06y**\x00\x00\x00')
INFO 2026-07-09 18:16:27,421 basehttp 4196 9572 code 400, message Bad request version ('o\x04?õEÙ¼£\x12\x14B\x02\x00')
ERROR 2026-07-09 18:16:27,421 basehttp 4196 14348 You're accessing the development server over HTTPS, but it only supports HTTP.
ERROR 2026-07-09 18:16:27,422 basehttp 4196 9572 You're accessing the development server over HTTPS, but it only supports HTTP.
INFO 2026-07-09 18:21:20,020 basehttp 4196 15688 "GET / HTTP/1.1" 301 0
INFO 2026-07-09 18:21:20,026 basehttp 4196 19964 code 400, message Bad request version ('ÄS\x10¡1ý')
ERROR 2026-07-09 18:21:20,027 basehttp 4196 19964 You're accessing the development server over HTTPS, but it only supports HTTP.
INFO 2026-07-09 18:21:20,030 basehttp 4196 16036 code 400, message Bad request version ('.¦ù\x10ÖÐ«Pð\x8dâØ¢')
ERROR 2026-07-09 18:21:20,030 basehttp 4196 16036 You're accessing the development server over HTTPS, but it only supports HTTP.
INFO 2026-07-09 18:24:00,404 autoreload 7988 14212 Watching for file changes with StatReloader
INFO 2026-07-09 18:24:07,759 basehttp 7988 14440 code 400, message Bad request version ('\x06\x04\x03\x08\x04\x04\x01\x05\x03\x08\x05\x05\x01\x08\x06\x06\x01\x00\x17\x00\x00\x00')
ERROR 2026-07-09 18:24:07,760 basehttp 7988 14440 You're accessing the development server over HTTPS, but it only supports HTTP.
INFO 2026-07-09 18:24:07,761 basehttp 7988 12032 code 400, message Bad request version ('ÊÊ\x13\x01\x13\x02\x13\x03À+À/À,À0Ì©Ì¨À\x13À\x14\x00\x9c\x00\x9d\x00/\x005\x01\x00\x06\x99')
ERROR 2026-07-09 18:24:07,762 basehttp 7988 12032 You're accessing the development server over HTTPS, but it only supports HTTP.
INFO 2026-07-09 18:24:07,764 basehttp 7988 3888 code 400, message Bad request version ('úú\x13\x01\x13\x02\x13\x03À+À/À,À0Ì©Ì¨À\x13À\x14\x00\x9c\x00\x9d\x00/\x005\x01\x00\x06Y')
INFO 2026-07-09 18:24:07,766 basehttp 7988 21732 code 400, message Bad request version ('2O2rjUL=lvJoË;ô4\x92\x18\x99Ä§V\x95^Æ@ÑL¸0Üu\x92')
ERROR 2026-07-09 18:24:07,767 basehttp 7988 3888 You're accessing the development server over HTTPS, but it only supports HTTP.
ERROR 2026-07-09 18:24:07,769 basehttp 7988 21732 You're accessing the development server over HTTPS, but it only supports HTTP.
INFO 2026-07-09 18:24:49,350 basehttp 7988 18708 "GET / HTTP/1.1" 301 0
INFO 2026-07-09 18:24:49,368 basehttp 7988 10396 code 400, message Bad request version ('bæ\x9e')
ERROR 2026-07-09 18:24:49,368 basehttp 7988 10396 You're accessing the development server over HTTPS, but it only supports HTTP.
INFO 2026-07-09 18:24:49,368 basehttp 7988 21936 code 400, message Bad request version ('z4vHË>c\x14,¹£·ë:G\x9cy\x13Ó')
ERROR 2026-07-09 18:24:49,368 basehttp 7988 21936 You're accessing the development server over HTTPS, but it only supports HTTP.
INFO 2026-07-09 18:25:43,421 basehttp 7988 2460 code 400, message Bad request version ('\x02h2\x08http/1.1\x00')
ERROR 2026-07-09 18:25:43,421 basehttp 7988 2460 You're accessing the development server over HTTPS, but it only supports HTTP.
INFO 2026-07-09 18:25:43,421 basehttp 7988 9116 code 400, message Bad request version ('<*T¨ÃÞÌZüÑ^\x13ÞÇd\x00\x05\x00\x05\x01\x00\x00\x00\x00\x00')
ERROR 2026-07-09 18:25:43,421 basehttp 7988 9116 You're accessing the development server over HTTPS, but it only supports HTTP.
INFO 2026-07-09 18:26:54,700 basehttp 7988 272 "GET / HTTP/1.1" 301 0
INFO 2026-07-09 18:26:54,713 basehttp 7988 20144 code 400, message Bad request version ('\x06\x04\x03\x08\x04\x04\x01\x05\x03\x08\x05\x05\x01\x08\x06\x06\x01\x00')
ERROR 2026-07-09 18:26:54,714 basehttp 7988 20144 You're accessing the development server over HTTPS, but it only supports HTTP.
INFO 2026-07-09 18:26:54,716 basehttp 7988 2308 code 400, message Bad request version ('µXK$¼')
ERROR 2026-07-09 18:26:54,717 basehttp 7988 2308 You're accessing the development server over HTTPS, but it only supports HTTP.
INFO 2026-07-09 18:28:32,989 basehttp 7988 19736 "GET / HTTP/1.1" 301 0
INFO 2026-07-09 18:28:32,989 basehttp 7988 7944 code 400, message Bad request version ("\x00(\x13\x02\x13\x01À,À+À0À/À$À#À(À'À")
ERROR 2026-07-09 18:28:32,989 basehttp 7988 7944 You're accessing the development server over HTTPS, but it only supports HTTP.
INFO 2026-07-09 18:28:33,014 basehttp 7988 6896 code 400, message Bad request version ("\x92\x00(\x13\x02\x13\x01À,À+À0À/À$À#À(À'À")
ERROR 2026-07-09 18:28:33,014 basehttp 7988 6896 You're accessing the development server over HTTPS, but it only supports HTTP.
INFO 2026-07-09 18:30:45,534 autoreload 7988 14212 C:\Users\Hp\Desktop\ORAIMOTECH\core\__init__.py changed, reloading.
INFO 2026-07-09 18:30:46,120 autoreload 14216 21452 C:\Users\Hp\Desktop\ORAIMOTECH\core\__init__.py changed, reloading.
INFO 2026-07-09 18:30:48,218 autoreload 17816 4660 Watching for file changes with StatReloader
INFO 2026-07-09 18:30:48,432 autoreload 11280 18568 Watching for file changes with StatReloader
INFO 2026-07-09 18:31:01,597 autoreload 6448 19848 Watching for file changes with StatReloader
INFO 2026-07-09 18:34:17,573 autoreload 20144 9372 Watching for file changes with StatReloader
INFO 2026-07-09 18:35:26,356 autoreload 21752 22136 Watching for file changes with StatReloader
INFO 2026-07-09 18:35:33,064 basehttp 17816 22936 code 400, message Bad HTTP/0.9 request type ('\x16\x03\x01\x06Æ\x01\x00\x06Â\x03\x03ÒÕ¶ðéRâ¯')
INFO 2026-07-09 18:35:33,075 basehttp 17816 7064 code 400, message Bad request version ('\x06\x04\x03\x08\x04\x04\x01\x05\x03\x08\x05\x05\x01\x08\x06\x06\x01\x00\x05\x00\x05\x01\x00\x00\x00\x00\x00')
ERROR 2026-07-09 18:35:33,078 basehttp 17816 22936 You're accessing the development server over HTTPS, but it only supports HTTP.
ERROR 2026-07-09 18:35:33,078 basehttp 17816 7064 You're accessing the development server over HTTPS, but it only supports HTTP.
INFO 2026-07-09 18:35:33,085 basehttp 17816 12928 code 400, message Bad request version ('Bv\x9a$\x9a}G¢l')
INFO 2026-07-09 18:35:33,086 basehttp 17816 4300 code 400, message Bad request version ('\\pÉÃË0Ý÷\x86')
ERROR 2026-07-09 18:35:33,086 basehttp 17816 12928 You're accessing the development server over HTTPS, but it only supports HTTP.
ERROR 2026-07-09 18:35:33,086 basehttp 17816 4300 You're accessing the development server over HTTPS, but it only supports HTTP.
INFO 2026-07-09 18:35:36,514 basehttp 17816 18596 "GET / HTTP/1.1" 301 0
INFO 2026-07-09 18:35:36,519 basehttp 17816 18104 code 400, message Bad request version ('\x00\x02\x01\x00\x00')
ERROR 2026-07-09 18:35:36,520 basehttp 17816 18104 You're accessing the development server over HTTPS, but it only supports HTTP.
INFO 2026-07-09 18:35:36,523 basehttp 17816 23284 code 400, message Bad request syntax ('\x16\x03\x01\x06æ\x01\x00\x06â\x03\x03\x07¸¬4þ\x8a\x07Â>\x84©ö9H¯ùÝð-öêtÈþ¾PCK')
ERROR 2026-07-09 18:35:36,524 basehttp 17816 23284 You're accessing the development server over HTTPS, but it only supports HTTP.
INFO 2026-07-09 18:35:50,848 basehttp 17816 12944 code 400, message Bad request version ('\x00\x02\x01\x00\x00+\x00\x07\x06')
ERROR 2026-07-09 18:35:50,876 basehttp 17816 12944 You're accessing the development server over HTTPS, but it only supports HTTP.
INFO 2026-07-09 18:35:50,914 basehttp 17816 21108 code 400, message Bad request version ('\x06\x04\x03\x08\x04\x04\x01\x05\x03\x08\x05\x05\x01\x08\x06\x06\x01\x00')
ERROR 2026-07-09 18:35:50,947 basehttp 17816 21108 You're accessing the development server over HTTPS, but it only supports HTTP.
INFO 2026-07-09 18:36:58,751 basehttp 17816 24604 "GET / HTTP/1.1" 301 0
INFO 2026-07-09 18:36:59,061 basehttp 17816 24616 code 400, message Bad request version ('xEn\x15È±')
ERROR 2026-07-09 18:36:59,061 basehttp 17816 24616 You're accessing the development server over HTTPS, but it only supports HTTP.
INFO 2026-07-09 18:36:59,311 basehttp 17816 24624 code 400, message Bad request version ("\x80ú\x95q5'\x10%9\x91p¡Jvÿ¼U¤ë:\x9bÖ\x92yÌä\x97")
ERROR 2026-07-09 18:36:59,311 basehttp 17816 24624 You're accessing the development server over HTTPS, but it only supports HTTP.
INFO 2026-07-09 18:36:59,376 basehttp 17816 24628 code 400, message Bad request version ('jj\x13\x01\x13\x02\x13\x03À+À/À,À0Ì©Ì¨À\x13À\x14\x00\x9c\x00\x9d\x00/\x005\x01\x00\x06«')
ERROR 2026-07-09 18:36:59,376 basehttp 17816 24628 You're accessing the development server over HTTPS, but it only supports HTTP.
INFO 2026-07-09 18:36:59,621 basehttp 17816 24636 code 400, message Bad request version ('\x82ëø¹\x93¦â¿\x19ÎV[¥')
ERROR 2026-07-09 18:36:59,623 basehttp 17816 24636 You're accessing the development server over HTTPS, but it only supports HTTP.
INFO 2026-07-09 18:37:13,013 basehttp 17816 24424 "GET / HTTP/1.1" 301 0
INFO 2026-07-09 18:37:13,341 basehttp 17816 24340 code 400, message Bad request version ('\x00\x02\x01\x00\x00\x17\x00\x00\x00\x05\x00\x05\x01\x00\x00\x00\x00\x003\x04ï\x04íºº\x00\x01\x00\x11ì\x04À÷KA\x00\x10e8\x07!÷bÉ\x18)aÔ:\x13~"/Df\x10ÁD\x9fE17³©\x963d|3*')
ERROR 2026-07-09 18:37:13,341 basehttp 17816 24340 You're accessing the development server over HTTPS, but it only supports HTTP.
INFO 2026-07-09 18:37:13,591 basehttp 17816 24660 code 400, message Bad request version ('JJ\x13\x01\x13\x02\x13\x03À+À/À,À0Ì©Ì¨À\x13À\x14\x00\x9c\x00\x9d\x00/\x005\x01\x00\x06«\x9a\x9a\x00\x00\x00#\x00\x00\x00')
ERROR 2026-07-09 18:37:13,591 basehttp 17816 24660 You're accessing the development server over HTTPS, but it only supports HTTP.
INFO 2026-07-09 18:37:13,647 basehttp 17816 24652 code 400, message Bad request syntax ('\x16\x03\x01\x06Ø\x01\x00\x06Ô\x03\x03blnb4<\x95ðªx\xad')
ERROR 2026-07-09 18:37:13,647 basehttp 17816 24652 You're accessing the development server over HTTPS, but it only supports HTTP.
INFO 2026-07-09 18:37:13,910 basehttp 17816 24648 code 400, message Bad request syntax ('\x16\x03\x01\x06Ø\x01\x00\x06Ô\x03\x03çj<Rÿk¦5\x9a~\x19ðÉ1')
ERROR 2026-07-09 18:37:13,910 basehttp 17816 24648 You're accessing the development server over HTTPS, but it only supports HTTP.
INFO 2026-07-09 18:50:58,089 autoreload 14964 10260 Watching for file changes with StatReloader
INFO 2026-07-09 18:51:42,118 basehttp 14964 20944 code 400, message Bad request version ('\x96i©åØmréwpÖnYP`@\x06\x8cñ')
INFO 2026-07-09 18:51:42,118 basehttp 14964 24960 code 400, message Bad request version ('QHA\x8b\x05\x95øJÇv"\x91')
ERROR 2026-07-09 18:51:42,118 basehttp 14964 20944 You're accessing the development server over HTTPS, but it only supports HTTP.
ERROR 2026-07-09 18:51:42,118 basehttp 14964 24960 You're accessing the development server over HTTPS, but it only supports HTTP.
INFO 2026-07-09 18:51:42,383 basehttp 14964 25132 code 400, message Bad request version ('\x96"â\x08ª\x8c"°\x16f\x81\x07Éyâ+{\x18¼\x1a¶k\x8b±+÷Ü\x10þé\x89ß\x07')
ERROR 2026-07-09 18:51:42,383 basehttp 14964 25132 You're accessing the development server over HTTPS, but it only supports HTTP.
INFO 2026-07-09 18:51:42,439 basehttp 14964 24244 code 400, message Bad request version ('}û')
ERROR 2026-07-09 18:51:42,439 basehttp 14964 24244 You're accessing the development server over HTTPS, but it only supports HTTP.
INFO 2026-07-09 18:51:42,439 basehttp 14964 17384 code 400, message Bad request version ('localhost\x00')
ERROR 2026-07-09 18:51:42,439 basehttp 14964 17384 You're accessing the development server over HTTPS, but it only supports HTTP.
INFO 2026-07-09 18:51:42,702 basehttp 14964 6048 code 400, message Bad request version ('\x06\x04\x03\x08\x04\x04\x01\x05\x03\x08\x05\x05\x01\x08\x06\x06\x01\x00\x05\x00\x05\x01\x00\x00\x00\x00DÍ\x00\x05\x00\x03\x02h2\x00\x12\x00\x00\x00#\x00\x00\x00\x17\x00\x00\x003\x04ï\x04í')
ERROR 2026-07-09 18:51:42,702 basehttp 14964 6048 You're accessing the development server over HTTPS, but it only supports HTTP.
INFO 2026-07-09 18:52:34,278 basehttp 14964 20104 code 400, message Bad request version ('ügI3Î(B¶')
ERROR 2026-07-09 18:52:34,278 basehttp 14964 20104 You're accessing the development server over HTTPS, but it only supports HTTP.
INFO 2026-07-09 18:52:34,278 basehttp 14964 18252 code 400, message Bad request version ('¢í\x1b}\x00[\x97Éì\x86±B¦d´\x97~x\x8aµ¸L½Ê\x14\x91\x9c\x96f°hF@\xad\x9c<')
ERROR 2026-07-09 18:52:34,282 basehttp 14964 18252 You're accessing the development server over HTTPS, but it only supports HTTP.
INFO 2026-07-09 18:52:50,318 basehttp 14964 24164 "GET / HTTP/1.1" 301 0
INFO 2026-07-09 18:52:50,632 basehttp 14964 23896 code 400, message Bad request version ('t\xadÃH>')
ERROR 2026-07-09 18:52:50,632 basehttp 14964 23896 You're accessing the development server over HTTPS, but it only supports HTTP.
INFO 2026-07-09 18:52:50,882 basehttp 14964 22316 code 400, message Bad request version ('LØsÌ;')
ERROR 2026-07-09 18:52:50,882 basehttp 14964 22316 You're accessing the development server over HTTPS, but it only supports HTTP.
INFO 2026-07-09 18:52:50,940 basehttp 14964 14128 code 400, message Bad request version ('u\x8a\x11vÆ¸Ó®|Ò±©\x99\x8cÀ\x95¼Ä&#w¶~\x02÷')
ERROR 2026-07-09 18:52:50,940 basehttp 14964 14128 You're accessing the development server over HTTPS, but it only supports HTTP.
INFO 2026-07-09 18:52:51,198 basehttp 14964 9352 code 400, message Bad request version ('zz\x13\x01\x13\x02\x13\x03À+À/À,À0Ì©Ì¨À\x13À\x14\x00\x9c\x00\x9d\x00/\x005\x01\x00\x06K')
ERROR 2026-07-09 18:52:51,198 basehttp 14964 9352 You're accessing the development server over HTTPS, but it only supports HTTP.
INFO 2026-07-09 18:54:08,266 basehttp 14964 24912 "GET / HTTP/1.1" 301 0
INFO 2026-07-09 18:54:08,269 basehttp 14964 20020 code 400, message Bad request version ('\x95²d\x15üf¤C\x01')
ERROR 2026-07-09 18:54:08,273 basehttp 14964 20020 You're accessing the development server over HTTPS, but it only supports HTTP.
INFO 2026-07-09 18:54:08,277 basehttp 14964 24696 code 400, message Bad request version ("C;£\x94Â'")
ERROR 2026-07-09 18:54:08,277 basehttp 14964 24696 You're accessing the development server over HTTPS, but it only supports HTTP.
INFO 2026-07-09 19:00:12,370 autoreload 17816 4660 C:\Users\Hp\Desktop\ORAIMOTECH\core\settings.py changed, reloading.
INFO 2026-07-09 19:00:12,985 autoreload 11280 18568 C:\Users\Hp\Desktop\ORAIMOTECH\core\settings.py changed, reloading.
INFO 2026-07-09 19:00:13,070 autoreload 21752 22136 C:\Users\Hp\Desktop\ORAIMOTECH\core\settings.py changed, reloading.
INFO 2026-07-09 19:00:13,250 autoreload 14964 10260 C:\Users\Hp\Desktop\ORAIMOTECH\core\settings.py changed, reloading.
INFO 2026-07-09 19:00:15,119 autoreload 8824 19888 Watching for file changes with StatReloader
INFO 2026-07-09 19:00:15,345 autoreload 13092 8460 Watching for file changes with StatReloader
INFO 2026-07-09 19:00:15,525 autoreload 24504 23788 Watching for file changes with StatReloader
INFO 2026-07-09 19:00:15,532 autoreload 20532 24016 Watching for file changes with StatReloader
INFO 2026-07-09 19:00:32,417 autoreload 9768 22432 Watching for file changes with StatReloader
INFO 2026-07-09 19:02:20,487 basehttp 9768 21580 code 400, message Bad request version ('äP\x01|\x00ðë«£HÅ\x84NnYû\x01FE\x15')
ERROR 2026-07-09 19:02:20,489 basehttp 9768 21580 You're accessing the development server over HTTPS, but it only supports HTTP.
INFO 2026-07-09 19:02:20,489 basehttp 9768 24588 code 400, message Bad request version ('\x91\x03©\x9c\x11Ü{d\x93-\x19\x16ö¼Ñ©þ13\x84onÌ\x19rÕÝ\x98\x12¦;\x91cX9fº\x00')
ERROR 2026-07-09 19:02:20,492 basehttp 9768 24588 You're accessing the development server over HTTPS, but it only supports HTTP.
INFO 2026-07-09 19:03:48,451 basehttp 9768 22832 "GET / HTTP/1.1" 301 0
INFO 2026-07-09 19:03:48,465 basehttp 9768 7068 code 400, message Bad request version ("ã&Zæ8±ßÃ(O\x8cfùAô*µ©Õ$;\x98\x04d\x89Ç\x83|oÕÓL'\x94\x17x¬\x83cYó°Oß\x96i\\\x06Ã!\x81m[x5\x9b\x14uD\x95\\óÇîÎt¿S\x83\x00+\x00\x07\x06JJ\x03\x04\x03\x03\x00")
ERROR 2026-07-09 19:03:48,466 basehttp 9768 7068 You're accessing the development server over HTTPS, but it only supports HTTP.
INFO 2026-07-09 19:03:48,469 basehttp 9768 20120 code 400, message Bad request version ('ÚÚ\x13\x01\x13\x02\x13\x03À+À/À,À0Ì©Ì¨À\x13À\x14\x00\x9c\x00\x9d\x00/\x005\x01\x00\x06\x99zz\x00\x00\x00')
ERROR 2026-07-09 19:03:48,469 basehttp 9768 20120 You're accessing the development server over HTTPS, but it only supports HTTP.
INFO 2026-07-09 19:10:07,241 basehttp 9768 23664 "GET / HTTP/1.1" 301 0
INFO 2026-07-09 19:10:19,102 basehttp 9768 2188 "GET / HTTP/1.1" 301 0
INFO 2026-07-09 19:16:16,548 basehttp 8824 25488 code 400, message Bad request version ('¡\x7fè¸Ì\x07ÆÖ\x1ai')
INFO 2026-07-09 19:16:16,553 basehttp 8824 25176 code 400, message Bad request version ('§;X\x8d:q#\x81\x15-\x92G]ó;¹\x88ÊÄø\x116\x8fE')
ERROR 2026-07-09 19:16:16,558 basehttp 8824 25488 You're accessing the development server over HTTPS, but it only supports HTTP.
ERROR 2026-07-09 19:16:16,562 basehttp 8824 25176 You're accessing the development server over HTTPS, but it only supports HTTP.
INFO 2026-07-09 19:16:16,574 basehttp 8824 12188 code 400, message Bad request version ('\x02h2\x08http/1.1\x00\x1b\x00\x03\x02\x00\x02\x00')
INFO 2026-07-09 19:16:16,579 basehttp 8824 16692 code 400, message Bad request version ('êê\x13\x01\x13\x02\x13\x03À+À/À,À0Ì©Ì¨À\x13À\x14\x00\x9c\x00\x9d\x00/\x005\x01\x00\x06Yzz\x00\x00\x00\x1b\x00\x03\x02\x00\x02\x00')
ERROR 2026-07-09 19:16:16,579 basehttp 8824 12188 You're accessing the development server over HTTPS, but it only supports HTTP.
ERROR 2026-07-09 19:16:16,581 basehttp 8824 16692 You're accessing the development server over HTTPS, but it only supports HTTP.
INFO 2026-07-09 19:16:23,869 basehttp 9768 23320 code 400, message Bad request version ('\x02h2\x08http/1.1\x00#\x00\x00\x00\x05\x00\x05\x01\x00\x00\x00\x00\x00\x17\x00\x00\x00')
INFO 2026-07-09 19:16:23,871 basehttp 9768 5052 code 400, message Bad request version ('Çe\x05¾\x93\x9c³ø\x17«ÊÃT\x18\x98\x89ä\x13\x8d:jzr\x04Ï\x96U#Ë©')
ERROR 2026-07-09 19:16:23,873 basehttp 9768 23320 You're accessing the development server over HTTPS, but it only supports HTTP.
ERROR 2026-07-09 19:16:23,873 basehttp 9768 5052 You're accessing the development server over HTTPS, but it only supports HTTP.
INFO 2026-07-09 19:16:24,121 basehttp 9768 24308 code 400, message Bad request version ('êê\x13\x01\x13\x02\x13\x03À+À/À,À0Ì©Ì¨À\x13À\x14\x00\x9c\x00\x9d\x00/\x005\x01\x00\x06kªª\x00\x00\x003\x04ï\x04í**\x00\x01\x00\x11ì\x04À\x01¦\x7f\x9e¦\x11ª"\x14Ex_\x11')
ERROR 2026-07-09 19:16:24,121 basehttp 9768 24308 You're accessing the development server over HTTPS, but it only supports HTTP.
INFO 2026-07-09 19:16:24,188 basehttp 9768 24812 code 400, message Bad request version ('ÇÛ\x86ºs|:¿Ø')
INFO 2026-07-09 19:16:24,191 basehttp 9768 24960 code 400, message Bad request version ('ZZ\x13\x01\x13\x02\x13\x03À+À/À,À0Ì©Ì¨À\x13À\x14\x00\x9c\x00\x9d\x00/\x005\x01\x00\x06\x8b')
ERROR 2026-07-09 19:16:24,191 basehttp 9768 24812 You're accessing the development server over HTTPS, but it only supports HTTP.
ERROR 2026-07-09 19:16:24,191 basehttp 9768 24960 You're accessing the development server over HTTPS, but it only supports HTTP.
INFO 2026-07-09 19:16:24,433 basehttp 9768 20628 code 400, message Bad request version ('localhost\x00\x17\x00\x00DÍ\x00\x05\x00\x03\x02h2ÿ\x01\x00\x01\x00\x00')
ERROR 2026-07-09 19:16:24,433 basehttp 9768 20628 You're accessing the development server over HTTPS, but it only supports HTTP.
INFO 2026-07-09 19:17:54,663 autoreload 22544 25516 Watching for file changes with StatReloader
INFO 2026-07-09 19:18:06,398 basehttp 22544 25576 "GET / HTTP/1.1" 200 56948
WARNING 2026-07-09 19:18:07,191 basehttp 22544 25576 "GET /favicon.ico HTTP/1.1" 404 48979
INFO 2026-07-09 19:18:33,653 basehttp 22544 20444 code 400, message Bad request version ('JJ\x13\x01\x13\x02\x13\x03À+À/À,À0Ì©Ì¨À\x13À\x14\x00\x9c\x00\x9d\x00/\x005\x01\x00\x069ÚÚ\x00\x00\x00\x05\x00\x05\x01\x00\x00\x00\x00\x00')
ERROR 2026-07-09 19:18:33,653 basehttp 22544 20444 You're accessing the development server over HTTPS, but it only supports HTTP.
INFO 2026-07-09 19:18:33,659 basehttp 22544 7612 code 400, message Bad request version ('\x00\x02\x01\x00\x00\x05\x00\x05\x01\x00\x00\x00\x00\x00+\x00\x07\x06jj\x03\x04\x03\x03\x00\x12\x00\x00ÿ\x01\x00\x01\x00\x00')
ERROR 2026-07-09 19:18:33,659 basehttp 22544 7612 You're accessing the development server over HTTPS, but it only supports HTTP.
INFO 2026-07-09 19:18:38,971 basehttp 22544 25576 "GET / HTTP/1.1" 200 56948
INFO 2026-07-09 19:21:11,576 basehttp 22544 25548 code 400, message Bad request version ('\x8a\x8a\x13\x01\x13\x02\x13\x03À+À/À,À0Ì©Ì¨À\x13À\x14\x00\x9c\x00\x9d\x00/\x005\x01\x00\x06\x99êê\x00\x00DÍ\x00\x05\x00\x03\x02h2\x00')
ERROR 2026-07-09 19:21:11,578 basehttp 22544 25548 You're accessing the development server over HTTPS, but it only supports HTTP.
INFO 2026-07-09 19:21:11,582 basehttp 22544 23408 code 400, message Bad request version ('ÚÚ\x13\x01\x13\x02\x13\x03À+À/À,À0Ì©Ì¨À\x13À\x14\x00\x9c\x00\x9d\x00/\x005\x01\x00\x069ZZ\x00\x00\x00\x12\x00\x00\x00\x05\x00\x05\x01\x00\x00\x00\x00\x00-\x00\x02\x01\x01\x003\x04ï\x04í')
ERROR 2026-07-09 19:21:11,582 basehttp 22544 23408 You're accessing the development server over HTTPS, but it only supports HTTP.
INFO 2026-07-09 19:21:23,147 basehttp 22544 7780 code 400, message Bad request version ('\x06\x04\x03\x08\x04\x04\x01\x05\x03\x08\x05\x05\x01\x08\x06\x06\x01\x00')
INFO 2026-07-09 19:21:23,147 basehttp 22544 23532 code 400, message Bad request version ('::\x13\x01\x13\x02\x13\x03À+À/À,À0Ì©Ì¨À\x13À\x14\x00\x9c\x00\x9d\x00/\x005\x01\x00\x069ºº\x00\x00\x00+\x00\x07\x06\x1a\x1a\x03\x04\x03\x03\x00#\x00\x00\x00')
ERROR 2026-07-09 19:21:23,147 basehttp 22544 7780 You're accessing the development server over HTTPS, but it only supports HTTP.
ERROR 2026-07-09 19:21:23,147 basehttp 22544 23532 You're accessing the development server over HTTPS, but it only supports HTTP.
INFO 2026-07-09 19:21:23,151 basehttp 22544 24452 code 400, message Bad request version ('::\x13\x01\x13\x02\x13\x03À+À/À,À0Ì©Ì¨À\x13À\x14\x00\x9c\x00\x9d\x00/\x005\x01\x00\x06\x99úú\x00\x00\x00\x05\x00\x05\x01\x00\x00\x00\x00ÿ\x01\x00\x01\x00DÍ\x00\x05\x00\x03\x02h2\x00')
INFO 2026-07-09 19:21:23,151 basehttp 22544 11408 code 400, message Bad request version ('K]ó\x08\x83¢\x01eðQB¡)ÁR©\x18\x119\x102ªQà\x14')
ERROR 2026-07-09 19:21:23,151 basehttp 22544 24452 You're accessing the development server over HTTPS, but it only supports HTTP.
ERROR 2026-07-09 19:21:23,151 basehttp 22544 11408 You're accessing the development server over HTTPS, but it only supports HTTP.
INFO 2026-07-09 19:21:41,550 basehttp 8824 3520 "GET / HTTP/1.1" 301 0
INFO 2026-07-09 19:21:41,650 basehttp 8824 24608 code 400, message Bad request version ('\x80\x13M°u\x13Ò\x8b¯Ñåö')
ERROR 2026-07-09 19:21:41,650 basehttp 8824 24608 You're accessing the development server over HTTPS, but it only supports HTTP.
INFO 2026-07-09 19:21:41,667 basehttp 8824 16656 code 400, message Bad request version ('`ÉH\x0eSdB¤(íyõº\x04¢lÖö\x07é')
ERROR 2026-07-09 19:21:41,668 basehttp 8824 16656 You're accessing the development server over HTTPS, but it only supports HTTP.
INFO 2026-07-09 19:21:45,887 basehttp 8824 23196 code 400, message Bad request version ('øOù')
ERROR 2026-07-09 19:21:45,887 basehttp 8824 23196 You're accessing the development server over HTTPS, but it only supports HTTP.
INFO 2026-07-09 19:21:45,890 basehttp 8824 24816 code 400, message Bad request syntax ('\x16\x03\x01\x07\x00\x01\x00\x06ü\x03\x03?8AÖ\x9bßr\x10Þã?ìÂyß\x8a\x83ÿ¹C')
ERROR 2026-07-09 19:21:45,890 basehttp 8824 24816 You're accessing the development server over HTTPS, but it only supports HTTP.
INFO 2026-07-09 19:21:45,907 basehttp 8824 23492 code 400, message Bad request version ('::\x13\x01\x13\x02\x13\x03À+À/À,À0Ì©Ì¨À\x13À\x14\x00\x9c\x00\x9d\x00/\x005\x01\x00\x06s')
INFO 2026-07-09 19:21:45,907 basehttp 8824 21012 code 400, message Bad request version ('´>\x97d©Q"\x02QÄ²P\x83\x9c\x8c¹¹\x93`\x00°°Ô\x83\x11âëðXÌÕ^Ý¨ÐE³µ\x02§¶u\x87\x83C!\x0f_¤\x84þ"%¾^¯½t\x7fl?ÈJx½Å´\x01»\x92^\x92\x99©ð(}1©c\x0f%\x9f\'BqHê\x01I\x82w|!fb±Û3SÃvf´Ä_\x96*Ð')
ERROR 2026-07-09 19:21:45,907 basehttp 8824 23492 You're accessing the development server over HTTPS, but it only supports HTTP.
ERROR 2026-07-09 19:21:45,907 basehttp 8824 21012 You're accessing the development server over HTTPS, but it only supports HTTP.
INFO 2026-07-09 19:25:57,020 basehttp 8824 24588 "GET /shop/ HTTP/1.1" 301 0
INFO 2026-07-09 19:25:57,027 basehttp 8824 3548 code 400, message Bad request version ('\x131u\xad\x00\x05\x00\x05\x01\x00\x00\x00\x00\x00\x17\x00\x00\x00')
ERROR 2026-07-09 19:25:57,032 basehttp 8824 3548 You're accessing the development server over HTTPS, but it only supports HTTP.
INFO 2026-07-09 19:25:57,037 basehttp 8824 25564 code 400, message Bad request version ('£\x9aï\x83\x18\x97Ls±\x89')
ERROR 2026-07-09 19:25:57,037 basehttp 8824 25564 You're accessing the development server over HTTPS, but it only supports HTTP.
INFO 2026-07-09 19:29:20,888 autoreload 24584 7324 Watching for file changes with StatReloader
INFO 2026-07-09 19:41:31,098 autoreload 7616 23920 Watching for file changes with StatReloader
INFO 2026-07-09 19:41:42,997 basehttp 7616 23100 "GET / HTTP/1.1" 200 56948
INFO 2026-07-09 19:42:52,037 basehttp 7616 23216 "GET / HTTP/1.1" 200 56948
INFO 2026-07-09 19:44:27,595 basehttp 7616 10024 "GET / HTTP/1.1" 200 56948
INFO 2026-07-09 19:45:51,229 basehttp 7616 11032 code 400, message Bad HTTP/0.9 request type ('\x16\x03\x01\x06à\x01\x00\x06Ü\x03\x035y6ïÒI6¸ú\x90V¿±')
ERROR 2026-07-09 19:45:51,235 basehttp 7616 11032 You're accessing the development server over HTTPS, but it only supports HTTP.
INFO 2026-07-09 19:45:51,324 basehttp 7616 16000 code 400, message Bad request version ('\x1a\x1a\x13\x01\x13\x02\x13\x03À+À/À,À0Ì©Ì¨À\x13À\x14\x00\x9c\x00\x9d\x00/\x005\x01\x00\x063\x1a\x1a\x00\x00\x00#\x00\x00\x00\x12\x00\x00\x00+\x00\x07\x06')
INFO 2026-07-09 19:45:51,326 basehttp 7616 12980 code 400, message Bad request version ('~C5\x8b\x8e^\x88NN\x0e;Æ\x12o%¼ëª¤k\x80\x86bòh')
ERROR 2026-07-09 19:45:51,326 basehttp 7616 16000 You're accessing the development server over HTTPS, but it only supports HTTP.
ERROR 2026-07-09 19:45:51,326 basehttp 7616 12980 You're accessing the development server over HTTPS, but it only supports HTTP.
INFO 2026-07-09 19:45:51,348 basehttp 7616 23196 code 400, message Bad request version ('\x02h2\x08http/1.1\x003\x04ï\x04í')
ERROR 2026-07-09 19:45:51,355 basehttp 7616 23196 You're accessing the development server over HTTPS, but it only supports HTTP.
INFO 2026-07-09 19:46:01,640 basehttp 7616 12916 - Broken pipe from ('192.168.0.103', 45026)
INFO 2026-07-09 19:46:01,640 basehttp 7616 19496 - Broken pipe from ('192.168.0.103', 45016)
INFO 2026-07-09 19:46:43,659 basehttp 7616 24436 code 400, message Bad request syntax ('\x16\x03\x01\x07\x00\x01\x00\x06ü\x03\x03Þ÷ÜÄR\x92ä\x8fº\x1aô¶\x84ß³')
ERROR 2026-07-09 19:46:43,659 basehttp 7616 24436 You're accessing the development server over HTTPS, but it only supports HTTP.
INFO 2026-07-09 19:46:43,667 basehttp 7616 18096 code 400, message Bad request version ('**\x13\x01\x13\x02\x13\x03À+À/À,À0Ì©Ì¨À\x13À\x14\x00\x9c\x00\x9d\x00/\x005\x01\x00\x06\x93::\x00\x00\x00\x05\x00\x05\x01\x00\x00\x00\x00\x00\x12\x00\x00\x00')
ERROR 2026-07-09 19:46:43,667 basehttp 7616 18096 You're accessing the development server over HTTPS, but it only supports HTTP.
INFO 2026-07-09 19:46:54,346 basehttp 7616 22648 - Broken pipe from ('192.168.0.103', 46932)
INFO 2026-07-09 19:46:54,346 basehttp 7616 3404 - Broken pipe from ('192.168.0.103', 46938)
INFO 2026-07-09 19:48:38,190 autoreload 7616 23920 C:\Users\Hp\Desktop\ORAIMOTECH\core\settings.py changed, reloading.
INFO 2026-07-09 19:49:49,565 autoreload 12376 17392 Watching for file changes with StatReloader
INFO 2026-07-09 19:50:22,736 basehttp 12376 12568 code 400, message Bad request version ('PäÍ\x89')
ERROR 2026-07-09 19:50:22,737 basehttp 12376 12568 You're accessing the development server over HTTPS, but it only supports HTTP.
INFO 2026-07-09 19:50:22,750 basehttp 12376 20724 code 400, message Bad request syntax ('\x16\x03\x01\x06à\x01\x00\x06Ü\x03\x03»\x9d±|3éþ;Ó\x151\x00hN')
ERROR 2026-07-09 19:50:22,752 basehttp 12376 20724 You're accessing the development server over HTTPS, but it only supports HTTP.
INFO 2026-07-09 19:50:37,747 basehttp 12376 15176 - Broken pipe from ('192.168.0.103', 34172)
INFO 2026-07-09 19:50:37,755 basehttp 12376 24484 - Broken pipe from ('192.168.0.103', 34184)
INFO 2026-07-09 19:53:24,317 basehttp 12376 22760 "GET / HTTP/1.1" 200 56948
INFO 2026-07-09 20:00:24,084 autoreload 12084 27752 Watching for file changes with StatReloader
INFO 2026-07-09 20:00:37,686 basehttp 12084 24888 code 400, message Bad request version ('¬Ú\x19&È³-°[[ûL\x83gå²ÿ\x88U(9gY)u\xad\x84\x930Ð#¡')
ERROR 2026-07-09 20:00:37,687 basehttp 12084 24888 You're accessing the development server over HTTPS, but it only supports HTTP.
INFO 2026-07-09 20:00:37,785 basehttp 12084 15736 code 400, message Bad request version ('\x81Ê3&-·\x8d')
INFO 2026-07-09 20:00:37,787 basehttp 12084 28376 code 400, message Bad request version ('\x02h2\x08http/1.1\x00')
ERROR 2026-07-09 20:00:37,787 basehttp 12084 15736 You're accessing the development server over HTTPS, but it only supports HTTP.
ERROR 2026-07-09 20:00:37,787 basehttp 12084 28376 You're accessing the development server over HTTPS, but it only supports HTTP.
INFO 2026-07-09 20:00:37,886 basehttp 12084 6788 code 400, message Bad request version ('iJWÔ\x9c')
ERROR 2026-07-09 20:00:37,886 basehttp 12084 6788 You're accessing the development server over HTTPS, but it only supports HTTP.
INFO 2026-07-09 20:02:04,661 autoreload 24228 10172 Watching for file changes with StatReloader
INFO 2026-07-09 20:02:09,935 basehttp 24228 24124 code 400, message Bad request version ('\x00\x02\x01\x00\x00\x1b\x00\x03\x02\x00\x02\x00')
ERROR 2026-07-09 20:02:09,935 basehttp 24228 24124 You're accessing the development server over HTTPS, but it only supports HTTP.
INFO 2026-07-09 20:02:09,967 basehttp 24228 16452 code 400, message Bad request version ('\x19¦EO|\x88XJ\x12?9~\x95\x8bC')
ERROR 2026-07-09 20:02:09,967 basehttp 24228 16452 You're accessing the development server over HTTPS, but it only supports HTTP.
INFO 2026-07-09 20:02:16,416 basehttp 24228 25264 - Broken pipe from ('192.168.0.103', 36808)
INFO 2026-07-09 20:02:16,416 basehttp 24228 23052 - Broken pipe from ('192.168.0.103', 36804)
INFO 2026-07-09 20:02:23,997 basehttp 24228 15888 "GET / HTTP/1.1" 200 56948
WARNING 2026-07-09 20:02:25,819 basehttp 24228 15888 "GET /favicon.ico HTTP/1.1" 404 3297
INFO 2026-07-09 20:02:35,215 basehttp 24228 15888 - Broken pipe from ('192.168.0.103', 39286)
INFO 2026-07-09 20:03:39,955 basehttp 24228 28468 code 400, message Bad request version ('ºº\x13\x01\x13\x02\x13\x03À+À/À,À0Ì©Ì¨À\x13À\x14\x00\x9c\x00\x9d\x00/\x005\x01\x00\x06Y')
ERROR 2026-07-09 20:03:39,961 basehttp 24228 28468 You're accessing the development server over HTTPS, but it only supports HTTP.
INFO 2026-07-09 20:03:39,964 basehttp 24228 3024 code 400, message Bad request version ('â½\x17y¾4Òztã')
ERROR 2026-07-09 20:03:39,964 basehttp 24228 3024 You're accessing the development server over HTTPS, but it only supports HTTP.
INFO 2026-07-09 20:05:51,841 basehttp 24228 28552 code 400, message Bad request version ('`\x19\x8b¡ü\\à\x961£\x95\x92h«Á9ùo®\x05BÌ"ãÚ»2@\x04\x15/]\x00°¼\x92ö»ó^¨\x16iR\x00\x15L·\x08³\x91ä\x91O')
ERROR 2026-07-09 20:05:51,843 basehttp 24228 28552 You're accessing the development server over HTTPS, but it only supports HTTP.
INFO 2026-07-09 20:05:51,848 basehttp 24228 20188 code 400, message Bad request version ('à:¶ö~\x93\x90ø&ì_vÉv&')
ERROR 2026-07-09 20:05:51,849 basehttp 24228 20188 You're accessing the development server over HTTPS, but it only supports HTTP.
INFO 2026-07-09 20:08:53,356 basehttp 24228 20152 "GET / HTTP/1.1" 200 56948
WARNING 2026-07-09 20:08:55,138 basehttp 24228 20152 "GET /favicon.ico HTTP/1.1" 404 3293
INFO 2026-07-09 20:09:35,753 basehttp 24228 25536 code 400, message Bad request syntax ("\x16\x03\x01\x06¦\x01\x00\x06¢\x03\x03\x8f'aLþEh")
ERROR 2026-07-09 20:09:35,760 basehttp 24228 25536 You're accessing the development server over HTTPS, but it only supports HTTP.
INFO 2026-07-09 20:09:35,786 basehttp 24228 24852 code 400, message Bad request version ('\x00')
ERROR 2026-07-09 20:09:35,791 basehttp 24228 24852 You're accessing the development server over HTTPS, but it only supports HTTP.
INFO 2026-07-09 20:11:33,158 basehttp 24228 26108 "GET / HTTP/1.1" 200 56948
WARNING 2026-07-09 20:11:34,845 basehttp 24228 26108 "GET /favicon.ico HTTP/1.1" 404 3293
INFO 2026-07-09 20:12:09,482 basehttp 24228 18940 code 400, message Bad request version ('ZZ\x13\x01\x13\x02\x13\x03À+À/À,À0Ì©Ì¨À\x13À\x14\x00\x9c\x00\x9d\x00/\x005\x01\x00\x063')
ERROR 2026-07-09 20:12:09,489 basehttp 24228 18940 You're accessing the development server over HTTPS, but it only supports HTTP.
INFO 2026-07-09 20:12:09,521 basehttp 24228 27016 code 400, message Bad request version ('ÊÊ\x13\x01\x13\x02\x13\x03À+À/À,À0Ì©Ì¨À\x13À\x14\x00\x9c\x00\x9d\x00/\x005\x01\x00\x06s**\x00\x00\x00-\x00\x02\x01\x01\x00')
ERROR 2026-07-09 20:12:09,522 basehttp 24228 27016 You're accessing the development server over HTTPS, but it only supports HTTP.
INFO 2026-07-09 20:12:09,992 basehttp 24228 2356 code 400, message Bad request version ('\x00\x12\x00\x10\x04\x03\x08\x04\x04\x01\x05\x03\x08\x05\x05\x01\x08\x06\x06\x01\x00\x05\x00\x05\x01\x00\x00\x00\x00\x00')
ERROR 2026-07-09 20:12:09,992 basehttp 24228 2356 You're accessing the development server over HTTPS, but it only supports HTTP.
INFO 2026-07-09 20:12:10,003 basehttp 24228 24584 code 400, message Bad request version ('**\x13\x01\x13\x02\x13\x03À+À/À,À0Ì©Ì¨À\x13À\x14\x00\x9c\x00\x9d\x00/\x005\x01\x00\x06s')
INFO 2026-07-09 20:12:10,005 basehttp 24228 27276 code 400, message Bad request version ('¬4Y\x9e')
ERROR 2026-07-09 20:12:10,005 basehttp 24228 24584 You're accessing the development server over HTTPS, but it only supports HTTP.
ERROR 2026-07-09 20:12:10,006 basehttp 24228 27276 You're accessing the development server over HTTPS, but it only supports HTTP.
INFO 2026-07-09 20:12:10,023 basehttp 24228 2244 code 400, message Bad request version ('"½')
ERROR 2026-07-09 20:12:10,024 basehttp 24228 2244 You're accessing the development server over HTTPS, but it only supports HTTP.
INFO 2026-07-09 20:12:54,099 basehttp 24228 24180 "GET / HTTP/1.1" 200 56948
INFO 2026-07-09 20:13:25,045 basehttp 24228 24180 "GET / HTTP/1.1" 200 56948
INFO 2026-07-09 20:13:54,994 basehttp 24228 24180 - Broken pipe from ('192.168.0.103', 39558)
INFO 2026-07-09 20:13:54,995 basehttp 24228 6388 - Broken pipe from ('192.168.0.103', 38274)
INFO 2026-07-09 20:16:13,283 basehttp 24228 26108 "GET /shop/ HTTP/1.1" 200 50148
INFO 2026-07-09 20:16:16,711 basehttp 24228 26108 "GET /shop/?sort=price_asc HTTP/1.1" 200 50148
INFO 2026-07-09 20:16:17,795 basehttp 24228 26108 "GET /shop/?sort=price_desc HTTP/1.1" 200 50148
INFO 2026-07-09 20:16:20,313 basehttp 24228 26108 "GET / HTTP/1.1" 200 56948
INFO 2026-07-09 20:16:23,275 basehttp 24228 26108 "GET /admin/ HTTP/1.1" 302 0
INFO 2026-07-09 20:16:23,932 basehttp 24228 26108 "GET /admin/login/?next=/admin/ HTTP/1.1" 200 4162
INFO 2026-07-09 20:16:24,003 basehttp 24228 22316 "GET /static/admin/css/dark_mode.css HTTP/1.1" 200 2682
INFO 2026-07-09 20:16:24,005 basehttp 24228 8228 "GET /static/admin/css/nav_sidebar.css HTTP/1.1" 200 2810
INFO 2026-07-09 20:16:24,014 basehttp 24228 14816 "GET /static/admin/css/login.css HTTP/1.1" 200 958
INFO 2026-07-09 20:16:24,020 basehttp 24228 26108 "GET /static/admin/css/base.css HTTP/1.1" 200 21544
INFO 2026-07-09 20:16:24,024 basehttp 24228 22316 "GET /static/admin/js/theme.js HTTP/1.1" 200 1943
INFO 2026-07-09 20:16:24,027 basehttp 24228 14020 "GET /static/admin/css/responsive.css HTTP/1.1" 200 17905
INFO 2026-07-09 20:16:24,255 basehttp 24228 8228 "GET /static/admin/js/nav_sidebar.js HTTP/1.1" 200 3063
INFO 2026-07-09 20:16:43,932 basehttp 24228 8228 "POST /admin/login/?next=/admin/ HTTP/1.1" 200 4323
INFO 2026-07-09 20:16:53,421 basehttp 24228 8228 "POST /admin/login/?next=/admin/ HTTP/1.1" 200 4323
ERROR 2026-07-09 20:17:39,111 log 24228 8228 Internal Server Error: /admin/login/
Traceback (most recent call last):
  File "C:\Users\Hp\Desktop\ORAIMOTECH\venv\Lib\site-packages\django_redis\cache.py", line 29, in _decorator
    return method(self, *args, **kwargs)
           ^^^^^^^^^^^^^^^^^^^^^^^^^^^^^
  File "C:\Users\Hp\Desktop\ORAIMOTECH\venv\Lib\site-packages\django_redis\cache.py", line 138, in has_key
    return self.client.has_key(*args, **kwargs)
           ^^^^^^^^^^^^^^^^^^^^^^^^^^^^^^^^^^^^
  File "C:\Users\Hp\Desktop\ORAIMOTECH\venv\Lib\site-packages\django_redis\client\default.py", line 670, in has_key
    raise ConnectionInterrupted(connection=client) from e
django_redis.exceptions.ConnectionInterrupted: Redis ConnectionError: Error 10061 connecting to localhost:6379. No connection could be made because the target machine actively refused it.

During handling of the above exception, another exception occurred:

Traceback (most recent call last):
  File "C:\Users\Hp\Desktop\ORAIMOTECH\venv\Lib\site-packages\django\core\handlers\exception.py", line 55, in inner
    response = get_response(request)
               ^^^^^^^^^^^^^^^^^^^^^
  File "C:\Users\Hp\Desktop\ORAIMOTECH\venv\Lib\site-packages\django\core\handlers\base.py", line 197, in _get_response
    response = wrapped_callback(request, *callback_args, **callback_kwargs)
               ^^^^^^^^^^^^^^^^^^^^^^^^^^^^^^^^^^^^^^^^^^^^^^^^^^^^^^^^^^^^
  File "C:\Users\Hp\Desktop\ORAIMOTECH\venv\Lib\site-packages\django\utils\decorators.py", line 48, in _wrapper
    return bound_method(*args, **kwargs)
           ^^^^^^^^^^^^^^^^^^^^^^^^^^^^^
  File "C:\Users\Hp\Desktop\ORAIMOTECH\venv\Lib\site-packages\django\views\decorators\cache.py", line 80, in _view_wrapper
    response = view_func(request, *args, **kwargs)
               ^^^^^^^^^^^^^^^^^^^^^^^^^^^^^^^^^^^
  File "C:\Users\Hp\Desktop\ORAIMOTECH\venv\Lib\site-packages\django\contrib\admin\sites.py", line 440, in login
    return LoginView.as_view(**defaults)(request)
           ^^^^^^^^^^^^^^^^^^^^^^^^^^^^^^^^^^^^^^
  File "C:\Users\Hp\Desktop\ORAIMOTECH\venv\Lib\site-packages\django\views\generic\base.py", line 104, in view
    return self.dispatch(request, *args, **kwargs)
           ^^^^^^^^^^^^^^^^^^^^^^^^^^^^^^^^^^^^^^^
  File "C:\Users\Hp\Desktop\ORAIMOTECH\venv\Lib\site-packages\django\utils\decorators.py", line 48, in _wrapper
    return bound_method(*args, **kwargs)
           ^^^^^^^^^^^^^^^^^^^^^^^^^^^^^
  File "C:\Users\Hp\Desktop\ORAIMOTECH\venv\Lib\site-packages\django\views\decorators\debug.py", line 141, in sensitive_post_parameters_wrapper
    return view(request, *args, **kwargs)
           ^^^^^^^^^^^^^^^^^^^^^^^^^^^^^^
  File "C:\Users\Hp\Desktop\ORAIMOTECH\venv\Lib\site-packages\django\utils\decorators.py", line 48, in _wrapper
    return bound_method(*args, **kwargs)
           ^^^^^^^^^^^^^^^^^^^^^^^^^^^^^
  File "C:\Users\Hp\Desktop\ORAIMOTECH\venv\Lib\site-packages\django\utils\decorators.py", line 188, in _view_wrapper
    result = _process_exception(request, e)
             ^^^^^^^^^^^^^^^^^^^^^^^^^^^^^^
  File "C:\Users\Hp\Desktop\ORAIMOTECH\venv\Lib\site-packages\django\utils\decorators.py", line 186, in _view_wrapper
    response = view_func(request, *args, **kwargs)
               ^^^^^^^^^^^^^^^^^^^^^^^^^^^^^^^^^^^
  File "C:\Users\Hp\Desktop\ORAIMOTECH\venv\Lib\site-packages\django\utils\decorators.py", line 48, in _wrapper
    return bound_method(*args, **kwargs)
           ^^^^^^^^^^^^^^^^^^^^^^^^^^^^^
  File "C:\Users\Hp\Desktop\ORAIMOTECH\venv\Lib\site-packages\django\views\decorators\cache.py", line 80, in _view_wrapper
    response = view_func(request, *args, **kwargs)
               ^^^^^^^^^^^^^^^^^^^^^^^^^^^^^^^^^^^
  File "C:\Users\Hp\Desktop\ORAIMOTECH\venv\Lib\site-packages\django\contrib\auth\views.py", line 88, in dispatch
    return super().dispatch(request, *args, **kwargs)
           ^^^^^^^^^^^^^^^^^^^^^^^^^^^^^^^^^^^^^^^^^^
  File "C:\Users\Hp\Desktop\ORAIMOTECH\venv\Lib\site-packages\django\views\generic\base.py", line 143, in dispatch
    return handler(request, *args, **kwargs)
           ^^^^^^^^^^^^^^^^^^^^^^^^^^^^^^^^^
  File "C:\Users\Hp\Desktop\ORAIMOTECH\venv\Lib\site-packages\django\views\generic\edit.py", line 151, in post
    return self.form_valid(form)
           ^^^^^^^^^^^^^^^^^^^^^
  File "C:\Users\Hp\Desktop\ORAIMOTECH\venv\Lib\site-packages\django\contrib\auth\views.py", line 107, in form_valid
    auth_login(self.request, form.get_user())
  File "C:\Users\Hp\Desktop\ORAIMOTECH\venv\Lib\site-packages\django\contrib\auth\__init__.py", line 126, in login
    request.session.cycle_key()
  File "C:\Users\Hp\Desktop\ORAIMOTECH\venv\Lib\site-packages\django\contrib\sessions\backends\base.py", line 304, in cycle_key
    self.create()
  File "C:\Users\Hp\Desktop\ORAIMOTECH\venv\Lib\site-packages\django\contrib\sessions\backends\cache.py", line 42, in create
    self._session_key = self._get_new_session_key()
                        ^^^^^^^^^^^^^^^^^^^^^^^^^^^
  File "C:\Users\Hp\Desktop\ORAIMOTECH\venv\Lib\site-packages\django\contrib\sessions\backends\base.py", line 150, in _get_new_session_key
    if not self.exists(session_key):
           ^^^^^^^^^^^^^^^^^^^^^^^^
  File "C:\Users\Hp\Desktop\ORAIMOTECH\venv\Lib\site-packages\django\contrib\sessions\backends\cache.py", line 73, in exists
    bool(session_key) and (self.cache_key_prefix + session_key) in self._cache
                          ^^^^^^^^^^^^^^^^^^^^^^^^^^^^^^^^^^^^^^^^^^^^^^^^^^^^
  File "C:\Users\Hp\Desktop\ORAIMOTECH\venv\Lib\site-packages\django\core\cache\backends\base.py", line 300, in __contains__
    return self.has_key(key)
           ^^^^^^^^^^^^^^^^^
  File "C:\Users\Hp\Desktop\ORAIMOTECH\venv\Lib\site-packages\django_redis\cache.py", line 36, in _decorator
    raise e.__cause__
  File "C:\Users\Hp\Desktop\ORAIMOTECH\venv\Lib\site-packages\django_redis\client\default.py", line 668, in has_key
    return client.exists(key) == 1
           ^^^^^^^^^^^^^^^^^^
  File "C:\Users\Hp\Desktop\ORAIMOTECH\venv\Lib\site-packages\redis\commands\core.py", line 2971, in exists
    return self.execute_command("EXISTS", *names, keys=names)
           ^^^^^^^^^^^^^^^^^^^^^^^^^^^^^^^^^^^^^^^^^^^^^^^^^^
  File "C:\Users\Hp\Desktop\ORAIMOTECH\venv\Lib\site-packages\redis\client.py", line 798, in execute_command
    return self._execute_command(*args, **options)
           ^^^^^^^^^^^^^^^^^^^^^^^^^^^^^^^^^^^^^^^
  File "C:\Users\Hp\Desktop\ORAIMOTECH\venv\Lib\site-packages\redis\client.py", line 804, in _execute_command
    conn = self.connection or pool.get_connection()
                              ^^^^^^^^^^^^^^^^^^^^^
  File "C:\Users\Hp\Desktop\ORAIMOTECH\venv\Lib\site-packages\redis\utils.py", line 258, in wrapper
    return func(*args, **kwargs)
           ^^^^^^^^^^^^^^^^^^^^^
  File "C:\Users\Hp\Desktop\ORAIMOTECH\venv\Lib\site-packages\redis\connection.py", line 3163, in get_connection
    connection.connect()
  File "C:\Users\Hp\Desktop\ORAIMOTECH\venv\Lib\site-packages\redis\connection.py", line 1007, in connect
    self.retry.call_with_retry(
  File "C:\Users\Hp\Desktop\ORAIMOTECH\venv\Lib\site-packages\redis\retry.py", line 132, in call_with_retry
    raise error
  File "C:\Users\Hp\Desktop\ORAIMOTECH\venv\Lib\site-packages\redis\retry.py", line 120, in call_with_retry
    return do()
           ^^^^
  File "C:\Users\Hp\Desktop\ORAIMOTECH\venv\Lib\site-packages\redis\connection.py", line 1008, in <lambda>
    lambda: self.connect_check_health(
            ^^^^^^^^^^^^^^^^^^^^^^^^^^
  File "C:\Users\Hp\Desktop\ORAIMOTECH\venv\Lib\site-packages\redis\connection.py", line 1056, in connect_check_health
    raise e
redis.exceptions.ConnectionError: Error 10061 connecting to localhost:6379. No connection could be made because the target machine actively refused it.
ERROR 2026-07-09 20:17:39,111 log 24228 8228 Internal Server Error: /admin/login/
Traceback (most recent call last):
  File "C:\Users\Hp\Desktop\ORAIMOTECH\venv\Lib\site-packages\django_redis\cache.py", line 29, in _decorator
    return method(self, *args, **kwargs)
           ^^^^^^^^^^^^^^^^^^^^^^^^^^^^^
  File "C:\Users\Hp\Desktop\ORAIMOTECH\venv\Lib\site-packages\django_redis\cache.py", line 138, in has_key
    return self.client.has_key(*args, **kwargs)
           ^^^^^^^^^^^^^^^^^^^^^^^^^^^^^^^^^^^^
  File "C:\Users\Hp\Desktop\ORAIMOTECH\venv\Lib\site-packages\django_redis\client\default.py", line 670, in has_key
    raise ConnectionInterrupted(connection=client) from e
django_redis.exceptions.ConnectionInterrupted: Redis ConnectionError: Error 10061 connecting to localhost:6379. No connection could be made because the target machine actively refused it.

During handling of the above exception, another exception occurred:

Traceback (most recent call last):
  File "C:\Users\Hp\Desktop\ORAIMOTECH\venv\Lib\site-packages\django\core\handlers\exception.py", line 55, in inner
    response = get_response(request)
               ^^^^^^^^^^^^^^^^^^^^^
  File "C:\Users\Hp\Desktop\ORAIMOTECH\venv\Lib\site-packages\django\core\handlers\base.py", line 197, in _get_response
    response = wrapped_callback(request, *callback_args, **callback_kwargs)
               ^^^^^^^^^^^^^^^^^^^^^^^^^^^^^^^^^^^^^^^^^^^^^^^^^^^^^^^^^^^^
  File "C:\Users\Hp\Desktop\ORAIMOTECH\venv\Lib\site-packages\django\utils\decorators.py", line 48, in _wrapper
    return bound_method(*args, **kwargs)
           ^^^^^^^^^^^^^^^^^^^^^^^^^^^^^
  File "C:\Users\Hp\Desktop\ORAIMOTECH\venv\Lib\site-packages\django\views\decorators\cache.py", line 80, in _view_wrapper
    response = view_func(request, *args, **kwargs)
               ^^^^^^^^^^^^^^^^^^^^^^^^^^^^^^^^^^^
  File "C:\Users\Hp\Desktop\ORAIMOTECH\venv\Lib\site-packages\django\contrib\admin\sites.py", line 440, in login
    return LoginView.as_view(**defaults)(request)
           ^^^^^^^^^^^^^^^^^^^^^^^^^^^^^^^^^^^^^^
  File "C:\Users\Hp\Desktop\ORAIMOTECH\venv\Lib\site-packages\django\views\generic\base.py", line 104, in view
    return self.dispatch(request, *args, **kwargs)
           ^^^^^^^^^^^^^^^^^^^^^^^^^^^^^^^^^^^^^^^
  File "C:\Users\Hp\Desktop\ORAIMOTECH\venv\Lib\site-packages\django\utils\decorators.py", line 48, in _wrapper
    return bound_method(*args, **kwargs)
           ^^^^^^^^^^^^^^^^^^^^^^^^^^^^^
  File "C:\Users\Hp\Desktop\ORAIMOTECH\venv\Lib\site-packages\django\views\decorators\debug.py", line 141, in sensitive_post_parameters_wrapper
    return view(request, *args, **kwargs)
           ^^^^^^^^^^^^^^^^^^^^^^^^^^^^^^
  File "C:\Users\Hp\Desktop\ORAIMOTECH\venv\Lib\site-packages\django\utils\decorators.py", line 48, in _wrapper
    return bound_method(*args, **kwargs)
           ^^^^^^^^^^^^^^^^^^^^^^^^^^^^^
  File "C:\Users\Hp\Desktop\ORAIMOTECH\venv\Lib\site-packages\django\utils\decorators.py", line 188, in _view_wrapper
    result = _process_exception(request, e)
             ^^^^^^^^^^^^^^^^^^^^^^^^^^^^^^
  File "C:\Users\Hp\Desktop\ORAIMOTECH\venv\Lib\site-packages\django\utils\decorators.py", line 186, in _view_wrapper
    response = view_func(request, *args, **kwargs)
               ^^^^^^^^^^^^^^^^^^^^^^^^^^^^^^^^^^^
  File "C:\Users\Hp\Desktop\ORAIMOTECH\venv\Lib\site-packages\django\utils\decorators.py", line 48, in _wrapper
    return bound_method(*args, **kwargs)
           ^^^^^^^^^^^^^^^^^^^^^^^^^^^^^
  File "C:\Users\Hp\Desktop\ORAIMOTECH\venv\Lib\site-packages\django\views\decorators\cache.py", line 80, in _view_wrapper
    response = view_func(request, *args, **kwargs)
               ^^^^^^^^^^^^^^^^^^^^^^^^^^^^^^^^^^^
  File "C:\Users\Hp\Desktop\ORAIMOTECH\venv\Lib\site-packages\django\contrib\auth\views.py", line 88, in dispatch
    return super().dispatch(request, *args, **kwargs)
           ^^^^^^^^^^^^^^^^^^^^^^^^^^^^^^^^^^^^^^^^^^
  File "C:\Users\Hp\Desktop\ORAIMOTECH\venv\Lib\site-packages\django\views\generic\base.py", line 143, in dispatch
    return handler(request, *args, **kwargs)
           ^^^^^^^^^^^^^^^^^^^^^^^^^^^^^^^^^
  File "C:\Users\Hp\Desktop\ORAIMOTECH\venv\Lib\site-packages\django\views\generic\edit.py", line 151, in post
    return self.form_valid(form)
           ^^^^^^^^^^^^^^^^^^^^^
  File "C:\Users\Hp\Desktop\ORAIMOTECH\venv\Lib\site-packages\django\contrib\auth\views.py", line 107, in form_valid
    auth_login(self.request, form.get_user())
  File "C:\Users\Hp\Desktop\ORAIMOTECH\venv\Lib\site-packages\django\contrib\auth\__init__.py", line 126, in login
    request.session.cycle_key()
  File "C:\Users\Hp\Desktop\ORAIMOTECH\venv\Lib\site-packages\django\contrib\sessions\backends\base.py", line 304, in cycle_key
    self.create()
  File "C:\Users\Hp\Desktop\ORAIMOTECH\venv\Lib\site-packages\django\contrib\sessions\backends\cache.py", line 42, in create
    self._session_key = self._get_new_session_key()
                        ^^^^^^^^^^^^^^^^^^^^^^^^^^^
  File "C:\Users\Hp\Desktop\ORAIMOTECH\venv\Lib\site-packages\django\contrib\sessions\backends\base.py", line 150, in _get_new_session_key
    if not self.exists(session_key):
           ^^^^^^^^^^^^^^^^^^^^^^^^
  File "C:\Users\Hp\Desktop\ORAIMOTECH\venv\Lib\site-packages\django\contrib\sessions\backends\cache.py", line 73, in exists
    bool(session_key) and (self.cache_key_prefix + session_key) in self._cache
                          ^^^^^^^^^^^^^^^^^^^^^^^^^^^^^^^^^^^^^^^^^^^^^^^^^^^^
  File "C:\Users\Hp\Desktop\ORAIMOTECH\venv\Lib\site-packages\django\core\cache\backends\base.py", line 300, in __contains__
    return self.has_key(key)
           ^^^^^^^^^^^^^^^^^
  File "C:\Users\Hp\Desktop\ORAIMOTECH\venv\Lib\site-packages\django_redis\cache.py", line 36, in _decorator
    raise e.__cause__
  File "C:\Users\Hp\Desktop\ORAIMOTECH\venv\Lib\site-packages\django_redis\client\default.py", line 668, in has_key
    return client.exists(key) == 1
           ^^^^^^^^^^^^^^^^^^
  File "C:\Users\Hp\Desktop\ORAIMOTECH\venv\Lib\site-packages\redis\commands\core.py", line 2971, in exists
    return self.execute_command("EXISTS", *names, keys=names)
           ^^^^^^^^^^^^^^^^^^^^^^^^^^^^^^^^^^^^^^^^^^^^^^^^^^
  File "C:\Users\Hp\Desktop\ORAIMOTECH\venv\Lib\site-packages\redis\client.py", line 798, in execute_command
    return self._execute_command(*args, **options)
           ^^^^^^^^^^^^^^^^^^^^^^^^^^^^^^^^^^^^^^^
  File "C:\Users\Hp\Desktop\ORAIMOTECH\venv\Lib\site-packages\redis\client.py", line 804, in _execute_command
    conn = self.connection or pool.get_connection()
                              ^^^^^^^^^^^^^^^^^^^^^
  File "C:\Users\Hp\Desktop\ORAIMOTECH\venv\Lib\site-packages\redis\utils.py", line 258, in wrapper
    return func(*args, **kwargs)
           ^^^^^^^^^^^^^^^^^^^^^
  File "C:\Users\Hp\Desktop\ORAIMOTECH\venv\Lib\site-packages\redis\connection.py", line 3163, in get_connection
    connection.connect()
  File "C:\Users\Hp\Desktop\ORAIMOTECH\venv\Lib\site-packages\redis\connection.py", line 1007, in connect
    self.retry.call_with_retry(
  File "C:\Users\Hp\Desktop\ORAIMOTECH\venv\Lib\site-packages\redis\retry.py", line 132, in call_with_retry
    raise error
  File "C:\Users\Hp\Desktop\ORAIMOTECH\venv\Lib\site-packages\redis\retry.py", line 120, in call_with_retry
    return do()
           ^^^^
  File "C:\Users\Hp\Desktop\ORAIMOTECH\venv\Lib\site-packages\redis\connection.py", line 1008, in <lambda>
    lambda: self.connect_check_health(
            ^^^^^^^^^^^^^^^^^^^^^^^^^^
  File "C:\Users\Hp\Desktop\ORAIMOTECH\venv\Lib\site-packages\redis\connection.py", line 1056, in connect_check_health
    raise e
redis.exceptions.ConnectionError: Error 10061 connecting to localhost:6379. No connection could be made because the target machine actively refused it.
ERROR 2026-07-09 20:17:39,254 basehttp 24228 8228 "POST /admin/login/?next=/admin/ HTTP/1.1" 500 250364
INFO 2026-07-09 20:20:15,349 autoreload 24228 10172 C:\Users\Hp\Desktop\ORAIMOTECH\core\settings.py changed, reloading.
INFO 2026-07-09 20:20:19,099 autoreload 27268 20736 Watching for file changes with StatReloader
INFO 2026-07-09 20:20:32,433 autoreload 27268 20736 C:\Users\Hp\Desktop\ORAIMOTECH\core\settings.py changed, reloading.
INFO 2026-07-09 20:20:34,181 autoreload 21432 28176 Watching for file changes with StatReloader
INFO 2026-07-09 20:20:58,334 autoreload 9496 21980 Watching for file changes with StatReloader
INFO 2026-07-09 20:22:15,427 autoreload 9496 21980 C:\Users\Hp\Desktop\ORAIMOTECH\core\settings.py changed, reloading.
INFO 2026-07-09 20:22:18,048 autoreload 15796 25204 Watching for file changes with StatReloader
INFO 2026-07-09 20:22:20,965 autoreload 15796 25204 C:\Users\Hp\Desktop\ORAIMOTECH\core\settings.py changed, reloading.
INFO 2026-07-09 20:22:22,827 autoreload 9336 19572 Watching for file changes with StatReloader
INFO 2026-07-09 20:22:48,375 autoreload 26592 26476 Watching for file changes with StatReloader
INFO 2026-07-09 20:23:14,773 autoreload 9336 19572 C:\Users\Hp\Desktop\ORAIMOTECH\core\settings.py changed, reloading.
INFO 2026-07-09 20:23:15,537 autoreload 26592 26476 C:\Users\Hp\Desktop\ORAIMOTECH\core\settings.py changed, reloading.
INFO 2026-07-09 20:23:17,135 autoreload 7012 17624 Watching for file changes with StatReloader
INFO 2026-07-09 20:23:18,161 autoreload 23384 4776 Watching for file changes with StatReloader
INFO 2026-07-09 20:25:21,327 autoreload 7012 17624 C:\Users\Hp\Desktop\ORAIMOTECH\core\settings.py changed, reloading.
INFO 2026-07-09 20:25:23,670 autoreload 14000 16652 Watching for file changes with StatReloader
INFO 2026-07-09 20:25:41,708 autoreload 14000 16652 C:\Users\Hp\Desktop\ORAIMOTECH\shop\views.py changed, reloading.
INFO 2026-07-09 20:25:44,155 autoreload 26980 25468 Watching for file changes with StatReloader
INFO 2026-07-09 20:26:05,907 autoreload 26980 25468 C:\Users\Hp\Desktop\ORAIMOTECH\checkout\views.py changed, reloading.
INFO 2026-07-09 20:26:08,601 autoreload 15568 20628 Watching for file changes with StatReloader
INFO 2026-07-09 20:26:34,744 autoreload 6712 9568 Watching for file changes with StatReloader
INFO 2026-07-09 20:26:45,219 basehttp 6712 28124 "POST /admin/login/?next=/admin/ HTTP/1.1" 200 4323
ERROR 2026-07-09 20:26:56,734 log 6712 28124 Internal Server Error: /admin/login/
Traceback (most recent call last):
  File "C:\Users\Hp\Desktop\ORAIMOTECH\venv\Lib\site-packages\django\db\backends\utils.py", line 105, in _execute
    return self.cursor.execute(sql, params)
           ^^^^^^^^^^^^^^^^^^^^^^^^^^^^^^^^
psycopg2.errors.NotNullViolation: null value in column "session_hash" of relation "axes_accesslog" violates not-null constraint
DETAIL:  Failing row contains (1, Mozilla/5.0 (Windows NT 10.0; Win64; x64) AppleWebKit/537.36 (KH..., 127.0.0.1, hp, text/html,application/xhtml+xml,application/xml;q=0.9,image/avif..., /admin/login/, 2026-07-09 17:26:56.619508+00, null, null).


The above exception was the direct cause of the following exception:

Traceback (most recent call last):
  File "C:\Users\Hp\Desktop\ORAIMOTECH\venv\Lib\site-packages\django\core\handlers\exception.py", line 55, in inner
    response = get_response(request)
               ^^^^^^^^^^^^^^^^^^^^^
  File "C:\Users\Hp\Desktop\ORAIMOTECH\venv\Lib\site-packages\django\core\handlers\base.py", line 197, in _get_response
    response = wrapped_callback(request, *callback_args, **callback_kwargs)
               ^^^^^^^^^^^^^^^^^^^^^^^^^^^^^^^^^^^^^^^^^^^^^^^^^^^^^^^^^^^^
  File "C:\Users\Hp\Desktop\ORAIMOTECH\venv\Lib\site-packages\django\utils\decorators.py", line 48, in _wrapper
    return bound_method(*args, **kwargs)
           ^^^^^^^^^^^^^^^^^^^^^^^^^^^^^
  File "C:\Users\Hp\Desktop\ORAIMOTECH\venv\Lib\site-packages\django\views\decorators\cache.py", line 80, in _view_wrapper
    response = view_func(request, *args, **kwargs)
               ^^^^^^^^^^^^^^^^^^^^^^^^^^^^^^^^^^^
  File "C:\Users\Hp\Desktop\ORAIMOTECH\venv\Lib\site-packages\django\contrib\admin\sites.py", line 440, in login
    return LoginView.as_view(**defaults)(request)
           ^^^^^^^^^^^^^^^^^^^^^^^^^^^^^^^^^^^^^^
  File "C:\Users\Hp\Desktop\ORAIMOTECH\venv\Lib\site-packages\django\views\generic\base.py", line 104, in view
    return self.dispatch(request, *args, **kwargs)
           ^^^^^^^^^^^^^^^^^^^^^^^^^^^^^^^^^^^^^^^
  File "C:\Users\Hp\Desktop\ORAIMOTECH\venv\Lib\site-packages\django\utils\decorators.py", line 48, in _wrapper
    return bound_method(*args, **kwargs)
           ^^^^^^^^^^^^^^^^^^^^^^^^^^^^^
  File "C:\Users\Hp\Desktop\ORAIMOTECH\venv\Lib\site-packages\django\views\decorators\debug.py", line 141, in sensitive_post_parameters_wrapper
    return view(request, *args, **kwargs)
           ^^^^^^^^^^^^^^^^^^^^^^^^^^^^^^
  File "C:\Users\Hp\Desktop\ORAIMOTECH\venv\Lib\site-packages\django\utils\decorators.py", line 48, in _wrapper
    return bound_method(*args, **kwargs)
           ^^^^^^^^^^^^^^^^^^^^^^^^^^^^^
  File "C:\Users\Hp\Desktop\ORAIMOTECH\venv\Lib\site-packages\django\utils\decorators.py", line 188, in _view_wrapper
    result = _process_exception(request, e)
             ^^^^^^^^^^^^^^^^^^^^^^^^^^^^^^
  File "C:\Users\Hp\Desktop\ORAIMOTECH\venv\Lib\site-packages\django\utils\decorators.py", line 186, in _view_wrapper
    response = view_func(request, *args, **kwargs)
               ^^^^^^^^^^^^^^^^^^^^^^^^^^^^^^^^^^^
  File "C:\Users\Hp\Desktop\ORAIMOTECH\venv\Lib\site-packages\django\utils\decorators.py", line 48, in _wrapper
    return bound_method(*args, **kwargs)
           ^^^^^^^^^^^^^^^^^^^^^^^^^^^^^
  File "C:\Users\Hp\Desktop\ORAIMOTECH\venv\Lib\site-packages\django\views\decorators\cache.py", line 80, in _view_wrapper
    response = view_func(request, *args, **kwargs)
               ^^^^^^^^^^^^^^^^^^^^^^^^^^^^^^^^^^^
  File "C:\Users\Hp\Desktop\ORAIMOTECH\venv\Lib\site-packages\django\contrib\auth\views.py", line 88, in dispatch
    return super().dispatch(request, *args, **kwargs)
           ^^^^^^^^^^^^^^^^^^^^^^^^^^^^^^^^^^^^^^^^^^
  File "C:\Users\Hp\Desktop\ORAIMOTECH\venv\Lib\site-packages\django\views\generic\base.py", line 143, in dispatch
    return handler(request, *args, **kwargs)
           ^^^^^^^^^^^^^^^^^^^^^^^^^^^^^^^^^
  File "C:\Users\Hp\Desktop\ORAIMOTECH\venv\Lib\site-packages\django\views\generic\edit.py", line 151, in post
    return self.form_valid(form)
           ^^^^^^^^^^^^^^^^^^^^^
  File "C:\Users\Hp\Desktop\ORAIMOTECH\venv\Lib\site-packages\django\contrib\auth\views.py", line 107, in form_valid
    auth_login(self.request, form.get_user())
  File "C:\Users\Hp\Desktop\ORAIMOTECH\venv\Lib\site-packages\django\contrib\auth\__init__.py", line 152, in login
    user_logged_in.send(sender=user.__class__, request=request, user=user)
  File "C:\Users\Hp\Desktop\ORAIMOTECH\venv\Lib\site-packages\django\dispatch\dispatcher.py", line 189, in send
    response = receiver(signal=self, sender=sender, **named)
               ^^^^^^^^^^^^^^^^^^^^^^^^^^^^^^^^^^^^^^^^^^^^^
  File "C:\Users\Hp\Desktop\ORAIMOTECH\venv\Lib\site-packages\axes\signals.py", line 33, in handle_user_logged_in
    AxesProxyHandler.user_logged_in(*args, **kwargs)
  File "C:\Users\Hp\Desktop\ORAIMOTECH\venv\Lib\site-packages\axes\helpers.py", line 614, in inner
    return func(*args, **kwargs)
           ^^^^^^^^^^^^^^^^^^^^^
  File "C:\Users\Hp\Desktop\ORAIMOTECH\venv\Lib\site-packages\axes\handlers\proxy.py", line 127, in user_logged_in
    return cls.get_implementation().user_logged_in(sender, request, user, **kwargs)
           ^^^^^^^^^^^^^^^^^^^^^^^^^^^^^^^^^^^^^^^^^^^^^^^^^^^^^^^^^^^^^^^^^^^^^^^^
  File "C:\Users\Hp\Desktop\ORAIMOTECH\venv\Lib\site-packages\axes\handlers\database.py", line 280, in user_logged_in
    AccessLog.objects.create(
  File "C:\Users\Hp\Desktop\ORAIMOTECH\venv\Lib\site-packages\django\db\models\manager.py", line 87, in manager_method
    return getattr(self.get_queryset(), name)(*args, **kwargs)
           ^^^^^^^^^^^^^^^^^^^^^^^^^^^^^^^^^^^^^^^^^^^^^^^^^^^
  File "C:\Users\Hp\Desktop\ORAIMOTECH\venv\Lib\site-packages\django\db\models\query.py", line 677, in create
    obj.save(force_insert=True, using=self.db)
  File "C:\Users\Hp\Desktop\ORAIMOTECH\venv\Lib\site-packages\django\db\models\base.py", line 814, in save
    self.save_base(
  File "C:\Users\Hp\Desktop\ORAIMOTECH\venv\Lib\site-packages\django\db\models\base.py", line 901, in save_base
    updated = self._save_table(
              ^^^^^^^^^^^^^^^^^
  File "C:\Users\Hp\Desktop\ORAIMOTECH\venv\Lib\site-packages\django\db\models\base.py", line 1059, in _save_table
    results = self._do_insert(
              ^^^^^^^^^^^^^^^^
  File "C:\Users\Hp\Desktop\ORAIMOTECH\venv\Lib\site-packages\django\db\models\base.py", line 1100, in _do_insert
    return manager._insert(
           ^^^^^^^^^^^^^^^^
  File "C:\Users\Hp\Desktop\ORAIMOTECH\venv\Lib\site-packages\django\db\models\manager.py", line 87, in manager_method
    return getattr(self.get_queryset(), name)(*args, **kwargs)
           ^^^^^^^^^^^^^^^^^^^^^^^^^^^^^^^^^^^^^^^^^^^^^^^^^^^
  File "C:\Users\Hp\Desktop\ORAIMOTECH\venv\Lib\site-packages\django\db\models\query.py", line 1845, in _insert
    return query.get_compiler(using=using).execute_sql(returning_fields)
           ^^^^^^^^^^^^^^^^^^^^^^^^^^^^^^^^^^^^^^^^^^^^^^^^^^^^^^^^^^^^^
  File "C:\Users\Hp\Desktop\ORAIMOTECH\venv\Lib\site-packages\django\db\models\sql\compiler.py", line 1822, in execute_sql
    cursor.execute(sql, params)
  File "C:\Users\Hp\Desktop\ORAIMOTECH\venv\Lib\site-packages\django\db\backends\utils.py", line 122, in execute
    return super().execute(sql, params)
           ^^^^^^^^^^^^^^^^^^^^^^^^^^^^
  File "C:\Users\Hp\Desktop\ORAIMOTECH\venv\Lib\site-packages\django\db\backends\utils.py", line 79, in execute
    return self._execute_with_wrappers(
           ^^^^^^^^^^^^^^^^^^^^^^^^^^^^
  File "C:\Users\Hp\Desktop\ORAIMOTECH\venv\Lib\site-packages\django\db\backends\utils.py", line 92, in _execute_with_wrappers
    return executor(sql, params, many, context)
           ^^^^^^^^^^^^^^^^^^^^^^^^^^^^^^^^^^^^
  File "C:\Users\Hp\Desktop\ORAIMOTECH\venv\Lib\site-packages\django\db\backends\utils.py", line 100, in _execute
    with self.db.wrap_database_errors:
  File "C:\Users\Hp\Desktop\ORAIMOTECH\venv\Lib\site-packages\django\db\utils.py", line 91, in __exit__
    raise dj_exc_value.with_traceback(traceback) from exc_value
  File "C:\Users\Hp\Desktop\ORAIMOTECH\venv\Lib\site-packages\django\db\backends\utils.py", line 105, in _execute
    return self.cursor.execute(sql, params)
           ^^^^^^^^^^^^^^^^^^^^^^^^^^^^^^^^
django.db.utils.IntegrityError: null value in column "session_hash" of relation "axes_accesslog" violates not-null constraint
DETAIL:  Failing row contains (1, Mozilla/5.0 (Windows NT 10.0; Win64; x64) AppleWebKit/537.36 (KH..., 127.0.0.1, hp, text/html,application/xhtml+xml,application/xml;q=0.9,image/avif..., /admin/login/, 2026-07-09 17:26:56.619508+00, null, null).

ERROR 2026-07-09 20:26:56,734 log 6712 28124 Internal Server Error: /admin/login/
Traceback (most recent call last):
  File "C:\Users\Hp\Desktop\ORAIMOTECH\venv\Lib\site-packages\django\db\backends\utils.py", line 105, in _execute
    return self.cursor.execute(sql, params)
           ^^^^^^^^^^^^^^^^^^^^^^^^^^^^^^^^
psycopg2.errors.NotNullViolation: null value in column "session_hash" of relation "axes_accesslog" violates not-null constraint
DETAIL:  Failing row contains (1, Mozilla/5.0 (Windows NT 10.0; Win64; x64) AppleWebKit/537.36 (KH..., 127.0.0.1, hp, text/html,application/xhtml+xml,application/xml;q=0.9,image/avif..., /admin/login/, 2026-07-09 17:26:56.619508+00, null, null).


The above exception was the direct cause of the following exception:

Traceback (most recent call last):
  File "C:\Users\Hp\Desktop\ORAIMOTECH\venv\Lib\site-packages\django\core\handlers\exception.py", line 55, in inner
    response = get_response(request)
               ^^^^^^^^^^^^^^^^^^^^^
  File "C:\Users\Hp\Desktop\ORAIMOTECH\venv\Lib\site-packages\django\core\handlers\base.py", line 197, in _get_response
    response = wrapped_callback(request, *callback_args, **callback_kwargs)
               ^^^^^^^^^^^^^^^^^^^^^^^^^^^^^^^^^^^^^^^^^^^^^^^^^^^^^^^^^^^^
  File "C:\Users\Hp\Desktop\ORAIMOTECH\venv\Lib\site-packages\django\utils\decorators.py", line 48, in _wrapper
    return bound_method(*args, **kwargs)
           ^^^^^^^^^^^^^^^^^^^^^^^^^^^^^
  File "C:\Users\Hp\Desktop\ORAIMOTECH\venv\Lib\site-packages\django\views\decorators\cache.py", line 80, in _view_wrapper
    response = view_func(request, *args, **kwargs)
               ^^^^^^^^^^^^^^^^^^^^^^^^^^^^^^^^^^^
  File "C:\Users\Hp\Desktop\ORAIMOTECH\venv\Lib\site-packages\django\contrib\admin\sites.py", line 440, in login
    return LoginView.as_view(**defaults)(request)
           ^^^^^^^^^^^^^^^^^^^^^^^^^^^^^^^^^^^^^^
  File "C:\Users\Hp\Desktop\ORAIMOTECH\venv\Lib\site-packages\django\views\generic\base.py", line 104, in view
    return self.dispatch(request, *args, **kwargs)
           ^^^^^^^^^^^^^^^^^^^^^^^^^^^^^^^^^^^^^^^
  File "C:\Users\Hp\Desktop\ORAIMOTECH\venv\Lib\site-packages\django\utils\decorators.py", line 48, in _wrapper
    return bound_method(*args, **kwargs)
           ^^^^^^^^^^^^^^^^^^^^^^^^^^^^^
  File "C:\Users\Hp\Desktop\ORAIMOTECH\venv\Lib\site-packages\django\views\decorators\debug.py", line 141, in sensitive_post_parameters_wrapper
    return view(request, *args, **kwargs)
           ^^^^^^^^^^^^^^^^^^^^^^^^^^^^^^
  File "C:\Users\Hp\Desktop\ORAIMOTECH\venv\Lib\site-packages\django\utils\decorators.py", line 48, in _wrapper
    return bound_method(*args, **kwargs)
           ^^^^^^^^^^^^^^^^^^^^^^^^^^^^^
  File "C:\Users\Hp\Desktop\ORAIMOTECH\venv\Lib\site-packages\django\utils\decorators.py", line 188, in _view_wrapper
    result = _process_exception(request, e)
             ^^^^^^^^^^^^^^^^^^^^^^^^^^^^^^
  File "C:\Users\Hp\Desktop\ORAIMOTECH\venv\Lib\site-packages\django\utils\decorators.py", line 186, in _view_wrapper
    response = view_func(request, *args, **kwargs)
               ^^^^^^^^^^^^^^^^^^^^^^^^^^^^^^^^^^^
  File "C:\Users\Hp\Desktop\ORAIMOTECH\venv\Lib\site-packages\django\utils\decorators.py", line 48, in _wrapper
    return bound_method(*args, **kwargs)
           ^^^^^^^^^^^^^^^^^^^^^^^^^^^^^
  File "C:\Users\Hp\Desktop\ORAIMOTECH\venv\Lib\site-packages\django\views\decorators\cache.py", line 80, in _view_wrapper
    response = view_func(request, *args, **kwargs)
               ^^^^^^^^^^^^^^^^^^^^^^^^^^^^^^^^^^^
  File "C:\Users\Hp\Desktop\ORAIMOTECH\venv\Lib\site-packages\django\contrib\auth\views.py", line 88, in dispatch
    return super().dispatch(request, *args, **kwargs)
           ^^^^^^^^^^^^^^^^^^^^^^^^^^^^^^^^^^^^^^^^^^
  File "C:\Users\Hp\Desktop\ORAIMOTECH\venv\Lib\site-packages\django\views\generic\base.py", line 143, in dispatch
    return handler(request, *args, **kwargs)
           ^^^^^^^^^^^^^^^^^^^^^^^^^^^^^^^^^
  File "C:\Users\Hp\Desktop\ORAIMOTECH\venv\Lib\site-packages\django\views\generic\edit.py", line 151, in post
    return self.form_valid(form)
           ^^^^^^^^^^^^^^^^^^^^^
  File "C:\Users\Hp\Desktop\ORAIMOTECH\venv\Lib\site-packages\django\contrib\auth\views.py", line 107, in form_valid
    auth_login(self.request, form.get_user())
  File "C:\Users\Hp\Desktop\ORAIMOTECH\venv\Lib\site-packages\django\contrib\auth\__init__.py", line 152, in login
    user_logged_in.send(sender=user.__class__, request=request, user=user)
  File "C:\Users\Hp\Desktop\ORAIMOTECH\venv\Lib\site-packages\django\dispatch\dispatcher.py", line 189, in send
    response = receiver(signal=self, sender=sender, **named)
               ^^^^^^^^^^^^^^^^^^^^^^^^^^^^^^^^^^^^^^^^^^^^^
  File "C:\Users\Hp\Desktop\ORAIMOTECH\venv\Lib\site-packages\axes\signals.py", line 33, in handle_user_logged_in
    AxesProxyHandler.user_logged_in(*args, **kwargs)
  File "C:\Users\Hp\Desktop\ORAIMOTECH\venv\Lib\site-packages\axes\helpers.py", line 614, in inner
    return func(*args, **kwargs)
           ^^^^^^^^^^^^^^^^^^^^^
  File "C:\Users\Hp\Desktop\ORAIMOTECH\venv\Lib\site-packages\axes\handlers\proxy.py", line 127, in user_logged_in
    return cls.get_implementation().user_logged_in(sender, request, user, **kwargs)
           ^^^^^^^^^^^^^^^^^^^^^^^^^^^^^^^^^^^^^^^^^^^^^^^^^^^^^^^^^^^^^^^^^^^^^^^^
  File "C:\Users\Hp\Desktop\ORAIMOTECH\venv\Lib\site-packages\axes\handlers\database.py", line 280, in user_logged_in
    AccessLog.objects.create(
  File "C:\Users\Hp\Desktop\ORAIMOTECH\venv\Lib\site-packages\django\db\models\manager.py", line 87, in manager_method
    return getattr(self.get_queryset(), name)(*args, **kwargs)
           ^^^^^^^^^^^^^^^^^^^^^^^^^^^^^^^^^^^^^^^^^^^^^^^^^^^
  File "C:\Users\Hp\Desktop\ORAIMOTECH\venv\Lib\site-packages\django\db\models\query.py", line 677, in create
    obj.save(force_insert=True, using=self.db)
  File "C:\Users\Hp\Desktop\ORAIMOTECH\venv\Lib\site-packages\django\db\models\base.py", line 814, in save
    self.save_base(
  File "C:\Users\Hp\Desktop\ORAIMOTECH\venv\Lib\site-packages\django\db\models\base.py", line 901, in save_base
    updated = self._save_table(
              ^^^^^^^^^^^^^^^^^
  File "C:\Users\Hp\Desktop\ORAIMOTECH\venv\Lib\site-packages\django\db\models\base.py", line 1059, in _save_table
    results = self._do_insert(
              ^^^^^^^^^^^^^^^^
  File "C:\Users\Hp\Desktop\ORAIMOTECH\venv\Lib\site-packages\django\db\models\base.py", line 1100, in _do_insert
    return manager._insert(
           ^^^^^^^^^^^^^^^^
  File "C:\Users\Hp\Desktop\ORAIMOTECH\venv\Lib\site-packages\django\db\models\manager.py", line 87, in manager_method
    return getattr(self.get_queryset(), name)(*args, **kwargs)
           ^^^^^^^^^^^^^^^^^^^^^^^^^^^^^^^^^^^^^^^^^^^^^^^^^^^
  File "C:\Users\Hp\Desktop\ORAIMOTECH\venv\Lib\site-packages\django\db\models\query.py", line 1845, in _insert
    return query.get_compiler(using=using).execute_sql(returning_fields)
           ^^^^^^^^^^^^^^^^^^^^^^^^^^^^^^^^^^^^^^^^^^^^^^^^^^^^^^^^^^^^^
  File "C:\Users\Hp\Desktop\ORAIMOTECH\venv\Lib\site-packages\django\db\models\sql\compiler.py", line 1822, in execute_sql
    cursor.execute(sql, params)
  File "C:\Users\Hp\Desktop\ORAIMOTECH\venv\Lib\site-packages\django\db\backends\utils.py", line 122, in execute
    return super().execute(sql, params)
           ^^^^^^^^^^^^^^^^^^^^^^^^^^^^
  File "C:\Users\Hp\Desktop\ORAIMOTECH\venv\Lib\site-packages\django\db\backends\utils.py", line 79, in execute
    return self._execute_with_wrappers(
           ^^^^^^^^^^^^^^^^^^^^^^^^^^^^
  File "C:\Users\Hp\Desktop\ORAIMOTECH\venv\Lib\site-packages\django\db\backends\utils.py", line 92, in _execute_with_wrappers
    return executor(sql, params, many, context)
           ^^^^^^^^^^^^^^^^^^^^^^^^^^^^^^^^^^^^
  File "C:\Users\Hp\Desktop\ORAIMOTECH\venv\Lib\site-packages\django\db\backends\utils.py", line 100, in _execute
    with self.db.wrap_database_errors:
  File "C:\Users\Hp\Desktop\ORAIMOTECH\venv\Lib\site-packages\django\db\utils.py", line 91, in __exit__
    raise dj_exc_value.with_traceback(traceback) from exc_value
  File "C:\Users\Hp\Desktop\ORAIMOTECH\venv\Lib\site-packages\django\db\backends\utils.py", line 105, in _execute
    return self.cursor.execute(sql, params)
           ^^^^^^^^^^^^^^^^^^^^^^^^^^^^^^^^
django.db.utils.IntegrityError: null value in column "session_hash" of relation "axes_accesslog" violates not-null constraint
DETAIL:  Failing row contains (1, Mozilla/5.0 (Windows NT 10.0; Win64; x64) AppleWebKit/537.36 (KH..., 127.0.0.1, hp, text/html,application/xhtml+xml,application/xml;q=0.9,image/avif..., /admin/login/, 2026-07-09 17:26:56.619508+00, null, null).

ERROR 2026-07-09 20:26:56,799 basehttp 6712 28124 "POST /admin/login/?next=/admin/ HTTP/1.1" 500 272288
INFO 2026-07-09 20:30:08,324 autoreload 15568 20628 C:\Users\Hp\Desktop\ORAIMOTECH\checkout\views.py changed, reloading.
INFO 2026-07-09 20:30:10,944 autoreload 16780 21728 Watching for file changes with StatReloader
INFO 2026-07-09 20:35:43,279 autoreload 16780 21728 C:\Users\Hp\Desktop\ORAIMOTECH\core\settings.py changed, reloading.
INFO 2026-07-09 20:35:45,472 autoreload 7044 14964 Watching for file changes with StatReloader
INFO 2026-07-09 20:36:06,268 autoreload 27512 26548 Watching for file changes with StatReloader
WARNING 2026-07-09 20:36:23,040 log 27512 2980 Forbidden (CSRF token from POST incorrect.): /admin/login/
WARNING 2026-07-09 20:36:23,041 basehttp 27512 2980 "POST /admin/login/?next=/admin/ HTTP/1.1" 403 2517
WARNING 2026-07-09 20:36:59,661 log 27512 2980 Forbidden (CSRF token from POST incorrect.): /admin/login/
WARNING 2026-07-09 20:36:59,662 basehttp 27512 2980 "POST /admin/login/?next=/admin/ HTTP/1.1" 403 2517
WARNING 2026-07-09 20:37:06,335 log 27512 2980 Forbidden (CSRF token from POST incorrect.): /admin/login/
WARNING 2026-07-09 20:37:06,337 basehttp 27512 2980 "POST /admin/login/?next=/admin/ HTTP/1.1" 403 2517
INFO 2026-07-09 20:37:08,677 basehttp 27512 2980 "GET /admin/login/?next=/admin/ HTTP/1.1" 200 4162
INFO 2026-07-09 20:37:08,965 basehttp 27512 2980 "GET / HTTP/1.1" 200 56948
INFO 2026-07-09 20:37:11,511 basehttp 27512 2980 "GET /admin/ HTTP/1.1" 302 0
INFO 2026-07-09 20:37:11,527 basehttp 27512 2980 "GET /admin/login/?next=/admin/ HTTP/1.1" 200 4162
INFO 2026-07-09 20:37:11,562 basehttp 27512 2980 "GET /static/admin/css/base.css HTTP/1.1" 304 0
INFO 2026-07-09 20:37:11,572 basehttp 27512 24976 "GET /static/admin/css/dark_mode.css HTTP/1.1" 304 0
INFO 2026-07-09 20:37:11,577 basehttp 27512 2980 "GET /static/admin/css/nav_sidebar.css HTTP/1.1" 304 0
INFO 2026-07-09 20:37:11,577 basehttp 27512 20552 "GET /static/admin/css/login.css HTTP/1.1" 304 0
INFO 2026-07-09 20:37:11,577 basehttp 27512 27000 "GET /static/admin/css/responsive.css HTTP/1.1" 304 0
INFO 2026-07-09 20:37:11,605 basehttp 27512 27000 "GET /static/admin/js/theme.js HTTP/1.1" 304 0
INFO 2026-07-09 20:37:11,605 basehttp 27512 20552 "GET /static/admin/js/nav_sidebar.js HTTP/1.1" 304 0
INFO 2026-07-09 20:37:22,410 basehttp 27512 20552 "POST /admin/login/?next=/admin/ HTTP/1.1" 302 0
INFO 2026-07-09 20:37:22,490 basehttp 27512 20552 "GET /admin/ HTTP/1.1" 200 7710
INFO 2026-07-09 20:37:22,545 basehttp 27512 20552 "GET /static/admin/css/dashboard.css HTTP/1.1" 200 441
INFO 2026-07-09 20:37:22,557 basehttp 27512 20552 "GET /static/admin/img/icon-addlink.svg HTTP/1.1" 200 331
INFO 2026-07-09 20:37:22,588 basehttp 27512 27000 "GET /static/admin/img/icon-changelink.svg HTTP/1.1" 200 380
INFO 2026-07-09 20:37:27,651 basehttp 27512 27000 "GET /admin/shop/product/ HTTP/1.1" 200 9779
INFO 2026-07-09 20:37:27,741 basehttp 27512 27000 "GET /static/admin/css/changelists.css HTTP/1.1" 200 6811
INFO 2026-07-09 20:37:27,864 basehttp 27512 24976 "GET /static/admin/js/jquery.init.js HTTP/1.1" 200 347
INFO 2026-07-09 20:37:27,866 basehttp 27512 27000 "GET /static/admin/js/actions.js HTTP/1.1" 200 8067
INFO 2026-07-09 20:37:27,870 basehttp 27512 3064 "GET /static/admin/js/core.js HTTP/1.1" 200 6208
INFO 2026-07-09 20:37:27,941 basehttp 27512 10584 "GET /static/admin/js/admin/RelatedObjectLookups.js HTTP/1.1" 200 9042
INFO 2026-07-09 20:37:27,941 basehttp 27512 20552 "GET /admin/jsi18n/ HTTP/1.1" 200 3342
INFO 2026-07-09 20:37:27,958 basehttp 27512 27000 "GET /static/admin/js/prepopulate.js HTTP/1.1" 200 1531
INFO 2026-07-09 20:37:27,960 basehttp 27512 24976 "GET /static/admin/js/urlify.js HTTP/1.1" 200 7887
INFO 2026-07-09 20:37:27,975 basehttp 27512 20552 "GET /static/admin/img/search.svg HTTP/1.1" 200 458
INFO 2026-07-09 20:37:28,052 basehttp 27512 2980 "GET /static/admin/js/vendor/jquery/jquery.js HTTP/1.1" 200 285314
INFO 2026-07-09 20:37:28,122 basehttp 27512 2980 "GET /static/admin/js/filters.js HTTP/1.1" 200 978
INFO 2026-07-09 20:37:28,214 basehttp 27512 3064 "GET /static/admin/js/vendor/xregexp/xregexp.js HTTP/1.1" 200 325171
INFO 2026-07-09 20:37:28,286 basehttp 27512 3064 "GET /static/admin/img/tooltag-add.svg HTTP/1.1" 200 331
INFO 2026-07-09 20:37:28,290 basehttp 27512 2980 "GET /static/admin/img/icon-viewlink.svg HTTP/1.1" 200 581
INFO 2026-07-09 20:42:58,484 basehttp 27512 28324 "GET /admin/shop/product/ HTTP/1.1" 200 34228
INFO 2026-07-09 20:42:58,611 basehttp 27512 28324 "GET /admin/jsi18n/ HTTP/1.1" 200 3342
INFO 2026-07-09 20:42:58,695 basehttp 27512 17192 "GET /static/admin/img/icon-yes.svg HTTP/1.1" 200 436
INFO 2026-07-09 20:42:58,722 basehttp 27512 28324 "GET /static/admin/img/icon-no.svg HTTP/1.1" 200 560
INFO 2026-07-09 20:43:28,034 basehttp 27512 28324 "GET / HTTP/1.1" 200 67671
INFO 2026-07-09 20:43:33,322 basehttp 27512 28324 "GET /shop/?category=neckbands HTTP/1.1" 200 55361
INFO 2026-07-09 20:43:36,790 basehttp 27512 28324 "GET /shop/?category=earpods HTTP/1.1" 200 58404
INFO 2026-07-09 20:43:43,984 basehttp 27512 28324 "GET /admin/ HTTP/1.1" 200 7710
INFO 2026-07-09 20:43:47,551 basehttp 27512 28324 "GET /admin/shop/product/ HTTP/1.1" 200 34228
INFO 2026-07-09 20:43:47,598 basehttp 27512 28324 "GET /admin/jsi18n/ HTTP/1.1" 200 3342
INFO 2026-07-09 20:47:03,461 basehttp 27512 28324 "GET / HTTP/1.1" 200 67373
INFO 2026-07-09 20:47:03,824 basehttp 27512 17192 "GET /media/products/1000526987.jpg HTTP/1.1" 200 200624
INFO 2026-07-09 20:47:03,842 basehttp 27512 28324 "GET /media/products/1000526988.jpg HTTP/1.1" 200 953641
INFO 2026-07-09 20:47:03,861 basehttp 27512 28552 "GET /media/products/1000526985.jpg HTTP/1.1" 200 587190
INFO 2026-07-09 20:47:03,874 basehttp 27512 15104 "GET /media/products/1000526986.jpg HTTP/1.1" 200 564906
INFO 2026-07-09 20:47:04,753 basehttp 27512 15104 "GET /media/products/1000526984.jpg HTTP/1.1" 200 453928
INFO 2026-07-09 20:47:04,760 basehttp 27512 28552 "GET /media/products/1000526983.jpg HTTP/1.1" 200 748398
INFO 2026-07-09 20:47:05,419 basehttp 27512 28552 "GET /media/products/1000526975.jpg HTTP/1.1" 200 166223
INFO 2026-07-09 20:47:05,427 basehttp 27512 15104 "GET /media/products/1000533260.jpg HTTP/1.1" 200 748555
INFO 2026-07-09 20:47:26,445 basehttp 27512 28552 "POST /basket/add/36/ HTTP/1.1" 200 58
INFO 2026-07-09 20:47:26,523 basehttp 27512 15104 "POST /basket/add/36/ HTTP/1.1" 200 58
INFO 2026-07-09 20:47:30,739 basehttp 27512 15104 "GET /basket/ HTTP/1.1" 200 57246
INFO 2026-07-09 20:47:32,758 basehttp 27512 15104 "GET /checkout/ HTTP/1.1" 200 60777
INFO 2026-07-09 20:47:43,343 basehttp 27512 15104 "POST /checkout/ HTTP/1.1" 302 0
INFO 2026-07-09 20:47:43,380 basehttp 27512 15104 "GET /checkout/success/OR-BD6EA073/ HTTP/1.1" 200 51034
INFO 2026-07-09 20:48:00,130 basehttp 27512 15104 "POST /checkout/ HTTP/1.1" 302 0
INFO 2026-07-09 20:48:00,436 basehttp 27512 15104 "GET /shop/ HTTP/1.1" 200 64586
INFO 2026-07-09 20:48:00,611 basehttp 27512 15104 "GET /media/CACHE/images/products/1000526988/297d1fbbf43ffd3ca8b68220c3a2f140.jpg HTTP/1.1" 200 13520
INFO 2026-07-09 20:48:00,640 basehttp 27512 28552 "GET /media/CACHE/images/products/1000526987/a6d5a5e42638bdf81f7b75683fe48a56.jpg HTTP/1.1" 200 13196
INFO 2026-07-09 20:48:00,646 basehttp 27512 28324 "GET /media/CACHE/images/products/1000526986/4c42d7f070fd16fcc4c9e9e771277a3f.jpg HTTP/1.1" 200 11213
INFO 2026-07-09 20:48:00,648 basehttp 27512 11064 "GET /media/CACHE/images/products/1000526984/2679c5d1935863a487471bfaaebbd5f6.jpg HTTP/1.1" 200 11341
INFO 2026-07-09 20:48:00,649 basehttp 27512 17192 "GET /media/CACHE/images/products/1000526985/ea2101abe7212401b5af667637e000f4.jpg HTTP/1.1" 200 10022
INFO 2026-07-09 20:48:00,650 basehttp 27512 10116 "GET /media/CACHE/images/products/1000526983/59a2f0e6a76fb3a0abaf510e68d6861f.jpg HTTP/1.1" 200 12454
INFO 2026-07-09 20:48:00,677 basehttp 27512 15104 "GET /media/CACHE/images/products/1000526975/d6f426988a94ff6a989535d30a8bdf11.jpg HTTP/1.1" 200 12139
INFO 2026-07-09 20:48:00,691 basehttp 27512 17192 "GET /media/CACHE/images/products/1000533308/fc6d17f5b32815bb45102d95fb074d4c.jpg HTTP/1.1" 200 13965
INFO 2026-07-09 20:48:00,692 basehttp 27512 28552 "GET /media/CACHE/images/products/1000525145/b445642a1897efb9256f6606c12f861a.jpg HTTP/1.1" 200 16207
INFO 2026-07-09 20:48:00,692 basehttp 27512 10116 "GET /media/CACHE/images/products/1000533260/cc9415acb28224a87fcc5efb6469a097.jpg HTTP/1.1" 200 13423
INFO 2026-07-09 20:48:00,692 basehttp 27512 11064 "GET /media/CACHE/images/products/1000526968/02476a1d1a2f6c83ad55fc518197d54c.jpg HTTP/1.1" 200 12929
INFO 2026-07-09 20:48:00,720 basehttp 27512 28324 "GET /media/CACHE/images/products/1000525144/5e5e36fd76329969727589b2982273fa.jpg HTTP/1.1" 200 11712
INFO 2026-07-09 20:48:08,403 basehttp 27512 28324 "GET /shop/oraimo-safe-volt-surge-protector-tv-fridge-guard-1/ HTTP/1.1" 200 53677
INFO 2026-07-09 20:48:08,657 basehttp 27512 28324 "GET /media/products/1000533308.jpg HTTP/1.1" 200 1048906
INFO 2026-07-09 20:48:11,911 basehttp 27512 28324 "POST /basket/add/37/ HTTP/1.1" 200 57
INFO 2026-07-09 20:48:11,965 basehttp 27512 11064 "POST /basket/add/37/ HTTP/1.1" 200 58
INFO 2026-07-09 20:48:15,608 basehttp 27512 11064 "GET /basket/ HTTP/1.1" 200 57258
WARNING 2026-07-09 20:48:17,860 log 27512 11064 Forbidden (CSRF token from the 'X-Csrftoken' HTTP header has incorrect length.): /basket/update/37/
WARNING 2026-07-09 20:48:17,861 basehttp 27512 11064 "POST /basket/update/37/ HTTP/1.1" 403 2563
WARNING 2026-07-09 20:48:19,023 log 27512 11064 Forbidden (CSRF token from the 'X-Csrftoken' HTTP header has incorrect length.): /basket/update/37/
WARNING 2026-07-09 20:48:19,024 basehttp 27512 11064 "POST /basket/update/37/ HTTP/1.1" 403 2563
WARNING 2026-07-09 20:48:19,200 log 27512 11064 Forbidden (CSRF token from the 'X-Csrftoken' HTTP header has incorrect length.): /basket/update/37/
WARNING 2026-07-09 20:48:19,201 basehttp 27512 11064 "POST /basket/update/37/ HTTP/1.1" 403 2563
WARNING 2026-07-09 20:48:19,334 log 27512 11064 Forbidden (CSRF token from the 'X-Csrftoken' HTTP header has incorrect length.): /basket/update/37/
WARNING 2026-07-09 20:48:19,337 basehttp 27512 11064 "POST /basket/update/37/ HTTP/1.1" 403 2563
INFO 2026-07-09 20:48:20,637 basehttp 27512 11064 "GET /checkout/ HTTP/1.1" 200 60777
INFO 2026-07-09 20:48:28,984 basehttp 27512 11064 "POST /checkout/ HTTP/1.1" 302 0
INFO 2026-07-09 20:48:28,993 basehttp 27512 11064 "GET /checkout/ HTTP/1.1" 302 0
INFO 2026-07-09 20:48:29,188 basehttp 27512 11064 "GET /shop/ HTTP/1.1" 200 64968
INFO 2026-07-09 20:48:49,403 basehttp 27512 11064 "GET /shop/?category=neckbands HTTP/1.1" 200 55299
INFO 2026-07-09 20:48:49,494 basehttp 27512 11064 "GET /media/CACHE/images/products/1000520257/f40a1ede030896459b8626e50eed00f3.jpg HTTP/1.1" 200 9079
INFO 2026-07-09 20:48:49,511 basehttp 27512 10116 "GET /media/CACHE/images/products/1000520234_SBppChd/65ade931060e403151ccc0364eeeb677.jpg HTTP/1.1" 200 12641
INFO 2026-07-09 20:48:49,514 basehttp 27512 28324 "GET /media/CACHE/images/products/1000458382_rsJgChZ/30dd837e52793d629b890826135cfa49.jpg HTTP/1.1" 200 11457
INFO 2026-07-09 20:48:52,106 basehttp 27512 28324 "GET /shop/?category=smart-watches HTTP/1.1" 200 63202
INFO 2026-07-09 20:48:52,249 basehttp 27512 28324 "GET /media/CACHE/images/products/1000525139/e65d5659a406c50c9f3ccbddd26ed2ea.jpg HTTP/1.1" 200 13369
INFO 2026-07-09 20:48:52,280 basehttp 27512 28552 "GET /media/CACHE/images/products/1000533259/f9b57ffe4828592f65f3ea4986245da3.jpg HTTP/1.1" 200 6498
INFO 2026-07-09 20:48:52,281 basehttp 27512 11064 "GET /media/CACHE/images/products/1000525136/718bfb385645c985e07f8d996dc51171.jpg HTTP/1.1" 200 14472
INFO 2026-07-09 20:48:52,281 basehttp 27512 17192 "GET /media/CACHE/images/products/1000525605/8724b7df91532d4620233c1e684c72e2.jpg HTTP/1.1" 200 14032
INFO 2026-07-09 20:48:52,281 basehttp 27512 10116 "GET /media/CACHE/images/products/1000525137/d524deef77040408ba374cdbdf1fc40d.jpg HTTP/1.1" 200 10719
INFO 2026-07-09 20:48:52,291 basehttp 27512 15104 "GET /media/CACHE/images/products/1000520278/4c3e56336b4bbfb8a95fb04d3321962f.jpg HTTP/1.1" 200 9423
INFO 2026-07-09 20:48:52,294 basehttp 27512 28324 "GET /media/CACHE/images/products/1000520279/99d957fe1d54b29ce9162264ba09f50c.jpg HTTP/1.1" 200 10247
INFO 2026-07-09 20:48:52,301 basehttp 27512 11064 "GET /media/CACHE/images/products/1000520280/545032179b16962a7284f90a66cb8525.jpg HTTP/1.1" 200 12165
INFO 2026-07-09 20:48:52,305 basehttp 27512 15104 "GET /media/CACHE/images/products/1000520281/276306244df2b4a17b37d8ec06f9043d.jpg HTTP/1.1" 200 12614
INFO 2026-07-09 20:48:58,749 basehttp 27512 15104 "GET /shop/ HTTP/1.1" 200 64586
INFO 2026-07-09 20:49:05,821 basehttp 27512 15104 "GET / HTTP/1.1" 200 67373
INFO 2026-07-09 20:53:39,748 autoreload 7044 14964 C:\Users\Hp\Desktop\ORAIMOTECH\shop\views.py changed, reloading.
INFO 2026-07-09 20:53:40,453 autoreload 27512 26548 C:\Users\Hp\Desktop\ORAIMOTECH\shop\views.py changed, reloading.
INFO 2026-07-09 20:53:44,364 autoreload 12468 8028 Watching for file changes with StatReloader
INFO 2026-07-09 20:53:44,364 autoreload 17928 9348 Watching for file changes with StatReloader
INFO 2026-07-09 20:54:54,411 autoreload 12468 8028 C:\Users\Hp\Desktop\ORAIMOTECH\shop\views.py changed, reloading.
INFO 2026-07-09 20:54:55,242 autoreload 17928 9348 C:\Users\Hp\Desktop\ORAIMOTECH\shop\views.py changed, reloading.
INFO 2026-07-09 20:54:57,557 autoreload 9228 27188 Watching for file changes with StatReloader
INFO 2026-07-09 20:54:57,895 autoreload 19440 4748 Watching for file changes with StatReloader
INFO 2026-07-09 20:55:17,793 autoreload 9228 27188 C:\Users\Hp\Desktop\ORAIMOTECH\basket\basket.py changed, reloading.
INFO 2026-07-09 20:55:17,864 autoreload 19440 4748 C:\Users\Hp\Desktop\ORAIMOTECH\basket\basket.py changed, reloading.
INFO 2026-07-09 20:55:22,211 autoreload 26676 28004 Watching for file changes with StatReloader
INFO 2026-07-09 20:55:22,212 autoreload 12356 2308 Watching for file changes with StatReloader
INFO 2026-07-09 20:56:03,545 basehttp 12356 25120 "GET / HTTP/1.1" 200 67373
INFO 2026-07-09 20:56:05,543 basehttp 12356 25120 "GET /shop/?category=powerbanks HTTP/1.1" 200 58349
INFO 2026-07-09 20:56:10,452 basehttp 12356 25120 "GET /shop/oraimo-powernova-q31-30000mah-225w-fast-charging-p/ HTTP/1.1" 200 56103
INFO 2026-07-09 20:56:17,947 basehttp 12356 25120 "GET / HTTP/1.1" 200 67373
INFO 2026-07-09 21:00:00,701 basehttp 12356 25120 "GET / HTTP/1.1" 200 67373
INFO 2026-07-09 21:00:05,183 basehttp 12356 25120 "GET /shop/?category=neckbands HTTP/1.1" 200 55511
INFO 2026-07-09 21:00:05,286 basehttp 12356 28616 "GET /media/products/1000458382_rsJgChZ.jpg HTTP/1.1" 200 139075
INFO 2026-07-09 21:00:05,286 basehttp 12356 25120 "GET /media/products/1000520257.jpg HTTP/1.1" 200 106493
INFO 2026-07-09 21:00:05,294 basehttp 12356 27356 "GET /media/products/1000520234_SBppChd.jpg HTTP/1.1" 200 91304
INFO 2026-07-09 21:00:09,312 basehttp 12356 27356 "GET /shop/?category=smart-watches HTTP/1.1" 200 64006
INFO 2026-07-09 21:00:09,483 basehttp 12356 27356 "GET /media/products/1000525144.png HTTP/1.1" 200 152901
INFO 2026-07-09 21:00:09,528 basehttp 12356 25120 "GET /media/products/1000525139.png HTTP/1.1" 200 163867
INFO 2026-07-09 21:00:09,529 basehttp 12356 20692 "GET /media/products/1000533259.jpg HTTP/1.1" 200 75741
INFO 2026-07-09 21:00:09,532 basehttp 12356 25152 "GET /media/products/1000525605.png HTTP/1.1" 200 189304
INFO 2026-07-09 21:00:09,558 basehttp 12356 28616 "GET /media/products/1000525137.png HTTP/1.1" 200 183780
INFO 2026-07-09 21:00:09,566 basehttp 12356 26944 "GET /media/products/1000525136.png HTTP/1.1" 200 253871
INFO 2026-07-09 21:00:09,587 basehttp 12356 27356 "GET /media/products/1000520278.jpg HTTP/1.1" 200 520053
INFO 2026-07-09 21:00:09,997 basehttp 12356 27356 "GET /media/products/1000520279.jpg HTTP/1.1" 200 144846
INFO 2026-07-09 21:00:10,005 basehttp 12356 25152 "GET /media/products/1000520280.jpg HTTP/1.1" 200 899316
INFO 2026-07-09 21:00:10,564 basehttp 12356 25152 "GET /media/products/1000520281.jpg HTTP/1.1" 200 145300
INFO 2026-07-09 21:00:14,524 basehttp 12356 25152 "GET /shop/?category=other-accessories HTTP/1.1" 200 56677
INFO 2026-07-09 21:00:14,608 basehttp 12356 26944 "GET /media/products/1000525140.png HTTP/1.1" 200 157665
INFO 2026-07-09 21:00:14,609 basehttp 12356 27356 "GET /media/products/1000525143.png HTTP/1.1" 200 213940
INFO 2026-07-09 21:00:14,655 basehttp 12356 25152 "GET /media/products/1000526968.jpg HTTP/1.1" 200 773432
INFO 2026-07-09 21:00:17,242 basehttp 12356 25152 "GET /shop/?category=other-accessories&sort=price_desc HTTP/1.1" 200 56805
INFO 2026-07-09 21:00:20,081 basehttp 12356 25152 "GET /shop/?category=other-accessories&sort=price_desc HTTP/1.1" 200 56805
INFO 2026-07-09 21:00:24,165 basehttp 12356 25152 "GET /shop/?category=other-accessories&sort=price_asc HTTP/1.1" 200 56797
INFO 2026-07-09 21:00:27,952 basehttp 12356 25152 "GET /shop/?category=other-accessories&sort=price_asc HTTP/1.1" 200 56797
INFO 2026-07-09 21:00:35,333 basehttp 12356 25152 "GET /shop/ HTTP/1.1" 200 65464
INFO 2026-07-09 21:00:36,614 basehttp 12356 25152 "GET /media/products/1000525145.png HTTP/1.1" 200 203853
INFO 2026-07-09 21:01:47,552 basehttp 12356 25152 "GET /shop/ HTTP/1.1" 200 65464
INFO 2026-07-09 21:01:50,442 basehttp 12356 25152 "GET /shop/ HTTP/1.1" 200 65464
INFO 2026-07-09 21:02:08,055 basehttp 12356 25152 "GET / HTTP/1.1" 200 67373
INFO 2026-07-09 21:19:54,876 basehttp 12356 9064 "GET / HTTP/1.1" 200 77200
INFO 2026-07-09 21:20:38,711 basehttp 12356 9064 "GET /shop/ HTTP/1.1" 200 65464
INFO 2026-07-09 21:20:41,638 basehttp 12356 9064 "GET / HTTP/1.1" 200 77200
INFO 2026-07-09 21:21:21,776 basehttp 12356 9064 "GET / HTTP/1.1" 200 72445
INFO 2026-07-09 21:23:32,975 basehttp 12356 9064 "GET / HTTP/1.1" 200 73656
INFO 2026-07-09 21:24:39,446 basehttp 12356 9064 "GET /shop/ HTTP/1.1" 200 65464
INFO 2026-07-09 21:24:43,884 basehttp 12356 9064 "GET / HTTP/1.1" 200 73656
INFO 2026-07-09 21:25:19,789 basehttp 12356 9064 "GET / HTTP/1.1" 200 70864
INFO 2026-07-09 21:25:45,411 basehttp 12356 9064 "GET / HTTP/1.1" 200 72264
INFO 2026-07-09 21:47:01,352 basehttp 12356 18144 "GET / HTTP/1.1" 200 77390
INFO 2026-07-09 21:47:14,019 basehttp 12356 18144 "GET /shop/ HTTP/1.1" 200 65464
INFO 2026-07-09 21:47:18,063 basehttp 12356 18144 "GET / HTTP/1.1" 200 77390
INFO 2026-07-09 21:53:10,259 basehttp 12356 3704 "GET / HTTP/1.1" 200 83799
INFO 2026-07-09 21:54:37,529 basehttp 12356 3704 "GET / HTTP/1.1" 200 83847
INFO 2026-07-09 21:54:55,560 basehttp 12356 3704 "GET / HTTP/1.1" 200 83847
INFO 2026-07-09 21:54:57,503 basehttp 12356 3704 "GET /shop/ HTTP/1.1" 200 65464
INFO 2026-07-09 22:00:48,642 basehttp 12356 24456 "GET / HTTP/1.1" 200 83847
INFO 2026-07-09 22:00:54,433 basehttp 12356 24456 "GET /shop/ HTTP/1.1" 200 69585
INFO 2026-07-09 22:04:19,955 basehttp 12356 24456 "GET /shop/ HTTP/1.1" 200 71097
INFO 2026-07-09 22:04:27,800 basehttp 12356 24456 "GET / HTTP/1.1" 200 83847
INFO 2026-07-09 22:04:36,181 basehttp 12356 24456 "GET / HTTP/1.1" 200 83847
INFO 2026-07-09 22:04:38,797 basehttp 12356 24456 "GET /shop/ HTTP/1.1" 200 71097
INFO 2026-07-09 22:07:00,335 basehttp 12356 24456 "GET /shop/ HTTP/1.1" 200 76824
INFO 2026-07-09 22:10:47,155 basehttp 12356 17392 "GET /shop/ HTTP/1.1" 200 69616
INFO 2026-07-09 22:10:48,619 basehttp 12356 17392 "GET / HTTP/1.1" 200 83847
INFO 2026-07-09 22:10:50,498 basehttp 12356 17392 "GET /shop/ HTTP/1.1" 200 69616
INFO 2026-07-09 22:14:21,564 basehttp 12356 17392 "GET /shop/?category=neckbands HTTP/1.1" 200 57903
INFO 2026-07-09 22:14:29,076 basehttp 12356 17392 "GET /shop/ HTTP/1.1" 200 69616
INFO 2026-07-09 22:15:56,355 basehttp 12356 17392 "GET / HTTP/1.1" 200 83847
INFO 2026-07-09 22:15:58,937 basehttp 12356 17392 "GET /shop/ HTTP/1.1" 200 70473
INFO 2026-07-09 22:17:47,151 basehttp 12356 17392 "GET /shop/ HTTP/1.1" 200 69676
INFO 2026-07-09 22:17:49,033 basehttp 12356 17392 "GET /shop/ HTTP/1.1" 200 69676
INFO 2026-07-09 22:17:56,249 basehttp 12356 17392 "POST /basket/add/37/ HTTP/1.1" 200 57
INFO 2026-07-09 22:17:56,273 basehttp 12356 26436 "POST /basket/add/37/ HTTP/1.1" 200 58
INFO 2026-07-09 22:18:01,446 basehttp 12356 26436 "GET / HTTP/1.1" 200 83847
INFO 2026-07-09 22:19:23,108 basehttp 12356 26436 "GET / HTTP/1.1" 200 83847
INFO 2026-07-09 22:20:19,891 basehttp 12356 26436 "GET / HTTP/1.1" 200 83847
INFO 2026-07-09 22:20:23,269 basehttp 12356 26436 "GET / HTTP/1.1" 200 83847
INFO 2026-07-09 22:20:26,414 basehttp 12356 26436 "GET /shop/ HTTP/1.1" 200 69754
INFO 2026-07-09 22:20:34,106 basehttp 12356 26436 "GET /shop/?page=2 HTTP/1.1" 200 69891
INFO 2026-07-09 22:20:34,207 basehttp 12356 26436 "GET /media/products/1000525141.png HTTP/1.1" 200 211286
INFO 2026-07-09 22:20:34,220 basehttp 12356 17392 "GET /media/products/1000525138.png HTTP/1.1" 200 249163
INFO 2026-07-09 22:20:34,264 basehttp 12356 26436 "GET /media/products/1000525134.png HTTP/1.1" 200 185875
INFO 2026-07-09 22:20:34,266 basehttp 12356 17392 "GET /media/products/1000525135.png HTTP/1.1" 200 270097
INFO 2026-07-09 22:22:23,865 basehttp 12356 26436 "GET / HTTP/1.1" 200 83847
INFO 2026-07-09 22:22:26,076 basehttp 12356 26436 "GET /shop/ HTTP/1.1" 200 69754
INFO 2026-07-09 22:23:32,230 basehttp 12356 26436 "GET / HTTP/1.1" 200 83847
INFO 2026-07-09 22:23:34,566 basehttp 12356 26436 "GET /shop/ HTTP/1.1" 200 70143
INFO 2026-07-09 22:24:56,210 basehttp 12356 26436 "GET /shop/ HTTP/1.1" 200 70760
INFO 2026-07-09 22:25:11,353 basehttp 12356 26436 "GET /shop/?sort=price_asc HTTP/1.1" 200 70764
INFO 2026-07-09 22:25:11,505 basehttp 12356 26436 "GET /media/products/1000520283.jpg HTTP/1.1" 200 163985
INFO 2026-07-09 22:25:11,523 basehttp 12356 26436 "GET /media/products/1000520282.jpg HTTP/1.1" 200 177081
INFO 2026-07-09 22:25:11,536 basehttp 12356 17392 "GET /media/products/1000520287.jpg HTTP/1.1" 200 1024983
INFO 2026-07-09 22:26:45,138 basehttp 12356 17392 "GET / HTTP/1.1" 200 83847
INFO 2026-07-09 22:26:47,225 basehttp 12356 17392 "GET /shop/ HTTP/1.1" 200 70931
INFO 2026-07-09 22:28:18,463 basehttp 12356 17392 "GET /shop/ HTTP/1.1" 200 71770
INFO 2026-07-09 22:29:37,345 basehttp 12356 17392 "GET /shop/ HTTP/1.1" 200 78625
INFO 2026-07-09 22:32:47,020 basehttp 12356 17392 "GET / HTTP/1.1" 200 83847
INFO 2026-07-09 22:32:49,914 basehttp 12356 17392 "GET /shop/ HTTP/1.1" 200 70791
INFO 2026-07-09 22:35:13,536 basehttp 12356 17392 "GET /shop/ HTTP/1.1" 200 70644
INFO 2026-07-09 22:37:30,397 basehttp 12356 17392 "GET /shop/ HTTP/1.1" 200 71558
INFO 2026-07-09 22:37:40,541 basehttp 12356 17392 "GET /shop/?category=home-appliances HTTP/1.1" 200 58714
INFO 2026-07-09 22:39:29,135 basehttp 12356 13460 "GET /shop/?category=home-appliances HTTP/1.1" 200 58622
INFO 2026-07-09 22:39:38,488 basehttp 12356 13460 "GET /shop/ HTTP/1.1" 200 71466
INFO 2026-07-09 22:39:41,839 basehttp 12356 13460 "POST /basket/add/36/ HTTP/1.1" 200 58
INFO 2026-07-09 22:39:41,871 basehttp 12356 1712 "POST /basket/add/36/ HTTP/1.1" 200 58
INFO 2026-07-09 22:41:59,499 basehttp 12356 1712 "GET / HTTP/1.1" 200 83847
INFO 2026-07-09 22:42:11,124 basehttp 12356 1712 "GET /shop/oraimo-powerjet-501-50000mah-85w-power-bank/ HTTP/1.1" 200 56391
INFO 2026-07-09 22:42:21,859 basehttp 12356 1712 "GET / HTTP/1.1" 200 83847
INFO 2026-07-09 22:42:24,476 basehttp 12356 1712 "GET /shop/?category=neckbands HTTP/1.1" 200 59753
INFO 2026-07-09 22:42:54,394 basehttp 12356 1712 "GET /shop/?category=neckbands HTTP/1.1" 200 59807
INFO 2026-07-09 22:43:00,030 basehttp 12356 1712 "GET /shop/ HTTP/1.1" 200 71520
INFO 2026-07-09 22:45:02,131 basehttp 12356 1712 "GET /shop/ HTTP/1.1" 200 72826
INFO 2026-07-09 22:45:31,976 basehttp 12356 1712 "GET /shop/?category=smart-watches HTTP/1.1" 200 71080
INFO 2026-07-09 22:45:35,687 basehttp 12356 1712 "GET /shop/?category=smart-watches&sort=price_asc HTTP/1.1" 200 71200
INFO 2026-07-09 22:45:39,123 basehttp 12356 1712 "GET /shop/?category=smart-watches&sort=price_desc HTTP/1.1" 200 71208
INFO 2026-07-09 22:45:41,935 basehttp 12356 1712 "GET /shop/?category=smart-watches& HTTP/1.1" 200 71080
INFO 2026-07-09 22:45:45,640 basehttp 12356 1712 "GET /shop/?category=powerbanks HTTP/1.1" 200 64937
INFO 2026-07-09 22:45:52,392 basehttp 12356 1712 "GET /shop/ HTTP/1.1" 200 72826
INFO 2026-07-09 22:46:08,821 basehttp 12356 1712 "GET /shop/?sort=price_asc HTTP/1.1" 200 72830
INFO 2026-07-09 22:46:52,291 basehttp 12356 1712 "GET /shop/ HTTP/1.1" 200 72826
INFO 2026-07-09 22:47:44,826 basehttp 12356 1712 "GET /shop/ HTTP/1.1" 200 74141
INFO 2026-07-09 22:47:53,991 basehttp 12356 1712 "GET /shop/?category=neckbands HTTP/1.1" 200 61447
INFO 2026-07-09 22:47:57,663 basehttp 12356 1712 "GET /shop/?category=earpods HTTP/1.1" 200 65527
INFO 2026-07-09 22:47:57,751 basehttp 12356 1712 "GET /media/products/1000520284.jpg HTTP/1.1" 200 129782
INFO 2026-07-09 22:47:57,753 basehttp 12356 26008 "GET /media/products/1000520286.jpg HTTP/1.1" 200 129354
INFO 2026-07-09 22:47:57,754 basehttp 12356 7220 "GET /media/products/1000520285.jpg HTTP/1.1" 200 160289
INFO 2026-07-09 22:48:08,563 basehttp 12356 7220 "GET /shop/ HTTP/1.1" 200 74141
INFO 2026-07-09 22:48:13,013 basehttp 12356 7220 "GET / HTTP/1.1" 200 83847
INFO 2026-07-09 22:54:51,373 basehttp 12356 28136 "GET / HTTP/1.1" 200 30557
INFO 2026-07-09 22:54:53,599 basehttp 12356 28136 "GET / HTTP/1.1" 200 30557
INFO 2026-07-09 22:55:17,277 basehttp 12356 28136 "GET / HTTP/1.1" 200 83847
INFO 2026-07-09 22:56:37,038 basehttp 12356 28136 "GET / HTTP/1.1" 200 91782
INFO 2026-07-09 22:58:29,003 basehttp 12356 28136 "GET /shop/?category=speakers HTTP/1.1" 200 68103
INFO 2026-07-09 22:58:35,530 basehttp 12356 28136 "GET /shop/ HTTP/1.1" 200 82076
INFO 2026-07-09 22:58:44,125 basehttp 12356 28136 "GET /shop/?category=neckbands HTTP/1.1" 200 69382
INFO 2026-07-09 22:58:49,018 basehttp 12356 28136 "GET /shop/?category=earphones HTTP/1.1" 200 68118
INFO 2026-07-09 22:58:53,695 basehttp 12356 28136 "GET / HTTP/1.1" 200 91782
INFO 2026-07-09 22:59:20,860 basehttp 12356 28136 "GET / HTTP/1.1" 200 88733
INFO 2026-07-09 23:01:39,883 basehttp 12356 28136 "GET / HTTP/1.1" 200 89272
INFO 2026-07-09 23:02:06,533 basehttp 12356 28136 "GET / HTTP/1.1" 200 91782
INFO 2026-07-09 23:07:22,984 basehttp 12356 4872 "GET / HTTP/1.1" 200 88239
INFO 2026-07-09 23:08:59,446 basehttp 12356 20548 "GET / HTTP/1.1" 200 88712
INFO 2026-07-09 23:09:05,069 basehttp 12356 20548 "GET /shop/?category=speakers HTTP/1.1" 200 68103
INFO 2026-07-09 23:09:11,167 basehttp 12356 20548 "GET / HTTP/1.1" 200 88712
INFO 2026-07-09 23:09:33,392 basehttp 12356 20548 "GET / HTTP/1.1" 200 75308
INFO 2026-07-09 23:13:33,931 basehttp 12356 20548 "GET / HTTP/1.1" 200 73389
INFO 2026-07-09 23:13:56,330 basehttp 12356 20548 "GET / HTTP/1.1" 200 75308
INFO 2026-07-09 23:15:54,591 basehttp 12356 20548 "GET / HTTP/1.1" 200 89272
INFO 2026-07-09 23:16:40,365 basehttp 12356 20548 "GET / HTTP/1.1" 200 88239
INFO 2026-07-09 23:18:01,151 basehttp 12356 20548 "GET / HTTP/1.1" 200 89141
INFO 2026-07-09 23:18:05,998 basehttp 12356 20548 "GET / HTTP/1.1" 200 89141
INFO 2026-07-09 23:18:46,141 basehttp 12356 20548 "GET / HTTP/1.1" 200 89141
INFO 2026-07-09 23:19:35,257 basehttp 12356 20548 "GET / HTTP/1.1" 200 89141
INFO 2026-07-09 23:21:52,681 basehttp 12356 20548 "GET / HTTP/1.1" 200 90437
INFO 2026-07-09 23:22:20,334 basehttp 12356 20548 "GET /basket/ HTTP/1.1" 200 67070
WARNING 2026-07-09 23:22:23,128 log 12356 20548 Forbidden (CSRF token from the 'X-Csrftoken' HTTP header has incorrect length.): /basket/update/37/
WARNING 2026-07-09 23:22:23,129 basehttp 12356 20548 "POST /basket/update/37/ HTTP/1.1" 403 2563
INFO 2026-07-09 23:22:28,046 basehttp 12356 20548 "POST /basket/remove/37/ HTTP/1.1" 200 35
INFO 2026-07-09 23:22:28,065 basehttp 12356 20548 "GET /basket/ HTTP/1.1" 200 65181
INFO 2026-07-09 23:22:29,319 basehttp 12356 20548 "POST /basket/remove/36/ HTTP/1.1" 200 35
INFO 2026-07-09 23:22:29,338 basehttp 12356 20548 "GET /basket/ HTTP/1.1" 200 62525
INFO 2026-07-09 23:22:30,963 basehttp 12356 20548 "GET /shop/ HTTP/1.1" 200 82076
INFO 2026-07-09 23:22:33,263 basehttp 12356 20548 "POST /basket/add/37/ HTTP/1.1" 200 57
INFO 2026-07-09 23:22:33,327 basehttp 12356 2152 "POST /basket/add/37/ HTTP/1.1" 200 58
INFO 2026-07-09 23:22:37,381 basehttp 12356 2152 "GET /basket/ HTTP/1.1" 200 65193
INFO 2026-07-09 23:22:39,152 basehttp 12356 2152 "GET / HTTP/1.1" 200 90437
INFO 2026-07-09 23:24:41,033 basehttp 12356 2152 "GET / HTTP/1.1" 200 96024
INFO 2026-07-09 23:25:24,905 basehttp 12356 2152 "GET / HTTP/1.1" 200 91782
INFO 2026-07-09 23:26:38,184 basehttp 12356 2152 "GET / HTTP/1.1" 200 91782
INFO 2026-07-09 23:26:48,494 basehttp 12356 2152 "GET / HTTP/1.1" 200 91782
WARNING 2026-07-09 23:27:00,797 basehttp 12356 2152 "GET /2 HTTP/1.1" 404 3263
WARNING 2026-07-09 23:28:28,353 basehttp 12356 2152 "GET /2 HTTP/1.1" 404 3263
WARNING 2026-07-09 23:28:45,617 basehttp 12356 2152 "GET /2 HTTP/1.1" 404 3263
INFO 2026-07-09 23:29:11,133 autoreload 18004 18012 Watching for file changes with StatReloader
INFO 2026-07-09 23:29:17,595 basehttp 18004 27980 "GET / HTTP/1.1" 200 91782
WARNING 2026-07-09 23:29:22,663 basehttp 18004 27980 "GET /2 HTTP/1.1" 404 58064
INFO 2026-07-09 23:29:26,653 basehttp 18004 27980 "GET / HTTP/1.1" 200 91782
WARNING 2026-07-09 23:29:33,577 basehttp 18004 27980 "GET /9 HTTP/1.1" 404 58064
WARNING 2026-07-09 23:29:45,261 basehttp 18004 27980 "GET /0 HTTP/1.1" 404 58064
INFO 2026-07-09 23:29:50,265 basehttp 18004 27980 "GET / HTTP/1.1" 200 91782
INFO 2026-07-09 23:30:01,354 basehttp 18004 27980 "GET /shop/ HTTP/1.1" 200 82076
INFO 2026-07-09 23:30:06,012 basehttp 18004 27980 "GET / HTTP/1.1" 200 91782
INFO 2026-07-09 23:38:01,740 basehttp 18004 6404 "GET / HTTP/1.1" 200 95341
INFO 2026-07-09 23:40:59,085 basehttp 18004 6404 "GET /shop/ HTTP/1.1" 200 82076
INFO 2026-07-09 23:41:01,355 basehttp 18004 6404 "GET / HTTP/1.1" 200 95341
INFO 2026-07-09 23:48:05,643 basehttp 18004 25596 "GET / HTTP/1.1" 200 98081
INFO 2026-07-09 23:49:08,083 basehttp 18004 25596 "GET /shop/ HTTP/1.1" 200 82076
INFO 2026-07-09 23:49:10,859 basehttp 18004 25596 "POST /basket/add/36/ HTTP/1.1" 200 58
INFO 2026-07-09 23:49:10,913 basehttp 18004 20252 "POST /basket/add/36/ HTTP/1.1" 200 58
INFO 2026-07-09 23:55:19,928 basehttp 18004 4700 "GET / HTTP/1.1" 200 98081
INFO 2026-07-09 23:55:24,597 basehttp 18004 4700 "GET /shop/?category=other-accessories HTTP/1.1" 200 70841
INFO 2026-07-09 23:55:30,620 basehttp 18004 4700 "GET /shop/?category=speakers HTTP/1.1" 200 68103
INFO 2026-07-09 23:55:33,563 basehttp 18004 4700 "GET /shop/ HTTP/1.1" 200 82076
INFO 2026-07-09 23:55:34,758 basehttp 18004 4700 "GET /shop/?category=neckbands HTTP/1.1" 200 69382
INFO 2026-07-09 23:55:38,075 basehttp 18004 4700 "GET /shop/?category=smart-watches HTTP/1.1" 200 80221
INFO 2026-07-09 23:55:40,075 basehttp 18004 4700 "GET /shop/?category=earpods HTTP/1.1" 200 73462
INFO 2026-07-09 23:55:41,504 basehttp 18004 4700 "GET /shop/?category=speakers HTTP/1.1" 200 68103
INFO 2026-07-09 23:55:45,723 basehttp 18004 4700 "GET /shop/?category=earphones HTTP/1.1" 200 68118
INFO 2026-07-09 23:55:49,053 basehttp 18004 4700 "GET /shop/?category=home-appliances HTTP/1.1" 200 68142
INFO 2026-07-09 23:56:00,705 basehttp 18004 4700 "GET /reports/ HTTP/1.1" 200 65102
INFO 2026-07-09 23:56:01,590 basehttp 18004 28556 "GET /reports/api/payment-stats/?days=30 HTTP/1.1" 200 74
INFO 2026-07-09 23:56:01,610 basehttp 18004 19092 "GET /reports/api/top-products/?days=30&limit=5 HTTP/1.1" 200 2
INFO 2026-07-09 23:56:01,620 basehttp 18004 26372 "GET /reports/api/category-sales/?days=30 HTTP/1.1" 200 2
INFO 2026-07-09 23:56:01,625 basehttp 18004 25480 "GET /reports/api/recent-orders/?limit=10 HTTP/1.1" 200 2
INFO 2026-07-09 23:56:01,639 basehttp 18004 6748 "GET /reports/api/delivery-stats/?days=30 HTTP/1.1" 200 2
INFO 2026-07-09 23:56:01,658 basehttp 18004 4700 "GET /reports/api/sales/?days=30 HTTP/1.1" 200 1646
INFO 2026-07-09 23:56:28,613 basehttp 18004 19092 "GET /reports/api/delivery-stats/?days=90 HTTP/1.1" 200 2
INFO 2026-07-09 23:56:28,618 basehttp 18004 26372 "GET /reports/api/category-sales/?days=90 HTTP/1.1" 200 2
INFO 2026-07-09 23:56:28,619 basehttp 18004 28556 "GET /reports/api/recent-orders/?limit=10 HTTP/1.1" 200 2
INFO 2026-07-09 23:56:28,619 basehttp 18004 6748 "GET /reports/api/top-products/?days=90&limit=5 HTTP/1.1" 200 2
INFO 2026-07-09 23:56:28,621 basehttp 18004 25480 "GET /reports/api/payment-stats/?days=90 HTTP/1.1" 200 74
INFO 2026-07-09 23:56:28,816 basehttp 18004 4700 "GET /reports/api/sales/?days=90 HTTP/1.1" 200 4766
INFO 2026-07-12 19:19:50,366 autoreload 5308 23204 Watching for file changes with StatReloader
INFO 2026-07-12 19:20:37,897 basehttp 5308 16736 "GET /reports/ HTTP/1.1" 200 65102
INFO 2026-07-12 19:20:47,512 basehttp 5308 16736 "GET /shop/?category=home-appliances HTTP/1.1" 200 68142
INFO 2026-07-12 19:20:48,973 basehttp 5308 16736 "GET /shop/?category=earphones HTTP/1.1" 200 68118
WARNING 2026-07-12 19:20:50,273 basehttp 5308 16736 "GET /media/products/1000525141.png HTTP/1.1" 404 58064
WARNING 2026-07-12 19:20:50,414 basehttp 5308 23192 "GET /media/products/1000525138.png HTTP/1.1" 404 58064
INFO 2026-07-12 19:20:58,931 basehttp 5308 23192 "GET /shop/?category=earphones HTTP/1.1" 200 68118
WARNING 2026-07-12 19:21:17,027 basehttp 5308 23192 "GET /media/products/1000525141.png HTTP/1.1" 404 58064
WARNING 2026-07-12 19:21:17,027 basehttp 5308 16736 "GET /media/products/1000525138.png HTTP/1.1" 404 58064
WARNING 2026-07-12 19:21:17,179 basehttp 5308 16736 "GET /favicon.ico HTTP/1.1" 404 58064
INFO 2026-07-12 19:21:27,139 basehttp 5308 16736 "GET / HTTP/1.1" 200 98081
WARNING 2026-07-12 19:21:32,976 basehttp 5308 16736 "GET /media/CACHE/images/products/1000526988/297d1fbbf43ffd3ca8b68220c3a2f140.jpg HTTP/1.1" 404 58064
WARNING 2026-07-12 19:21:33,065 basehttp 5308 16736 "GET /media/CACHE/images/products/1000526987/a6d5a5e42638bdf81f7b75683fe48a56.jpg HTTP/1.1" 404 58064
WARNING 2026-07-12 19:21:33,844 basehttp 5308 16736 "GET /media/CACHE/images/products/1000526986/4c42d7f070fd16fcc4c9e9e771277a3f.jpg HTTP/1.1" 404 58064
WARNING 2026-07-12 19:21:34,583 basehttp 5308 16736 "GET /media/CACHE/images/products/1000526985/ea2101abe7212401b5af667637e000f4.jpg HTTP/1.1" 404 58064
WARNING 2026-07-12 19:21:35,107 basehttp 5308 16736 "GET /media/CACHE/images/products/1000526984/2679c5d1935863a487471bfaaebbd5f6.jpg HTTP/1.1" 404 58064
WARNING 2026-07-12 19:21:36,730 basehttp 5308 16736 "GET /media/CACHE/images/products/1000526983/59a2f0e6a76fb3a0abaf510e68d6861f.jpg HTTP/1.1" 404 58064
WARNING 2026-07-12 19:21:43,941 basehttp 5308 16736 "GET /media/CACHE/images/products/1000526975/d6f426988a94ff6a989535d30a8bdf11.jpg HTTP/1.1" 404 58064
WARNING 2026-07-12 19:21:44,321 basehttp 5308 16736 "GET /media/CACHE/images/products/1000533260/cc9415acb28224a87fcc5efb6469a097.jpg HTTP/1.1" 404 58064
WARNING 2026-07-12 19:21:47,808 basehttp 5308 16736 "GET /media/CACHE/images/products/1000526988/297d1fbbf43ffd3ca8b68220c3a2f140.jpg HTTP/1.1" 404 58064
WARNING 2026-07-12 19:21:47,937 basehttp 5308 16736 "GET /media/CACHE/images/products/1000526987/a6d5a5e42638bdf81f7b75683fe48a56.jpg HTTP/1.1" 404 58064
WARNING 2026-07-12 19:21:48,286 basehttp 5308 16736 "GET /media/CACHE/images/products/1000526986/4c42d7f070fd16fcc4c9e9e771277a3f.jpg HTTP/1.1" 404 58064
WARNING 2026-07-12 19:21:48,759 basehttp 5308 16736 "GET /media/CACHE/images/products/1000526985/ea2101abe7212401b5af667637e000f4.jpg HTTP/1.1" 404 58064
INFO 2026-07-12 19:21:56,565 basehttp 5308 16736 "GET /shop/?category=neckbands HTTP/1.1" 200 69382
WARNING 2026-07-12 19:22:02,750 basehttp 5308 16736 "GET /media/products/1000520257.jpg HTTP/1.1" 404 58064
WARNING 2026-07-12 19:22:02,910 basehttp 5308 20748 "GET /media/products/1000520234_SBppChd.jpg HTTP/1.1" 404 58064
WARNING 2026-07-12 19:22:02,951 basehttp 5308 23192 "GET /media/products/1000458382_rsJgChZ.jpg HTTP/1.1" 404 58064
INFO 2026-07-12 19:22:06,502 basehttp 5308 23192 "GET /shop/ HTTP/1.1" 200 82076
WARNING 2026-07-12 19:22:12,565 basehttp 5308 23192 "GET /media/products/1000526988.jpg HTTP/1.1" 404 58064
WARNING 2026-07-12 19:22:12,565 basehttp 5308 20748 "GET /media/products/1000526987.jpg HTTP/1.1" 404 58064
WARNING 2026-07-12 19:22:12,565 basehttp 5308 16736 "GET /media/products/1000526986.jpg HTTP/1.1" 404 58064
WARNING 2026-07-12 19:22:12,612 basehttp 5308 20748 "GET /media/products/1000526984.jpg HTTP/1.1" 404 58064
WARNING 2026-07-12 19:22:12,612 basehttp 5308 16736 "GET /media/products/1000526983.jpg HTTP/1.1" 404 58064
WARNING 2026-07-12 19:22:12,658 basehttp 5308 16736 "GET /media/products/1000526975.jpg HTTP/1.1" 404 58064
WARNING 2026-07-12 19:22:12,660 basehttp 5308 20748 "GET /media/products/1000533260.jpg HTTP/1.1" 404 58064
WARNING 2026-07-12 19:22:12,688 basehttp 5308 20748 "GET /media/products/1000526968.jpg HTTP/1.1" 404 58064
WARNING 2026-07-12 19:22:12,734 basehttp 5308 20748 "GET /media/products/1000533308.jpg HTTP/1.1" 404 58064
WARNING 2026-07-12 19:22:12,775 basehttp 5308 23884 "GET /media/products/1000526985.jpg HTTP/1.1" 404 58064
WARNING 2026-07-12 19:22:12,801 basehttp 5308 23884 "GET /media/products/1000525145.png HTTP/1.1" 404 58064
WARNING 2026-07-12 19:22:12,842 basehttp 5308 23884 "GET /media/products/1000525144.png HTTP/1.1" 404 58064
INFO 2026-07-12 19:24:33,802 basehttp 5308 23884 "GET / HTTP/1.1" 200 98081
WARNING 2026-07-12 19:24:39,845 basehttp 5308 23884 "GET /media/CACHE/images/products/1000526988/297d1fbbf43ffd3ca8b68220c3a2f140.jpg HTTP/1.1" 404 58064
WARNING 2026-07-12 19:24:39,942 basehttp 5308 20748 "GET /media/CACHE/images/products/1000526987/a6d5a5e42638bdf81f7b75683fe48a56.jpg HTTP/1.1" 404 58064
WARNING 2026-07-12 19:24:39,960 basehttp 5308 20748 "GET /media/CACHE/images/products/1000526986/4c42d7f070fd16fcc4c9e9e771277a3f.jpg HTTP/1.1" 404 58064
WARNING 2026-07-12 19:24:40,966 basehttp 5308 20748 "GET /media/CACHE/images/products/1000526985/ea2101abe7212401b5af667637e000f4.jpg HTTP/1.1" 404 58064
WARNING 2026-07-12 19:24:41,116 basehttp 5308 20748 "GET /media/CACHE/images/products/1000526984/2679c5d1935863a487471bfaaebbd5f6.jpg HTTP/1.1" 404 58064
INFO 2026-07-12 19:24:42,659 basehttp 5308 20748 "GET /shop/ HTTP/1.1" 200 82076
WARNING 2026-07-12 19:24:48,741 basehttp 5308 23884 "GET /media/products/1000526987.jpg HTTP/1.1" 404 58064
WARNING 2026-07-12 19:24:48,741 basehttp 5308 20748 "GET /media/products/1000526988.jpg HTTP/1.1" 404 58064
WARNING 2026-07-12 19:24:48,793 basehttp 5308 20748 "GET /media/products/1000526984.jpg HTTP/1.1" 404 58064
WARNING 2026-07-12 19:24:48,793 basehttp 5308 23884 "GET /media/products/1000526983.jpg HTTP/1.1" 404 58064
WARNING 2026-07-12 19:24:48,847 basehttp 5308 23884 "GET /media/products/1000526975.jpg HTTP/1.1" 404 58064
WARNING 2026-07-12 19:24:48,889 basehttp 5308 16736 "GET /media/products/1000526986.jpg HTTP/1.1" 404 58064
WARNING 2026-07-12 19:24:48,902 basehttp 5308 23192 "GET /media/products/1000526985.jpg HTTP/1.1" 404 58064
WARNING 2026-07-12 19:24:48,906 basehttp 5308 23884 "GET /media/products/1000533260.jpg HTTP/1.1" 404 58064
WARNING 2026-07-12 19:24:48,962 basehttp 5308 23884 "GET /media/products/1000526968.jpg HTTP/1.1" 404 58064
WARNING 2026-07-12 19:24:48,962 basehttp 5308 23192 "GET /media/products/1000533308.jpg HTTP/1.1" 404 58064
WARNING 2026-07-12 19:24:49,005 basehttp 5308 23884 "GET /media/products/1000525145.png HTTP/1.1" 404 58064
WARNING 2026-07-12 19:24:49,055 basehttp 5308 23884 "GET /media/products/1000525144.png HTTP/1.1" 404 58064
INFO 2026-07-12 19:24:53,022 basehttp 5308 23884 "GET /shop/ HTTP/1.1" 200 82076
WARNING 2026-07-12 19:24:56,063 basehttp 5308 23884 "GET /media/CACHE/images/products/1000526983/59a2f0e6a76fb3a0abaf510e68d6861f.jpg HTTP/1.1" 404 58064
WARNING 2026-07-12 19:24:56,462 basehttp 5308 23884 "GET /media/CACHE/images/products/1000526975/d6f426988a94ff6a989535d30a8bdf11.jpg HTTP/1.1" 404 58064
WARNING 2026-07-12 19:24:56,647 basehttp 5308 23884 "GET /media/CACHE/images/products/1000533260/cc9415acb28224a87fcc5efb6469a097.jpg HTTP/1.1" 404 58064
WARNING 2026-07-12 19:24:57,225 basehttp 5308 23884 "GET /media/CACHE/images/products/1000526988/297d1fbbf43ffd3ca8b68220c3a2f140.jpg HTTP/1.1" 404 58064
INFO 2026-07-12 19:24:59,580 basehttp 5308 23884 "POST /basket/add/36/ HTTP/1.1" 200 59
INFO 2026-07-12 19:24:59,585 basehttp 5308 23192 "POST /basket/add/36/ HTTP/1.1" 200 59
INFO 2026-07-12 19:25:12,305 basehttp 5308 23884 "POST /basket/add/35/ HTTP/1.1" 200 59
INFO 2026-07-12 19:25:12,313 basehttp 5308 23192 "POST /basket/add/35/ HTTP/1.1" 200 59
INFO 2026-07-12 19:31:38,566 basehttp 5308 1372 "GET /shop/?category=powerbanks HTTP/1.1" 200 73533
WARNING 2026-07-12 19:31:44,592 basehttp 5308 1372 "GET /media/products/1000526986.jpg HTTP/1.1" 404 58064
WARNING 2026-07-12 19:31:44,650 basehttp 5308 1372 "GET /media/products/1000533260.jpg HTTP/1.1" 404 58064
WARNING 2026-07-12 19:31:44,701 basehttp 5308 1372 "GET /media/products/1000525145.png HTTP/1.1" 404 58064
WARNING 2026-07-12 19:31:44,777 basehttp 5308 14572 "GET /media/products/1000526985.jpg HTTP/1.1" 404 58064
WARNING 2026-07-12 19:31:44,777 basehttp 5308 23696 "GET /media/products/1000526983.jpg HTTP/1.1" 404 58064
WARNING 2026-07-12 19:31:44,777 basehttp 5308 3864 "GET /media/products/1000526984.jpg HTTP/1.1" 404 58064
INFO 2026-07-12 20:07:34,233 basehttp 5308 22804 "GET /shop/api/search/?q=wa HTTP/1.1" 200 1456
INFO 2026-07-12 20:07:36,477 basehttp 5308 22804 "GET /shop/api/search/?q=watch HTTP/1.1" 200 1371
INFO 2026-07-12 20:07:45,603 basehttp 5308 22804 "GET /reports/ HTTP/1.1" 200 65102
INFO 2026-07-12 20:07:45,961 basehttp 5308 23364 "GET /reports/api/payment-stats/?days=30 HTTP/1.1" 200 74
INFO 2026-07-12 20:07:45,968 basehttp 5308 23852 "GET /reports/api/recent-orders/?limit=10 HTTP/1.1" 200 2
INFO 2026-07-12 20:07:45,982 basehttp 5308 4392 "GET /reports/api/delivery-stats/?days=30 HTTP/1.1" 200 2
INFO 2026-07-12 20:07:45,994 basehttp 5308 20324 "GET /reports/api/category-sales/?days=30 HTTP/1.1" 200 2
INFO 2026-07-12 20:07:45,994 basehttp 5308 22804 "GET /reports/api/sales/?days=30 HTTP/1.1" 200 1646
INFO 2026-07-12 20:07:46,040 basehttp 5308 9672 "GET /reports/api/top-products/?days=30&limit=5 HTTP/1.1" 200 2
INFO 2026-07-12 20:07:56,165 basehttp 5308 9672 "GET /admin/ HTTP/1.1" 200 7801
INFO 2026-07-12 20:07:56,217 basehttp 5308 9672 "GET /static/admin/css/base.6be58084bde8.css HTTP/1.1" 200 4888
INFO 2026-07-12 20:07:56,219 basehttp 5308 22804 "GET /static/admin/css/dark_mode.e18e9a052429.css HTTP/1.1" 200 772
INFO 2026-07-12 20:07:56,220 basehttp 5308 20324 "GET /static/admin/css/nav_sidebar.dd925738f4cc.css HTTP/1.1" 200 811
INFO 2026-07-12 20:07:56,222 basehttp 5308 23852 "GET /static/admin/css/responsive.eafb93ff084c.css HTTP/1.1" 200 3370
INFO 2026-07-12 20:07:56,222 basehttp 5308 4392 "GET /static/admin/css/dashboard.e90f2068217b.css HTTP/1.1" 200 267
INFO 2026-07-12 20:07:56,261 basehttp 5308 23852 "GET /static/admin/js/nav_sidebar.3b9190d420b1.js HTTP/1.1" 200 845
INFO 2026-07-12 20:07:56,262 basehttp 5308 4392 "GET /static/admin/js/theme.ab270f56bb9c.js HTTP/1.1" 200 605
INFO 2026-07-12 20:07:56,274 basehttp 5308 20324 "GET /static/admin/img/icon-addlink.d519b3bab011.svg HTTP/1.1" 200 206
INFO 2026-07-12 20:07:56,274 basehttp 5308 22804 "GET /static/admin/img/icon-changelink.18d2fd706348.svg HTTP/1.1" 200 269
INFO 2026-07-13 16:57:42,647 autoreload 18372 18672 Watching for file changes with StatReloader
INFO 2026-07-13 16:58:49,360 basehttp 5308 2856 "GET /shop/?category=neckbands HTTP/1.1" 200 69382
WARNING 2026-07-13 16:58:50,985 basehttp 5308 2856 "GET /media/products/1000520257.jpg HTTP/1.1" 404 58064
WARNING 2026-07-13 16:58:51,156 basehttp 5308 13660 "GET /media/products/1000520234_SBppChd.jpg HTTP/1.1" 404 58064
WARNING 2026-07-13 16:58:51,156 basehttp 5308 21668 "GET /media/products/1000458382_rsJgChZ.jpg HTTP/1.1" 404 58064
WARNING 2026-07-13 16:58:51,799 basehttp 5308 21668 "GET /favicon.ico HTTP/1.1" 404 58064
INFO 2026-07-13 16:58:56,747 basehttp 5308 21668 "GET / HTTP/1.1" 200 98081
WARNING 2026-07-13 16:58:56,963 basehttp 5308 13660 "GET /media/CACHE/images/products/1000526987/a6d5a5e42638bdf81f7b75683fe48a56.jpg HTTP/1.1" 404 58064
WARNING 2026-07-13 16:58:56,969 basehttp 5308 21668 "GET /media/CACHE/images/products/1000526988/297d1fbbf43ffd3ca8b68220c3a2f140.jpg HTTP/1.1" 404 58064
WARNING 2026-07-13 16:58:56,969 basehttp 5308 2856 "GET /media/CACHE/images/products/1000526986/4c42d7f070fd16fcc4c9e9e771277a3f.jpg HTTP/1.1" 404 58064
WARNING 2026-07-13 16:58:56,989 basehttp 5308 13660 "GET /media/CACHE/images/products/1000526975/d6f426988a94ff6a989535d30a8bdf11.jpg HTTP/1.1" 404 58064
WARNING 2026-07-13 16:58:56,993 basehttp 5308 21668 "GET /media/CACHE/images/products/1000533260/cc9415acb28224a87fcc5efb6469a097.jpg HTTP/1.1" 404 58064
WARNING 2026-07-13 16:58:57,069 basehttp 5308 9848 "GET /media/CACHE/images/products/1000526984/2679c5d1935863a487471bfaaebbd5f6.jpg HTTP/1.1" 404 58064
WARNING 2026-07-13 16:58:57,069 basehttp 5308 22944 "GET /media/CACHE/images/products/1000526983/59a2f0e6a76fb3a0abaf510e68d6861f.jpg HTTP/1.1" 404 58064
WARNING 2026-07-13 16:58:57,151 basehttp 5308 21324 "GET /media/CACHE/images/products/1000526985/ea2101abe7212401b5af667637e000f4.jpg HTTP/1.1" 404 58064
WARNING 2026-07-13 16:58:58,039 basehttp 5308 9848 "GET /media/CACHE/images/products/1000526986/4c42d7f070fd16fcc4c9e9e771277a3f.jpg HTTP/1.1" 404 58064
WARNING 2026-07-13 16:58:58,039 basehttp 5308 21668 "GET /media/CACHE/images/products/1000526985/ea2101abe7212401b5af667637e000f4.jpg HTTP/1.1" 404 58064
WARNING 2026-07-13 16:58:58,039 basehttp 5308 22944 "GET /media/CACHE/images/products/1000526987/a6d5a5e42638bdf81f7b75683fe48a56.jpg HTTP/1.1" 404 58064
WARNING 2026-07-13 16:58:58,039 basehttp 5308 21324 "GET /media/CACHE/images/products/1000526988/297d1fbbf43ffd3ca8b68220c3a2f140.jpg HTTP/1.1" 404 58064
WARNING 2026-07-13 16:58:58,340 basehttp 5308 21668 "GET /media/CACHE/images/products/1000526984/2679c5d1935863a487471bfaaebbd5f6.jpg HTTP/1.1" 404 58064
WARNING 2026-07-13 16:58:58,343 basehttp 5308 22944 "GET /media/CACHE/images/products/1000533260/cc9415acb28224a87fcc5efb6469a097.jpg HTTP/1.1" 404 58064
WARNING 2026-07-13 16:58:58,343 basehttp 5308 21324 "GET /media/CACHE/images/products/1000526983/59a2f0e6a76fb3a0abaf510e68d6861f.jpg HTTP/1.1" 404 58064
WARNING 2026-07-13 16:58:58,343 basehttp 5308 9848 "GET /media/CACHE/images/products/1000526975/d6f426988a94ff6a989535d30a8bdf11.jpg HTTP/1.1" 404 58064
INFO 2026-07-13 16:59:25,197 basehttp 5308 21324 "GET /shop/?category=smart-watches HTTP/1.1" 200 80221
WARNING 2026-07-13 16:59:25,310 basehttp 5308 13660 "GET /media/products/1000525136.png HTTP/1.1" 404 58064
WARNING 2026-07-13 16:59:25,317 basehttp 5308 21324 "GET /media/products/1000526975.jpg HTTP/1.1" 404 58064
WARNING 2026-07-13 16:59:25,317 basehttp 5308 21668 "GET /media/products/1000525137.png HTTP/1.1" 404 58064
WARNING 2026-07-13 16:59:25,321 basehttp 5308 22944 "GET /media/products/1000525139.png HTTP/1.1" 404 58064
WARNING 2026-07-13 16:59:25,321 basehttp 5308 9848 "GET /media/products/1000525144.png HTTP/1.1" 404 58064
WARNING 2026-07-13 16:59:25,326 basehttp 5308 2856 "GET /media/products/1000533259.jpg HTTP/1.1" 404 58064
WARNING 2026-07-13 16:59:25,336 basehttp 5308 13660 "GET /media/products/1000525605.png HTTP/1.1" 404 58064
WARNING 2026-07-13 16:59:25,339 basehttp 5308 21324 "GET /media/products/1000520278.jpg HTTP/1.1" 404 58064
WARNING 2026-07-13 16:59:25,361 basehttp 5308 21668 "GET /media/products/1000520281.jpg HTTP/1.1" 404 58064
WARNING 2026-07-13 16:59:25,361 basehttp 5308 22944 "GET /media/products/1000520280.jpg HTTP/1.1" 404 58064
WARNING 2026-07-13 16:59:25,361 basehttp 5308 9848 "GET /media/products/1000520279.jpg HTTP/1.1" 404 58064
INFO 2026-07-13 16:59:27,989 basehttp 5308 9848 "GET /shop/?category=neckbands HTTP/1.1" 200 69382
WARNING 2026-07-13 16:59:28,096 basehttp 5308 9848 "GET /media/products/1000520257.jpg HTTP/1.1" 404 58064
WARNING 2026-07-13 16:59:28,099 basehttp 5308 21668 "GET /media/products/1000520234_SBppChd.jpg HTTP/1.1" 404 58064
WARNING 2026-07-13 16:59:28,099 basehttp 5308 22944 "GET /media/products/1000458382_rsJgChZ.jpg HTTP/1.1" 404 58064
INFO 2026-07-13 16:59:30,257 basehttp 5308 22944 "GET /shop/ HTTP/1.1" 200 82076
WARNING 2026-07-13 16:59:30,369 basehttp 5308 13660 "GET /media/products/1000526984.jpg HTTP/1.1" 404 58064
WARNING 2026-07-13 16:59:30,374 basehttp 5308 21668 "GET /media/products/1000526987.jpg HTTP/1.1" 404 58064
WARNING 2026-07-13 16:59:30,376 basehttp 5308 22944 "GET /media/products/1000526988.jpg HTTP/1.1" 404 58064
WARNING 2026-07-13 16:59:30,376 basehttp 5308 9848 "GET /media/products/1000526986.jpg HTTP/1.1" 404 58064
WARNING 2026-07-13 16:59:30,376 basehttp 5308 21324 "GET /media/products/1000526985.jpg HTTP/1.1" 404 58064
WARNING 2026-07-13 16:59:30,384 basehttp 5308 2856 "GET /media/products/1000526983.jpg HTTP/1.1" 404 58064
WARNING 2026-07-13 16:59:30,390 basehttp 5308 13660 "GET /media/products/1000526975.jpg HTTP/1.1" 404 58064
WARNING 2026-07-13 16:59:30,412 basehttp 5308 21668 "GET /media/products/1000533308.jpg HTTP/1.1" 404 58064
WARNING 2026-07-13 16:59:30,417 basehttp 5308 22944 "GET /media/products/1000533260.jpg HTTP/1.1" 404 58064
WARNING 2026-07-13 16:59:30,423 basehttp 5308 9848 "GET /media/products/1000526968.jpg HTTP/1.1" 404 58064
WARNING 2026-07-13 16:59:30,432 basehttp 5308 21324 "GET /media/products/1000525144.png HTTP/1.1" 404 58064
WARNING 2026-07-13 16:59:30,436 basehttp 5308 2856 "GET /media/products/1000525145.png HTTP/1.1" 404 58064
INFO 2026-07-13 16:59:30,440 basehttp 5308 22944 - Broken pipe from ('127.0.0.1', 64982)
INFO 2026-07-13 16:59:32,888 basehttp 5308 2856 "GET /shop/?sort=price_asc HTTP/1.1" 200 82080
WARNING 2026-07-13 16:59:33,012 basehttp 5308 13660 "GET /media/products/1000525140.png HTTP/1.1" 404 58064
WARNING 2026-07-13 16:59:33,012 basehttp 5308 21668 "GET /media/products/1000526968.jpg HTTP/1.1" 404 58064
WARNING 2026-07-13 16:59:33,012 basehttp 5308 21324 "GET /media/products/1000525138.png HTTP/1.1" 404 58064
WARNING 2026-07-13 16:59:33,012 basehttp 5308 9848 "GET /media/products/1000526988.jpg HTTP/1.1" 404 58064
WARNING 2026-07-13 16:59:33,012 basehttp 5308 2856 "GET /media/products/1000525141.png HTTP/1.1" 404 58064
WARNING 2026-07-13 16:59:33,058 basehttp 5308 13660 "GET /media/products/1000526983.jpg HTTP/1.1" 404 58064
WARNING 2026-07-13 16:59:33,065 basehttp 5308 9848 "GET /media/products/1000520278.jpg HTTP/1.1" 404 58064
WARNING 2026-07-13 16:59:33,065 basehttp 5308 2856 "GET /media/products/1000520282.jpg HTTP/1.1" 404 58064
WARNING 2026-07-13 16:59:33,065 basehttp 5308 21668 "GET /media/products/1000520283.jpg HTTP/1.1" 404 58064
WARNING 2026-07-13 16:59:33,075 basehttp 5308 21324 "GET /media/products/1000525137.png HTTP/1.1" 404 58064
WARNING 2026-07-13 16:59:33,083 basehttp 5308 13660 "GET /media/products/1000520287.jpg HTTP/1.1" 404 58064
WARNING 2026-07-13 16:59:33,124 basehttp 5308 22192 "GET /media/products/1000520234_SBppChd.jpg HTTP/1.1" 404 58064
INFO 2026-07-13 17:00:04,436 basehttp 5308 22192 "GET / HTTP/1.1" 200 98081
WARNING 2026-07-13 17:00:04,575 basehttp 5308 22192 "GET /media/CACHE/images/products/1000526988/297d1fbbf43ffd3ca8b68220c3a2f140.jpg HTTP/1.1" 404 58064
WARNING 2026-07-13 17:00:04,613 basehttp 5308 22192 "GET /media/CACHE/images/products/1000526975/d6f426988a94ff6a989535d30a8bdf11.jpg HTTP/1.1" 404 58064
WARNING 2026-07-13 17:00:04,661 basehttp 5308 22192 "GET /media/CACHE/images/products/1000533260/cc9415acb28224a87fcc5efb6469a097.jpg HTTP/1.1" 404 58064
WARNING 2026-07-13 17:00:04,675 basehttp 5308 13660 "GET /media/CACHE/images/products/1000526987/a6d5a5e42638bdf81f7b75683fe48a56.jpg HTTP/1.1" 404 58064
WARNING 2026-07-13 17:00:04,704 basehttp 5308 21324 "GET /media/CACHE/images/products/1000526986/4c42d7f070fd16fcc4c9e9e771277a3f.jpg HTTP/1.1" 404 58064
WARNING 2026-07-13 17:00:04,715 basehttp 5308 2856 "GET /media/CACHE/images/products/1000526985/ea2101abe7212401b5af667637e000f4.jpg HTTP/1.1" 404 58064
WARNING 2026-07-13 17:00:04,727 basehttp 5308 9848 "GET /media/CACHE/images/products/1000526984/2679c5d1935863a487471bfaaebbd5f6.jpg HTTP/1.1" 404 58064
WARNING 2026-07-13 17:00:04,727 basehttp 5308 21668 "GET /media/CACHE/images/products/1000526983/59a2f0e6a76fb3a0abaf510e68d6861f.jpg HTTP/1.1" 404 58064
INFO 2026-07-13 17:02:50,878 basehttp 5308 21668 "GET / HTTP/1.1" 200 98081
WARNING 2026-07-13 17:02:51,053 basehttp 5308 21668 "GET /media/CACHE/images/products/1000526988/297d1fbbf43ffd3ca8b68220c3a2f140.jpg HTTP/1.1" 404 58064
WARNING 2026-07-13 17:02:51,142 basehttp 5308 9848 "GET /media/CACHE/images/products/1000526987/a6d5a5e42638bdf81f7b75683fe48a56.jpg HTTP/1.1" 404 58064
WARNING 2026-07-13 17:02:51,180 basehttp 5308 9848 "GET /media/CACHE/images/products/1000526986/4c42d7f070fd16fcc4c9e9e771277a3f.jpg HTTP/1.1" 404 58064
WARNING 2026-07-13 17:02:51,180 basehttp 5308 21668 "GET /media/CACHE/images/products/1000526985/ea2101abe7212401b5af667637e000f4.jpg HTTP/1.1" 404 58064
WARNING 2026-07-13 17:02:52,046 basehttp 5308 21668 "GET /media/CACHE/images/products/1000526984/2679c5d1935863a487471bfaaebbd5f6.jpg HTTP/1.1" 404 58064
WARNING 2026-07-13 17:02:52,048 basehttp 5308 9848 "GET /media/CACHE/images/products/1000526983/59a2f0e6a76fb3a0abaf510e68d6861f.jpg HTTP/1.1" 404 58064
WARNING 2026-07-13 17:02:52,494 basehttp 5308 9848 "GET /media/CACHE/images/products/1000526975/d6f426988a94ff6a989535d30a8bdf11.jpg HTTP/1.1" 404 58064
WARNING 2026-07-13 17:02:52,494 basehttp 5308 21668 "GET /media/CACHE/images/products/1000533260/cc9415acb28224a87fcc5efb6469a097.jpg HTTP/1.1" 404 58064
WARNING 2026-07-13 17:02:53,031 basehttp 5308 21668 "GET /media/CACHE/images/products/1000526988/297d1fbbf43ffd3ca8b68220c3a2f140.jpg HTTP/1.1" 404 58064
WARNING 2026-07-13 17:02:53,031 basehttp 5308 9848 "GET /media/CACHE/images/products/1000526987/a6d5a5e42638bdf81f7b75683fe48a56.jpg HTTP/1.1" 404 58064
WARNING 2026-07-13 17:02:53,430 basehttp 5308 9848 "GET /media/CACHE/images/products/1000526986/4c42d7f070fd16fcc4c9e9e771277a3f.jpg HTTP/1.1" 404 58064
WARNING 2026-07-13 17:02:53,432 basehttp 5308 21668 "GET /media/CACHE/images/products/1000526985/ea2101abe7212401b5af667637e000f4.jpg HTTP/1.1" 404 58064
INFO 2026-07-13 17:04:46,709 autoreload 6676 22476 Watching for file changes with StatReloader
INFO 2026-07-13 17:04:54,527 basehttp 6676 23240 "GET / HTTP/1.1" 200 98081
WARNING 2026-07-13 17:04:54,710 basehttp 6676 23240 "GET /media/CACHE/images/products/1000526988/297d1fbbf43ffd3ca8b68220c3a2f140.jpg HTTP/1.1" 404 58064
WARNING 2026-07-13 17:04:54,728 basehttp 6676 23240 "GET /media/CACHE/images/products/1000526986/4c42d7f070fd16fcc4c9e9e771277a3f.jpg HTTP/1.1" 404 58064
WARNING 2026-07-13 17:04:54,811 basehttp 6676 23240 "GET /media/CACHE/images/products/1000526984/2679c5d1935863a487471bfaaebbd5f6.jpg HTTP/1.1" 404 58064
WARNING 2026-07-13 17:04:54,839 basehttp 6676 21804 "GET /media/CACHE/images/products/1000526987/a6d5a5e42638bdf81f7b75683fe48a56.jpg HTTP/1.1" 404 58064
WARNING 2026-07-13 17:04:54,887 basehttp 6676 7760 "GET /media/CACHE/images/products/1000526985/ea2101abe7212401b5af667637e000f4.jpg HTTP/1.1" 404 58064
WARNING 2026-07-13 17:04:54,891 basehttp 6676 21804 "GET /media/CACHE/images/products/1000526975/d6f426988a94ff6a989535d30a8bdf11.jpg HTTP/1.1" 404 58064
WARNING 2026-07-13 17:04:54,893 basehttp 6676 23240 "GET /media/CACHE/images/products/1000533260/cc9415acb28224a87fcc5efb6469a097.jpg HTTP/1.1" 404 58064
WARNING 2026-07-13 17:04:54,939 basehttp 6676 21804 "GET /media/CACHE/images/products/1000526987/a6d5a5e42638bdf81f7b75683fe48a56.jpg HTTP/1.1" 404 58064
WARNING 2026-07-13 17:04:54,939 basehttp 6676 23240 "GET /media/CACHE/images/products/1000526988/297d1fbbf43ffd3ca8b68220c3a2f140.jpg HTTP/1.1" 404 58064
WARNING 2026-07-13 17:04:54,952 basehttp 6676 17064 "GET /media/CACHE/images/products/1000526983/59a2f0e6a76fb3a0abaf510e68d6861f.jpg HTTP/1.1" 404 58064
WARNING 2026-07-13 17:04:55,153 basehttp 6676 17064 "GET /media/CACHE/images/products/1000526986/4c42d7f070fd16fcc4c9e9e771277a3f.jpg HTTP/1.1" 404 58064
WARNING 2026-07-13 17:04:55,153 basehttp 6676 23240 "GET /media/CACHE/images/products/1000526985/ea2101abe7212401b5af667637e000f4.jpg HTTP/1.1" 404 58064
WARNING 2026-07-13 17:04:55,948 basehttp 6676 17064 "GET /media/CACHE/images/products/1000526984/2679c5d1935863a487471bfaaebbd5f6.jpg HTTP/1.1" 404 58064
WARNING 2026-07-13 17:04:55,952 basehttp 6676 23240 "GET /media/CACHE/images/products/1000526983/59a2f0e6a76fb3a0abaf510e68d6861f.jpg HTTP/1.1" 404 58064
WARNING 2026-07-13 17:04:56,505 basehttp 6676 23240 "GET /media/CACHE/images/products/1000526975/d6f426988a94ff6a989535d30a8bdf11.jpg HTTP/1.1" 404 58064
WARNING 2026-07-13 17:04:56,507 basehttp 6676 17064 "GET /media/CACHE/images/products/1000533260/cc9415acb28224a87fcc5efb6469a097.jpg HTTP/1.1" 404 58064
INFO 2026-07-13 17:06:02,586 basehttp 6676 17064 "GET / HTTP/1.1" 200 98081
WARNING 2026-07-13 17:06:02,943 basehttp 6676 17064 "GET /media/CACHE/images/products/1000526988/297d1fbbf43ffd3ca8b68220c3a2f140.jpg HTTP/1.1" 404 58064
WARNING 2026-07-13 17:06:03,116 basehttp 6676 23240 "GET /media/CACHE/images/products/1000526987/a6d5a5e42638bdf81f7b75683fe48a56.jpg HTTP/1.1" 404 58064
WARNING 2026-07-13 17:06:03,153 basehttp 6676 23240 "GET /media/CACHE/images/products/1000526986/4c42d7f070fd16fcc4c9e9e771277a3f.jpg HTTP/1.1" 404 58064
WARNING 2026-07-13 17:06:03,153 basehttp 6676 17064 "GET /media/CACHE/images/products/1000526985/ea2101abe7212401b5af667637e000f4.jpg HTTP/1.1" 404 58064
WARNING 2026-07-13 17:06:04,686 basehttp 6676 23240 "GET /media/CACHE/images/products/1000526983/59a2f0e6a76fb3a0abaf510e68d6861f.jpg HTTP/1.1" 404 58064
WARNING 2026-07-13 17:06:04,686 basehttp 6676 17064 "GET /media/CACHE/images/products/1000526984/2679c5d1935863a487471bfaaebbd5f6.jpg HTTP/1.1" 404 58064
WARNING 2026-07-13 17:06:05,036 basehttp 6676 17064 "GET /media/CACHE/images/products/1000526975/d6f426988a94ff6a989535d30a8bdf11.jpg HTTP/1.1" 404 58064
WARNING 2026-07-13 17:06:05,036 basehttp 6676 23240 "GET /media/CACHE/images/products/1000533260/cc9415acb28224a87fcc5efb6469a097.jpg HTTP/1.1" 404 58064
WARNING 2026-07-13 17:06:05,554 basehttp 6676 23240 "GET /media/CACHE/images/products/1000526987/a6d5a5e42638bdf81f7b75683fe48a56.jpg HTTP/1.1" 404 58064
WARNING 2026-07-13 17:06:05,554 basehttp 6676 17064 "GET /media/CACHE/images/products/1000526988/297d1fbbf43ffd3ca8b68220c3a2f140.jpg HTTP/1.1" 404 58064
WARNING 2026-07-13 17:06:05,905 basehttp 6676 23240 "GET /media/CACHE/images/products/1000526985/ea2101abe7212401b5af667637e000f4.jpg HTTP/1.1" 404 58064
WARNING 2026-07-13 17:06:05,905 basehttp 6676 17064 "GET /media/CACHE/images/products/1000526986/4c42d7f070fd16fcc4c9e9e771277a3f.jpg HTTP/1.1" 404 58064
WARNING 2026-07-13 17:06:06,536 basehttp 6676 17064 "GET /media/CACHE/images/products/1000526983/59a2f0e6a76fb3a0abaf510e68d6861f.jpg HTTP/1.1" 404 58064
WARNING 2026-07-13 17:06:06,536 basehttp 6676 23240 "GET /media/CACHE/images/products/1000526984/2679c5d1935863a487471bfaaebbd5f6.jpg HTTP/1.1" 404 58064
INFO 2026-07-13 17:06:08,333 basehttp 6676 17064 "GET /shop/oraimo-powerjet-130-27600mah-130w-power-bank/ HTTP/1.1" 200 64210
WARNING 2026-07-13 17:06:08,367 basehttp 6676 17064 "GET /media/products/1000526985.jpg HTTP/1.1" 404 58064
WARNING 2026-07-13 17:06:08,575 basehttp 6676 23240 "GET /media/products/1000526984.jpg HTTP/1.1" 404 58064
WARNING 2026-07-13 17:06:08,575 basehttp 6676 17064 "GET /media/products/1000526986.jpg HTTP/1.1" 404 58064
WARNING 2026-07-13 17:06:08,642 basehttp 6676 7760 "GET /media/products/1000533260.jpg HTTP/1.1" 404 58064
WARNING 2026-07-13 17:06:08,642 basehttp 6676 21804 "GET /media/products/1000526983.jpg HTTP/1.1" 404 58064
INFO 2026-07-13 17:06:12,101 basehttp 6676 21804 "GET / HTTP/1.1" 200 98081
WARNING 2026-07-13 17:06:12,226 basehttp 6676 21804 "GET /media/CACHE/images/products/1000526988/297d1fbbf43ffd3ca8b68220c3a2f140.jpg HTTP/1.1" 404 58064
WARNING 2026-07-13 17:06:12,248 basehttp 6676 7760 "GET /media/CACHE/images/products/1000526987/a6d5a5e42638bdf81f7b75683fe48a56.jpg HTTP/1.1" 404 58064
WARNING 2026-07-13 17:06:12,319 basehttp 6676 21804 "GET /media/CACHE/images/products/1000526985/ea2101abe7212401b5af667637e000f4.jpg HTTP/1.1" 404 58064
WARNING 2026-07-13 17:06:12,319 basehttp 6676 7760 "GET /media/CACHE/images/products/1000526986/4c42d7f070fd16fcc4c9e9e771277a3f.jpg HTTP/1.1" 404 58064
INFO 2026-07-13 17:08:07,273 autoreload 6676 22476 C:\Users\Hp\Desktop\ORAIMOTECH\core\urls.py changed, reloading.
INFO 2026-07-13 17:08:08,879 autoreload 11440 10380 Watching for file changes with StatReloader
INFO 2026-07-13 17:14:04,628 autoreload 11440 10380 C:\Users\Hp\Desktop\ORAIMOTECH\core\settings.py changed, reloading.
INFO 2026-07-13 17:14:06,148 autoreload 3824 2880 Watching for file changes with StatReloader
INFO 2026-07-13 17:14:25,030 autoreload 3824 2880 C:\Users\Hp\Desktop\ORAIMOTECH\core\urls.py changed, reloading.
INFO 2026-07-13 17:14:26,149 autoreload 11092 16884 Watching for file changes with StatReloader
INFO 2026-07-13 17:14:37,346 autoreload 11092 16884 C:\Users\Hp\Desktop\ORAIMOTECH\contact\__init__.py changed, reloading.
INFO 2026-07-13 17:14:38,330 autoreload 9252 8812 Watching for file changes with StatReloader
INFO 2026-07-13 17:14:48,734 autoreload 10716 23048 Watching for file changes with StatReloader
INFO 2026-07-13 17:18:04,541 autoreload 10812 2824 Watching for file changes with StatReloader
INFO 2026-07-13 17:19:49,203 autoreload 10812 2824 C:\Users\Hp\Desktop\ORAIMOTECH\contact\views.py changed, reloading.
INFO 2026-07-13 17:19:50,231 autoreload 20048 18716 Watching for file changes with StatReloader
INFO 2026-07-13 17:20:56,558 autoreload 2936 23772 Watching for file changes with StatReloader
INFO 2026-07-13 17:21:11,650 basehttp 20048 23132 "GET / HTTP/1.1" 200 98081
WARNING 2026-07-13 17:21:12,040 basehttp 20048 23132 "GET /media/CACHE/images/products/1000526988/297d1fbbf43ffd3ca8b68220c3a2f140.jpg HTTP/1.1" 404 58064
WARNING 2026-07-13 17:21:12,117 basehttp 20048 4088 "GET /media/CACHE/images/products/1000526987/a6d5a5e42638bdf81f7b75683fe48a56.jpg HTTP/1.1" 404 58064
WARNING 2026-07-13 17:21:12,197 basehttp 20048 4088 "GET /media/CACHE/images/products/1000526986/4c42d7f070fd16fcc4c9e9e771277a3f.jpg HTTP/1.1" 404 58064
WARNING 2026-07-13 17:21:12,197 basehttp 20048 23132 "GET /media/CACHE/images/products/1000526985/ea2101abe7212401b5af667637e000f4.jpg HTTP/1.1" 404 58064
WARNING 2026-07-13 17:21:14,487 basehttp 20048 4088 "GET /media/CACHE/images/products/1000526983/59a2f0e6a76fb3a0abaf510e68d6861f.jpg HTTP/1.1" 404 58064
WARNING 2026-07-13 17:21:14,487 basehttp 20048 23132 "GET /media/CACHE/images/products/1000526984/2679c5d1935863a487471bfaaebbd5f6.jpg HTTP/1.1" 404 58064
WARNING 2026-07-13 17:21:14,547 basehttp 20048 23132 "GET /media/CACHE/images/products/1000526975/d6f426988a94ff6a989535d30a8bdf11.jpg HTTP/1.1" 404 58064
WARNING 2026-07-13 17:21:14,547 basehttp 20048 4088 "GET /media/CACHE/images/products/1000533260/cc9415acb28224a87fcc5efb6469a097.jpg HTTP/1.1" 404 58064
WARNING 2026-07-13 17:21:14,846 basehttp 20048 4088 "GET /media/CACHE/images/products/1000526988/297d1fbbf43ffd3ca8b68220c3a2f140.jpg HTTP/1.1" 404 58064
WARNING 2026-07-13 17:21:14,846 basehttp 20048 23132 "GET /media/CACHE/images/products/1000526987/a6d5a5e42638bdf81f7b75683fe48a56.jpg HTTP/1.1" 404 58064
WARNING 2026-07-13 17:21:15,264 basehttp 20048 23132 "GET /media/CACHE/images/products/1000526986/4c42d7f070fd16fcc4c9e9e771277a3f.jpg HTTP/1.1" 404 58064
WARNING 2026-07-13 17:21:15,264 basehttp 20048 4088 "GET /media/CACHE/images/products/1000526985/ea2101abe7212401b5af667637e000f4.jpg HTTP/1.1" 404 58064
WARNING 2026-07-13 17:22:47,528 basehttp 20048 4088 "GET /media/CACHE/images/products/1000526984/2679c5d1935863a487471bfaaebbd5f6.jpg HTTP/1.1" 404 58064
WARNING 2026-07-13 17:22:47,544 basehttp 20048 23132 "GET /media/CACHE/images/products/1000526983/59a2f0e6a76fb3a0abaf510e68d6861f.jpg HTTP/1.1" 404 58064
WARNING 2026-07-13 17:22:47,544 basehttp 20048 19236 "GET /media/CACHE/images/products/1000526975/d6f426988a94ff6a989535d30a8bdf11.jpg HTTP/1.1" 404 58064
WARNING 2026-07-13 17:22:47,556 basehttp 20048 9400 "GET /media/CACHE/images/products/1000533260/cc9415acb28224a87fcc5efb6469a097.jpg HTTP/1.1" 404 58064
INFO 2026-07-13 17:22:53,409 basehttp 20048 9400 "GET /shop/api/search/?q=wa HTTP/1.1" 200 1456
INFO 2026-07-13 17:22:54,625 basehttp 20048 9400 "GET /shop/api/search/?q=watcg HTTP/1.1" 200 2
INFO 2026-07-13 17:22:56,166 basehttp 20048 9400 "GET /shop/api/search/?q=watc HTTP/1.1" 200 1371
INFO 2026-07-13 17:22:56,531 basehttp 20048 9400 "GET /shop/api/search/?q=watch HTTP/1.1" 200 1371
INFO 2026-07-13 17:22:59,198 basehttp 20048 9400 "GET /shop/oraimo-watch-muse-132-amoled-ip68-smart-watch/ HTTP/1.1" 200 64402
WARNING 2026-07-13 17:22:59,235 basehttp 20048 9400 "GET /media/products/1000525136.png HTTP/1.1" 404 58064
WARNING 2026-07-13 17:22:59,408 basehttp 20048 9400 "GET /media/products/1000526975.jpg HTTP/1.1" 404 58064
WARNING 2026-07-13 17:22:59,408 basehttp 20048 23132 "GET /media/products/1000525139.png HTTP/1.1" 404 58064
WARNING 2026-07-13 17:22:59,408 basehttp 20048 19236 "GET /media/products/1000525144.png HTTP/1.1" 404 58064
WARNING 2026-07-13 17:22:59,408 basehttp 20048 4088 "GET /media/products/1000525137.png HTTP/1.1" 404 58064
INFO 2026-07-13 17:23:10,441 basehttp 20048 19236 "POST /basket/add/19/ HTTP/1.1" 200 59
INFO 2026-07-13 17:23:10,441 basehttp 20048 4088 "POST /basket/add/19/ HTTP/1.1" 200 59
INFO 2026-07-13 17:23:15,893 basehttp 20048 4088 "GET /basket/ HTTP/1.1" 200 70827
WARNING 2026-07-13 17:23:15,934 basehttp 20048 4088 "GET /media/products/1000526988.jpg HTTP/1.1" 404 58064
WARNING 2026-07-13 17:23:15,934 basehttp 20048 19236 "GET /media/products/1000526987.jpg HTTP/1.1" 404 58064
WARNING 2026-07-13 17:23:15,975 basehttp 20048 4088 "GET /media/products/1000525136.png HTTP/1.1" 404 58064
WARNING 2026-07-13 17:23:15,975 basehttp 20048 19236 "GET /media/products/1000526986.jpg HTTP/1.1" 404 58064
INFO 2026-07-13 17:23:21,218 basehttp 20048 19236 "GET /checkout/ HTTP/1.1" 200 68714
INFO 2026-07-13 17:23:53,059 basehttp 20048 19236 "POST /checkout/ HTTP/1.1" 302 0
INFO 2026-07-13 17:23:53,177 basehttp 20048 19236 "GET /checkout/success/OR-2694D88D/ HTTP/1.1" 200 58971
INFO 2026-07-13 17:23:55,857 basehttp 20048 19236 "GET /admin/login/?next=/admin/ HTTP/1.1" 302 0
INFO 2026-07-13 17:23:56,079 basehttp 20048 19236 "GET /admin/ HTTP/1.1" 200 9432
INFO 2026-07-13 17:23:56,139 basehttp 20048 19236 "GET /static/admin/css/base.css HTTP/1.1" 200 4761
INFO 2026-07-13 17:23:56,140 basehttp 20048 23132 "GET /static/admin/js/theme.js HTTP/1.1" 200 605
INFO 2026-07-13 17:23:56,141 basehttp 20048 9400 "GET /static/admin/css/nav_sidebar.css HTTP/1.1" 200 811
INFO 2026-07-13 17:23:56,141 basehttp 20048 4088 "GET /static/admin/css/dark_mode.css HTTP/1.1" 200 772
INFO 2026-07-13 17:23:56,155 basehttp 20048 9132 "GET /static/admin/css/responsive.css HTTP/1.1" 200 3370
INFO 2026-07-13 17:23:56,155 basehttp 20048 8248 "GET /static/admin/css/dashboard.css HTTP/1.1" 200 267
INFO 2026-07-13 17:23:56,172 basehttp 20048 9400 "GET /static/admin/js/nav_sidebar.js HTTP/1.1" 200 845
INFO 2026-07-13 17:23:56,244 basehttp 20048 8248 "GET /static/admin/img/icon-changelink.svg HTTP/1.1" 200 269
INFO 2026-07-13 17:23:56,244 basehttp 20048 9400 "GET /static/admin/img/icon-addlink.svg HTTP/1.1" 200 206
INFO 2026-07-13 17:23:59,813 basehttp 20048 9400 "GET /admin/shop/category/ HTTP/1.1" 200 13263
INFO 2026-07-13 17:23:59,869 basehttp 20048 9400 "GET /static/admin/css/changelists.css HTTP/1.1" 200 1619
INFO 2026-07-13 17:23:59,879 basehttp 20048 4088 "GET /static/admin/js/jquery.init.js HTTP/1.1" 200 236
INFO 2026-07-13 17:23:59,879 basehttp 20048 23132 "GET /static/admin/js/core.js HTTP/1.1" 200 1550
INFO 2026-07-13 17:23:59,879 basehttp 20048 19236 "GET /static/admin/js/admin/RelatedObjectLookups.js HTTP/1.1" 200 2325
INFO 2026-07-13 17:23:59,879 basehttp 20048 9132 "GET /static/admin/js/vendor/jquery/jquery.min.js HTTP/1.1" 200 30336
INFO 2026-07-13 17:23:59,896 basehttp 20048 9400 "GET /static/admin/js/actions.js HTTP/1.1" 200 1937
INFO 2026-07-13 17:23:59,904 basehttp 20048 4088 "GET /static/admin/js/urlify.js HTTP/1.1" 200 2578
INFO 2026-07-13 17:23:59,908 basehttp 20048 23132 "GET /static/admin/js/prepopulate.js HTTP/1.1" 200 536
INFO 2026-07-13 17:23:59,910 basehttp 20048 19236 "GET /static/admin/js/vendor/xregexp/xregexp.min.js HTTP/1.1" 200 46360
INFO 2026-07-13 17:23:59,987 basehttp 20048 19236 "GET /static/admin/js/filters.js HTTP/1.1" 200 502
INFO 2026-07-13 17:24:00,003 basehttp 20048 8248 "GET /admin/jsi18n/ HTTP/1.1" 200 3342
INFO 2026-07-13 17:24:00,043 basehttp 20048 8248 "GET /static/admin/img/tooltag-add.svg HTTP/1.1" 200 203
INFO 2026-07-13 17:24:02,537 basehttp 20048 8248 "GET /admin/shop/product/ HTTP/1.1" 200 35786
INFO 2026-07-13 17:24:02,571 basehttp 20048 8248 "GET /admin/jsi18n/ HTTP/1.1" 200 3342
INFO 2026-07-13 17:24:02,581 basehttp 20048 19236 "GET /static/admin/img/search.svg HTTP/1.1" 200 264
INFO 2026-07-13 17:24:02,585 basehttp 20048 23132 "GET /static/admin/img/icon-yes.svg HTTP/1.1" 200 266
INFO 2026-07-13 17:24:02,608 basehttp 20048 23132 "GET /static/admin/img/icon-no.svg HTTP/1.1" 200 297
INFO 2026-07-13 17:24:02,685 basehttp 20048 23132 "GET /static/admin/img/icon-viewlink.svg HTTP/1.1" 200 346
INFO 2026-07-13 17:24:35,386 basehttp 20048 23132 "GET / HTTP/1.1" 200 98081
WARNING 2026-07-13 17:24:35,584 basehttp 20048 8248 "GET /media/CACHE/images/products/1000526986/4c42d7f070fd16fcc4c9e9e771277a3f.jpg HTTP/1.1" 404 58064
WARNING 2026-07-13 17:24:35,585 basehttp 20048 19236 "GET /media/CACHE/images/products/1000526987/a6d5a5e42638bdf81f7b75683fe48a56.jpg HTTP/1.1" 404 58064
WARNING 2026-07-13 17:24:35,587 basehttp 20048 23132 "GET /media/CACHE/images/products/1000526988/297d1fbbf43ffd3ca8b68220c3a2f140.jpg HTTP/1.1" 404 58064
WARNING 2026-07-13 17:24:35,590 basehttp 20048 9400 "GET /media/CACHE/images/products/1000526984/2679c5d1935863a487471bfaaebbd5f6.jpg HTTP/1.1" 404 58064
WARNING 2026-07-13 17:24:35,645 basehttp 20048 8248 "GET /media/CACHE/images/products/1000533260/cc9415acb28224a87fcc5efb6469a097.jpg HTTP/1.1" 404 58064
WARNING 2026-07-13 17:24:35,645 basehttp 20048 9400 "GET /media/CACHE/images/products/1000526975/d6f426988a94ff6a989535d30a8bdf11.jpg HTTP/1.1" 404 58064
WARNING 2026-07-13 17:24:35,680 basehttp 20048 4088 "GET /media/CACHE/images/products/1000526985/ea2101abe7212401b5af667637e000f4.jpg HTTP/1.1" 404 58064
WARNING 2026-07-13 17:24:35,697 basehttp 20048 9132 "GET /media/CACHE/images/products/1000526983/59a2f0e6a76fb3a0abaf510e68d6861f.jpg HTTP/1.1" 404 58064
INFO 2026-07-13 17:25:15,256 basehttp 20048 9132 "GET /shop/ HTTP/1.1" 200 82076
WARNING 2026-07-13 17:25:15,506 basehttp 20048 9132 "GET /media/products/1000526988.jpg HTTP/1.1" 404 58064
WARNING 2026-07-13 17:25:15,506 basehttp 20048 4088 "GET /media/products/1000526987.jpg HTTP/1.1" 404 58064
WARNING 2026-07-13 17:25:15,516 basehttp 20048 23132 "GET /media/products/1000526984.jpg HTTP/1.1" 404 58064
WARNING 2026-07-13 17:25:15,575 basehttp 20048 9132 "GET /media/products/1000526975.jpg HTTP/1.1" 404 58064
WARNING 2026-07-13 17:25:15,619 basehttp 20048 9132 "GET /media/products/1000533260.jpg HTTP/1.1" 404 58064
WARNING 2026-07-13 17:25:15,623 basehttp 20048 19236 "GET /media/products/1000526985.jpg HTTP/1.1" 404 58064
WARNING 2026-07-13 17:25:15,652 basehttp 20048 9132 "GET /media/products/1000526968.jpg HTTP/1.1" 404 58064
WARNING 2026-07-13 17:25:15,665 basehttp 20048 3824 "GET /media/products/1000526983.jpg HTTP/1.1" 404 58064
WARNING 2026-07-13 17:25:15,665 basehttp 20048 4088 "GET /media/products/1000525144.png HTTP/1.1" 404 58064
WARNING 2026-07-13 17:25:15,669 basehttp 20048 19236 "GET /media/products/1000533308.jpg HTTP/1.1" 404 58064
WARNING 2026-07-13 17:25:15,671 basehttp 20048 8248 "GET /media/products/1000526986.jpg HTTP/1.1" 404 58064
WARNING 2026-07-13 17:25:15,672 basehttp 20048 23132 "GET /media/products/1000525145.png HTTP/1.1" 404 58064
INFO 2026-07-13 17:25:26,309 basehttp 20048 23132 "GET /checkout/track/ HTTP/1.1" 200 58035
INFO 2026-07-13 17:25:40,232 basehttp 20048 23132 "GET / HTTP/1.1" 200 98081
WARNING 2026-07-13 17:25:40,447 basehttp 20048 23132 "GET /media/CACHE/images/products/1000526988/297d1fbbf43ffd3ca8b68220c3a2f140.jpg HTTP/1.1" 404 58064
WARNING 2026-07-13 17:25:40,449 basehttp 20048 3824 "GET /media/CACHE/images/products/1000526984/2679c5d1935863a487471bfaaebbd5f6.jpg HTTP/1.1" 404 58064
WARNING 2026-07-13 17:25:40,449 basehttp 20048 19236 "GET /media/CACHE/images/products/1000526986/4c42d7f070fd16fcc4c9e9e771277a3f.jpg HTTP/1.1" 404 58064
WARNING 2026-07-13 17:25:40,451 basehttp 20048 8248 "GET /media/CACHE/images/products/1000526987/a6d5a5e42638bdf81f7b75683fe48a56.jpg HTTP/1.1" 404 58064
WARNING 2026-07-13 17:25:40,520 basehttp 20048 3824 "GET /media/CACHE/images/products/1000533260/cc9415acb28224a87fcc5efb6469a097.jpg HTTP/1.1" 404 58064
WARNING 2026-07-13 17:25:40,520 basehttp 20048 8248 "GET /media/CACHE/images/products/1000526975/d6f426988a94ff6a989535d30a8bdf11.jpg HTTP/1.1" 404 58064
WARNING 2026-07-13 17:25:40,540 basehttp 20048 4088 "GET /media/CACHE/images/products/1000526985/ea2101abe7212401b5af667637e000f4.jpg HTTP/1.1" 404 58064
WARNING 2026-07-13 17:25:40,542 basehttp 20048 9132 "GET /media/CACHE/images/products/1000526983/59a2f0e6a76fb3a0abaf510e68d6861f.jpg HTTP/1.1" 404 58064
INFO 2026-07-13 17:25:43,176 basehttp 20048 9132 "GET /shop/ HTTP/1.1" 200 82076
WARNING 2026-07-13 17:25:43,364 basehttp 20048 4088 "GET /media/products/1000526987.jpg HTTP/1.1" 404 58064
WARNING 2026-07-13 17:25:43,364 basehttp 20048 8248 "GET /media/products/1000526985.jpg HTTP/1.1" 404 58064
WARNING 2026-07-13 17:25:43,364 basehttp 20048 3824 "GET /media/products/1000526986.jpg HTTP/1.1" 404 58064
WARNING 2026-07-13 17:25:43,367 basehttp 20048 9132 "GET /media/products/1000526988.jpg HTTP/1.1" 404 58064
WARNING 2026-07-13 17:25:43,369 basehttp 20048 19236 "GET /media/products/1000526983.jpg HTTP/1.1" 404 58064
WARNING 2026-07-13 17:25:43,383 basehttp 20048 23132 "GET /media/products/1000526984.jpg HTTP/1.1" 404 58064
WARNING 2026-07-13 17:25:43,458 basehttp 20048 4088 "GET /media/products/1000525144.png HTTP/1.1" 404 58064
WARNING 2026-07-13 17:25:43,458 basehttp 20048 3824 "GET /media/products/1000525145.png HTTP/1.1" 404 58064
WARNING 2026-07-13 17:25:43,460 basehttp 20048 23132 "GET /media/products/1000526975.jpg HTTP/1.1" 404 58064
WARNING 2026-07-13 17:25:43,460 basehttp 20048 9132 "GET /media/products/1000526968.jpg HTTP/1.1" 404 58064
WARNING 2026-07-13 17:25:43,460 basehttp 20048 19236 "GET /media/products/1000533260.jpg HTTP/1.1" 404 58064
WARNING 2026-07-13 17:25:43,460 basehttp 20048 8248 "GET /media/products/1000533308.jpg HTTP/1.1" 404 58064
INFO 2026-07-13 17:26:16,964 basehttp 20048 8248 "GET /shop/?page=3 HTTP/1.1" 200 81897
WARNING 2026-07-13 17:26:17,073 basehttp 20048 8248 "GET /media/products/1000520279.jpg HTTP/1.1" 404 58064
WARNING 2026-07-13 17:26:17,153 basehttp 20048 9132 "GET /media/products/1000520283.jpg HTTP/1.1" 404 58064
WARNING 2026-07-13 17:26:17,155 basehttp 20048 8248 "GET /media/products/1000520284.jpg HTTP/1.1" 404 58064
WARNING 2026-07-13 17:26:17,155 basehttp 20048 23132 "GET /media/products/1000520282.jpg HTTP/1.1" 404 58064
WARNING 2026-07-13 17:26:17,185 basehttp 20048 8248 "GET /media/products/1000520287.jpg HTTP/1.1" 404 58064
WARNING 2026-07-13 17:26:17,202 basehttp 20048 23132 "GET /media/products/1000520285.jpg HTTP/1.1" 404 58064
WARNING 2026-07-13 17:26:17,212 basehttp 20048 19236 "GET /media/products/1000520280.jpg HTTP/1.1" 404 58064
WARNING 2026-07-13 17:26:17,237 basehttp 20048 8248 "GET /media/products/1000520286.jpg HTTP/1.1" 404 58064
WARNING 2026-07-13 17:26:17,265 basehttp 20048 19236 "GET /media/products/1000520257.jpg HTTP/1.1" 404 58064
WARNING 2026-07-13 17:26:17,265 basehttp 20048 9132 "GET /media/products/1000520234_SBppChd.jpg HTTP/1.1" 404 58064
WARNING 2026-07-13 17:26:17,265 basehttp 20048 23132 "GET /media/products/1000458382_rsJgChZ.jpg HTTP/1.1" 404 58064
WARNING 2026-07-13 17:26:17,283 basehttp 20048 3824 "GET /media/products/1000520281.jpg HTTP/1.1" 404 58064
INFO 2026-07-13 17:26:27,664 basehttp 20048 3824 "GET /shop/ HTTP/1.1" 200 82076
WARNING 2026-07-13 17:26:27,805 basehttp 20048 3824 "GET /media/products/1000526988.jpg HTTP/1.1" 404 58064
WARNING 2026-07-13 17:26:27,825 basehttp 20048 9132 "GET /media/products/1000526987.jpg HTTP/1.1" 404 58064
WARNING 2026-07-13 17:26:27,869 basehttp 20048 23132 "GET /media/products/1000526986.jpg HTTP/1.1" 404 58064
WARNING 2026-07-13 17:26:27,877 basehttp 20048 19236 "GET /media/products/1000526985.jpg HTTP/1.1" 404 58064
WARNING 2026-07-13 17:26:27,888 basehttp 20048 8248 "GET /media/products/1000526984.jpg HTTP/1.1" 404 58064
WARNING 2026-07-13 17:26:27,888 basehttp 20048 4088 "GET /media/products/1000526983.jpg HTTP/1.1" 404 58064
WARNING 2026-07-13 17:26:27,888 basehttp 20048 9132 "GET /media/products/1000526975.jpg HTTP/1.1" 404 58064
WARNING 2026-07-13 17:26:27,892 basehttp 20048 3824 "GET /media/products/1000533260.jpg HTTP/1.1" 404 58064
WARNING 2026-07-13 17:26:27,904 basehttp 20048 19236 "GET /media/products/1000525145.png HTTP/1.1" 404 58064
WARNING 2026-07-13 17:26:27,904 basehttp 20048 23132 "GET /media/products/1000526968.jpg HTTP/1.1" 404 58064
WARNING 2026-07-13 17:26:27,911 basehttp 20048 8248 "GET /media/products/1000533308.jpg HTTP/1.1" 404 58064
WARNING 2026-07-13 17:26:27,948 basehttp 20048 8248 "GET /media/products/1000525144.png HTTP/1.1" 404 58064
INFO 2026-07-13 17:26:29,673 basehttp 20048 8248 "GET / HTTP/1.1" 200 98081
WARNING 2026-07-13 17:26:29,822 basehttp 20048 8248 "GET /media/CACHE/images/products/1000526988/297d1fbbf43ffd3ca8b68220c3a2f140.jpg HTTP/1.1" 404 58064
WARNING 2026-07-13 17:26:29,831 basehttp 20048 19236 "GET /media/CACHE/images/products/1000526987/a6d5a5e42638bdf81f7b75683fe48a56.jpg HTTP/1.1" 404 58064
WARNING 2026-07-13 17:26:29,870 basehttp 20048 23132 "GET /media/CACHE/images/products/1000526986/4c42d7f070fd16fcc4c9e9e771277a3f.jpg HTTP/1.1" 404 58064
WARNING 2026-07-13 17:26:29,870 basehttp 20048 3824 "GET /media/CACHE/images/products/1000526985/ea2101abe7212401b5af667637e000f4.jpg HTTP/1.1" 404 58064
WARNING 2026-07-13 17:26:29,870 basehttp 20048 9132 "GET /media/CACHE/images/products/1000526984/2679c5d1935863a487471bfaaebbd5f6.jpg HTTP/1.1" 404 58064
WARNING 2026-07-13 17:26:29,870 basehttp 20048 4088 "GET /media/CACHE/images/products/1000526983/59a2f0e6a76fb3a0abaf510e68d6861f.jpg HTTP/1.1" 404 58064
WARNING 2026-07-13 17:26:29,870 basehttp 20048 8248 "GET /media/CACHE/images/products/1000526975/d6f426988a94ff6a989535d30a8bdf11.jpg HTTP/1.1" 404 58064
WARNING 2026-07-13 17:26:29,870 basehttp 20048 19236 "GET /media/CACHE/images/products/1000533260/cc9415acb28224a87fcc5efb6469a097.jpg HTTP/1.1" 404 58064
WARNING 2026-07-13 17:26:31,014 basehttp 20048 8248 "GET /media/CACHE/images/products/1000526986/4c42d7f070fd16fcc4c9e9e771277a3f.jpg HTTP/1.1" 404 58064
WARNING 2026-07-13 17:26:31,014 basehttp 20048 19236 "GET /media/CACHE/images/products/1000526988/297d1fbbf43ffd3ca8b68220c3a2f140.jpg HTTP/1.1" 404 58064
WARNING 2026-07-13 17:26:31,014 basehttp 20048 4088 "GET /media/CACHE/images/products/1000526987/a6d5a5e42638bdf81f7b75683fe48a56.jpg HTTP/1.1" 404 58064
WARNING 2026-07-13 17:26:31,016 basehttp 20048 23132 "GET /media/CACHE/images/products/1000526985/ea2101abe7212401b5af667637e000f4.jpg HTTP/1.1" 404 58064
WARNING 2026-07-13 17:26:31,768 basehttp 20048 8248 "GET /media/CACHE/images/products/1000526983/59a2f0e6a76fb3a0abaf510e68d6861f.jpg HTTP/1.1" 404 58064
WARNING 2026-07-13 17:26:31,768 basehttp 20048 23132 "GET /media/CACHE/images/products/1000526984/2679c5d1935863a487471bfaaebbd5f6.jpg HTTP/1.1" 404 58064
WARNING 2026-07-13 17:26:31,769 basehttp 20048 19236 "GET /media/CACHE/images/products/1000533260/cc9415acb28224a87fcc5efb6469a097.jpg HTTP/1.1" 404 58064
WARNING 2026-07-13 17:26:31,769 basehttp 20048 4088 "GET /media/CACHE/images/products/1000526975/d6f426988a94ff6a989535d30a8bdf11.jpg HTTP/1.1" 404 58064
INFO 2026-07-13 17:31:16,259 basehttp 20048 4088 "GET /shop/ HTTP/1.1" 200 82076
WARNING 2026-07-13 17:31:16,617 basehttp 20048 4088 "GET /media/products/1000526988.jpg HTTP/1.1" 404 58064
WARNING 2026-07-13 17:31:16,675 basehttp 20048 4088 "GET /media/products/1000526984.jpg HTTP/1.1" 404 58064
WARNING 2026-07-13 17:31:16,725 basehttp 20048 4088 "GET /media/products/1000533260.jpg HTTP/1.1" 404 58064
WARNING 2026-07-13 17:31:16,822 basehttp 20048 4088 "GET /media/products/1000526968.jpg HTTP/1.1" 404 58064
WARNING 2026-07-13 17:31:16,873 basehttp 20048 19236 "GET /media/products/1000526987.jpg HTTP/1.1" 404 58064
WARNING 2026-07-13 17:31:16,873 basehttp 20048 4088 "GET /media/products/1000533308.jpg HTTP/1.1" 404 58064
WARNING 2026-07-13 17:31:16,922 basehttp 20048 19236 "GET /media/products/1000525144.png HTTP/1.1" 404 58064
WARNING 2026-07-13 17:31:16,926 basehttp 20048 8248 "GET /media/products/1000526985.jpg HTTP/1.1" 404 58064
WARNING 2026-07-13 17:31:16,926 basehttp 20048 4088 "GET /media/products/1000525145.png HTTP/1.1" 404 58064
WARNING 2026-07-13 17:31:16,928 basehttp 20048 3824 "GET /media/products/1000526975.jpg HTTP/1.1" 404 58064
WARNING 2026-07-13 17:31:16,959 basehttp 20048 9132 "GET /media/products/1000526983.jpg HTTP/1.1" 404 58064
WARNING 2026-07-13 17:31:16,972 basehttp 20048 23132 "GET /media/products/1000526986.jpg HTTP/1.1" 404 58064
INFO 2026-07-13 17:31:28,617 basehttp 20048 23132 "GET / HTTP/1.1" 200 98081
WARNING 2026-07-13 17:31:28,807 basehttp 20048 23132 "GET /media/CACHE/images/products/1000526988/297d1fbbf43ffd3ca8b68220c3a2f140.jpg HTTP/1.1" 404 58064
WARNING 2026-07-13 17:31:28,867 basehttp 20048 4088 "GET /media/CACHE/images/products/1000526985/ea2101abe7212401b5af667637e000f4.jpg HTTP/1.1" 404 58064
WARNING 2026-07-13 17:31:28,868 basehttp 20048 9132 "GET /media/CACHE/images/products/1000526987/a6d5a5e42638bdf81f7b75683fe48a56.jpg HTTP/1.1" 404 58064
WARNING 2026-07-13 17:31:28,868 basehttp 20048 3824 "GET /media/CACHE/images/products/1000526984/2679c5d1935863a487471bfaaebbd5f6.jpg HTTP/1.1" 404 58064
WARNING 2026-07-13 17:31:28,868 basehttp 20048 19236 "GET /media/CACHE/images/products/1000526975/d6f426988a94ff6a989535d30a8bdf11.jpg HTTP/1.1" 404 58064
WARNING 2026-07-13 17:31:28,868 basehttp 20048 8248 "GET /media/CACHE/images/products/1000526983/59a2f0e6a76fb3a0abaf510e68d6861f.jpg HTTP/1.1" 404 58064
WARNING 2026-07-13 17:31:28,868 basehttp 20048 23132 "GET /media/CACHE/images/products/1000526986/4c42d7f070fd16fcc4c9e9e771277a3f.jpg HTTP/1.1" 404 58064
WARNING 2026-07-13 17:31:28,909 basehttp 20048 23132 "GET /media/CACHE/images/products/1000533260/cc9415acb28224a87fcc5efb6469a097.jpg HTTP/1.1" 404 58064
WARNING 2026-07-13 17:31:30,000 basehttp 20048 23132 "GET /media/CACHE/images/products/1000526988/297d1fbbf43ffd3ca8b68220c3a2f140.jpg HTTP/1.1" 404 58064
WARNING 2026-07-13 17:31:30,000 basehttp 20048 19236 "GET /media/CACHE/images/products/1000526985/ea2101abe7212401b5af667637e000f4.jpg HTTP/1.1" 404 58064
WARNING 2026-07-13 17:31:30,003 basehttp 20048 3824 "GET /media/CACHE/images/products/1000526987/a6d5a5e42638bdf81f7b75683fe48a56.jpg HTTP/1.1" 404 58064
WARNING 2026-07-13 17:31:30,003 basehttp 20048 8248 "GET /media/CACHE/images/products/1000526986/4c42d7f070fd16fcc4c9e9e771277a3f.jpg HTTP/1.1" 404 58064
WARNING 2026-07-13 17:31:30,454 basehttp 20048 19236 "GET /media/CACHE/images/products/1000526983/59a2f0e6a76fb3a0abaf510e68d6861f.jpg HTTP/1.1" 404 58064
WARNING 2026-07-13 17:31:30,454 basehttp 20048 8248 "GET /media/CACHE/images/products/1000526984/2679c5d1935863a487471bfaaebbd5f6.jpg HTTP/1.1" 404 58064
WARNING 2026-07-13 17:31:30,454 basehttp 20048 23132 "GET /media/CACHE/images/products/1000533260/cc9415acb28224a87fcc5efb6469a097.jpg HTTP/1.1" 404 58064
WARNING 2026-07-13 17:31:30,454 basehttp 20048 3824 "GET /media/CACHE/images/products/1000526975/d6f426988a94ff6a989535d30a8bdf11.jpg HTTP/1.1" 404 58064
INFO 2026-07-13 17:48:17,486 basehttp 20048 12752 "GET / HTTP/1.1" 200 98081
WARNING 2026-07-13 17:48:17,749 basehttp 20048 12752 "GET /media/CACHE/images/products/1000526988/297d1fbbf43ffd3ca8b68220c3a2f140.jpg HTTP/1.1" 404 58064
WARNING 2026-07-13 17:48:17,831 basehttp 20048 12752 "GET /media/CACHE/images/products/1000526986/4c42d7f070fd16fcc4c9e9e771277a3f.jpg HTTP/1.1" 404 58064
WARNING 2026-07-13 17:48:17,896 basehttp 20048 17572 "GET /media/CACHE/images/products/1000526987/a6d5a5e42638bdf81f7b75683fe48a56.jpg HTTP/1.1" 404 58064
WARNING 2026-07-13 17:48:17,908 basehttp 20048 12752 "GET /media/CACHE/images/products/1000526984/2679c5d1935863a487471bfaaebbd5f6.jpg HTTP/1.1" 404 58064
WARNING 2026-07-13 17:48:17,975 basehttp 20048 12752 "GET /media/CACHE/images/products/1000526975/d6f426988a94ff6a989535d30a8bdf11.jpg HTTP/1.1" 404 58064
WARNING 2026-07-13 17:48:17,975 basehttp 20048 17572 "GET /media/CACHE/images/products/1000533260/cc9415acb28224a87fcc5efb6469a097.jpg HTTP/1.1" 404 58064
WARNING 2026-07-13 17:48:18,040 basehttp 20048 10304 "GET /media/CACHE/images/products/1000526985/ea2101abe7212401b5af667637e000f4.jpg HTTP/1.1" 404 58064
WARNING 2026-07-13 17:48:18,042 basehttp 20048 10928 "GET /media/CACHE/images/products/1000526983/59a2f0e6a76fb3a0abaf510e68d6861f.jpg HTTP/1.1" 404 58064
WARNING 2026-07-13 17:48:18,259 basehttp 20048 10928 "GET /media/CACHE/images/products/1000526988/297d1fbbf43ffd3ca8b68220c3a2f140.jpg HTTP/1.1" 404 58064
WARNING 2026-07-13 17:48:18,259 basehttp 20048 10304 "GET /media/CACHE/images/products/1000526987/a6d5a5e42638bdf81f7b75683fe48a56.jpg HTTP/1.1" 404 58064
WARNING 2026-07-13 17:48:18,655 basehttp 20048 10304 "GET /media/CACHE/images/products/1000526986/4c42d7f070fd16fcc4c9e9e771277a3f.jpg HTTP/1.1" 404 58064
WARNING 2026-07-13 17:48:18,655 basehttp 20048 10928 "GET /media/CACHE/images/products/1000526985/ea2101abe7212401b5af667637e000f4.jpg HTTP/1.1" 404 58064
WARNING 2026-07-13 17:48:18,727 basehttp 20048 10304 "GET /media/CACHE/images/products/1000526983/59a2f0e6a76fb3a0abaf510e68d6861f.jpg HTTP/1.1" 404 58064
WARNING 2026-07-13 17:48:18,727 basehttp 20048 10928 "GET /media/CACHE/images/products/1000526984/2679c5d1935863a487471bfaaebbd5f6.jpg HTTP/1.1" 404 58064
INFO 2026-07-13 17:48:47,865 basehttp 20048 10928 "GET / HTTP/1.1" 200 98081
WARNING 2026-07-13 17:48:48,287 basehttp 20048 10928 "GET /media/CACHE/images/products/1000526988/297d1fbbf43ffd3ca8b68220c3a2f140.jpg HTTP/1.1" 404 58064
WARNING 2026-07-13 17:48:48,287 basehttp 20048 10304 "GET /media/CACHE/images/products/1000526987/a6d5a5e42638bdf81f7b75683fe48a56.jpg HTTP/1.1" 404 58064
WARNING 2026-07-13 17:48:48,287 basehttp 20048 17572 "GET /media/CACHE/images/products/1000526986/4c42d7f070fd16fcc4c9e9e771277a3f.jpg HTTP/1.1" 404 58064
WARNING 2026-07-13 17:48:48,287 basehttp 20048 12752 "GET /media/CACHE/images/products/1000526985/ea2101abe7212401b5af667637e000f4.jpg HTTP/1.1" 404 58064
WARNING 2026-07-13 17:48:48,395 basehttp 20048 17572 "GET /media/CACHE/images/products/1000533260/cc9415acb28224a87fcc5efb6469a097.jpg HTTP/1.1" 404 58064
WARNING 2026-07-13 17:48:48,404 basehttp 20048 10304 "GET /media/CACHE/images/products/1000526988/297d1fbbf43ffd3ca8b68220c3a2f140.jpg HTTP/1.1" 404 58064
WARNING 2026-07-13 17:48:48,404 basehttp 20048 10928 "GET /media/CACHE/images/products/1000526987/a6d5a5e42638bdf81f7b75683fe48a56.jpg HTTP/1.1" 404 58064
WARNING 2026-07-13 17:48:48,416 basehttp 20048 12752 "GET /media/CACHE/images/products/1000526975/d6f426988a94ff6a989535d30a8bdf11.jpg HTTP/1.1" 404 58064
WARNING 2026-07-13 17:48:48,617 basehttp 20048 10928 "GET /media/CACHE/images/products/1000526985/ea2101abe7212401b5af667637e000f4.jpg HTTP/1.1" 404 58064
WARNING 2026-07-13 17:48:48,621 basehttp 20048 12752 "GET /media/CACHE/images/products/1000526986/4c42d7f070fd16fcc4c9e9e771277a3f.jpg HTTP/1.1" 404 58064
WARNING 2026-07-13 17:48:48,845 basehttp 20048 22236 "GET /media/CACHE/images/products/1000526983/59a2f0e6a76fb3a0abaf510e68d6861f.jpg HTTP/1.1" 404 58064
WARNING 2026-07-13 17:48:48,900 basehttp 20048 7968 "GET /media/CACHE/images/products/1000526984/2679c5d1935863a487471bfaaebbd5f6.jpg HTTP/1.1" 404 58064
WARNING 2026-07-13 17:48:49,084 basehttp 20048 22236 "GET /media/CACHE/images/products/1000526984/2679c5d1935863a487471bfaaebbd5f6.jpg HTTP/1.1" 404 58064
WARNING 2026-07-13 17:48:49,084 basehttp 20048 7968 "GET /media/CACHE/images/products/1000526983/59a2f0e6a76fb3a0abaf510e68d6861f.jpg HTTP/1.1" 404 58064
WARNING 2026-07-13 17:49:42,004 basehttp 20048 22236 "GET /.well-known/appspecific/com.chrome.devtools.json HTTP/1.1" 404 58064
WARNING 2026-07-14 17:48:13,228 basehttp 2936 17896 "GET /media/CACHE/images/products/1000526975/d6f426988a94ff6a989535d30a8bdf11.jpg HTTP/1.1" 404 58064
WARNING 2026-07-14 17:48:13,231 basehttp 2936 27408 "GET /media/CACHE/images/products/1000533260/cc9415acb28224a87fcc5efb6469a097.jpg HTTP/1.1" 404 58064
INFO 2026-07-14 17:48:16,431 basehttp 2936 27408 "GET / HTTP/1.1" 200 98081
WARNING 2026-07-14 17:48:16,683 basehttp 2936 27408 "GET /.well-known/appspecific/com.chrome.devtools.json HTTP/1.1" 404 58064
WARNING 2026-07-14 17:48:17,460 basehttp 2936 27408 "GET /media/CACHE/images/products/1000526988/297d1fbbf43ffd3ca8b68220c3a2f140.jpg HTTP/1.1" 404 58064
WARNING 2026-07-14 17:48:17,554 basehttp 2936 17896 "GET /media/CACHE/images/products/1000526986/4c42d7f070fd16fcc4c9e9e771277a3f.jpg HTTP/1.1" 404 58064
WARNING 2026-07-14 17:48:17,826 basehttp 2936 27408 "GET /media/CACHE/images/products/1000533260/cc9415acb28224a87fcc5efb6469a097.jpg HTTP/1.1" 404 58064
WARNING 2026-07-14 17:48:17,826 basehttp 2936 5944 "GET /media/CACHE/images/products/1000526985/ea2101abe7212401b5af667637e000f4.jpg HTTP/1.1" 404 58064
WARNING 2026-07-14 17:48:18,124 basehttp 2936 17896 "GET /media/CACHE/images/products/1000526975/d6f426988a94ff6a989535d30a8bdf11.jpg HTTP/1.1" 404 58064
WARNING 2026-07-14 17:48:18,276 basehttp 2936 12060 "GET /media/CACHE/images/products/1000526987/a6d5a5e42638bdf81f7b75683fe48a56.jpg HTTP/1.1" 404 58064
WARNING 2026-07-14 17:48:18,348 basehttp 2936 25908 "GET /media/CACHE/images/products/1000526984/2679c5d1935863a487471bfaaebbd5f6.jpg HTTP/1.1" 404 58064
WARNING 2026-07-14 17:48:18,455 basehttp 2936 6580 "GET /media/CACHE/images/products/1000526983/59a2f0e6a76fb3a0abaf510e68d6861f.jpg HTTP/1.1" 404 58064
WARNING 2026-07-14 17:48:18,774 basehttp 2936 6580 "GET /media/CACHE/images/products/1000526988/297d1fbbf43ffd3ca8b68220c3a2f140.jpg HTTP/1.1" 404 58064
WARNING 2026-07-14 17:48:18,775 basehttp 2936 25908 "GET /media/CACHE/images/products/1000526987/a6d5a5e42638bdf81f7b75683fe48a56.jpg HTTP/1.1" 404 58064
WARNING 2026-07-14 17:48:18,775 basehttp 2936 12060 "GET /media/CACHE/images/products/1000526986/4c42d7f070fd16fcc4c9e9e771277a3f.jpg HTTP/1.1" 404 58064
WARNING 2026-07-14 17:48:18,778 basehttp 2936 17896 "GET /media/CACHE/images/products/1000526985/ea2101abe7212401b5af667637e000f4.jpg HTTP/1.1" 404 58064
WARNING 2026-07-14 17:48:19,358 basehttp 2936 25908 "GET /media/CACHE/images/products/1000526975/d6f426988a94ff6a989535d30a8bdf11.jpg HTTP/1.1" 404 58064
WARNING 2026-07-14 17:48:19,358 basehttp 2936 12060 "GET /media/CACHE/images/products/1000526984/2679c5d1935863a487471bfaaebbd5f6.jpg HTTP/1.1" 404 58064
WARNING 2026-07-14 17:48:19,360 basehttp 2936 6580 "GET /media/CACHE/images/products/1000533260/cc9415acb28224a87fcc5efb6469a097.jpg HTTP/1.1" 404 58064
WARNING 2026-07-14 17:48:19,360 basehttp 2936 17896 "GET /media/CACHE/images/products/1000526983/59a2f0e6a76fb3a0abaf510e68d6861f.jpg HTTP/1.1" 404 58064
INFO 2026-07-14 17:48:51,959 basehttp 2936 17896 "GET / HTTP/1.1" 200 98081
WARNING 2026-07-14 17:48:52,249 basehttp 2936 12060 "GET /media/CACHE/images/products/1000526986/4c42d7f070fd16fcc4c9e9e771277a3f.jpg HTTP/1.1" 404 58064
WARNING 2026-07-14 17:48:52,249 basehttp 2936 27408 "GET /media/CACHE/images/products/1000526983/59a2f0e6a76fb3a0abaf510e68d6861f.jpg HTTP/1.1" 404 58064
WARNING 2026-07-14 17:48:52,249 basehttp 2936 25908 "GET /media/CACHE/images/products/1000526987/a6d5a5e42638bdf81f7b75683fe48a56.jpg HTTP/1.1" 404 58064
WARNING 2026-07-14 17:48:52,251 basehttp 2936 5944 "GET /media/CACHE/images/products/1000526985/ea2101abe7212401b5af667637e000f4.jpg HTTP/1.1" 404 58064
WARNING 2026-07-14 17:48:52,251 basehttp 2936 17896 "GET /media/CACHE/images/products/1000526984/2679c5d1935863a487471bfaaebbd5f6.jpg HTTP/1.1" 404 58064
WARNING 2026-07-14 17:48:52,251 basehttp 2936 6580 "GET /media/CACHE/images/products/1000526988/297d1fbbf43ffd3ca8b68220c3a2f140.jpg HTTP/1.1" 404 58064
WARNING 2026-07-14 17:48:52,280 basehttp 2936 25908 "GET /media/CACHE/images/products/1000526975/d6f426988a94ff6a989535d30a8bdf11.jpg HTTP/1.1" 404 58064
WARNING 2026-07-14 17:48:52,298 basehttp 2936 6580 "GET /media/CACHE/images/products/1000533260/cc9415acb28224a87fcc5efb6469a097.jpg HTTP/1.1" 404 58064
INFO 2026-07-14 17:48:53,705 basehttp 2936 6580 "GET /shop/ HTTP/1.1" 200 82076
WARNING 2026-07-14 17:48:53,995 basehttp 2936 5944 "GET /media/products/1000526987.jpg HTTP/1.1" 404 58064
WARNING 2026-07-14 17:48:53,999 basehttp 2936 27408 "GET /media/products/1000526983.jpg HTTP/1.1" 404 58064
WARNING 2026-07-14 17:48:53,995 basehttp 2936 25908 "GET /media/products/1000526988.jpg HTTP/1.1" 404 58064
WARNING 2026-07-14 17:48:53,995 basehttp 2936 17896 "GET /media/products/1000526986.jpg HTTP/1.1" 404 58064
WARNING 2026-07-14 17:48:53,995 basehttp 2936 12060 "GET /media/products/1000526984.jpg HTTP/1.1" 404 58064
WARNING 2026-07-14 17:48:53,995 basehttp 2936 6580 "GET /media/products/1000526985.jpg HTTP/1.1" 404 58064
WARNING 2026-07-14 17:48:54,066 basehttp 2936 5944 "GET /media/products/1000525144.png HTTP/1.1" 404 58064
WARNING 2026-07-14 17:48:54,072 basehttp 2936 12060 "GET /media/products/1000533308.jpg HTTP/1.1" 404 58064
WARNING 2026-07-14 17:48:54,087 basehttp 2936 27408 "GET /media/products/1000526975.jpg HTTP/1.1" 404 58064
WARNING 2026-07-14 17:48:54,076 basehttp 2936 6580 "GET /media/products/1000526968.jpg HTTP/1.1" 404 58064
WARNING 2026-07-14 17:48:54,076 basehttp 2936 17896 "GET /media/products/1000525145.png HTTP/1.1" 404 58064
WARNING 2026-07-14 17:48:54,072 basehttp 2936 25908 "GET /media/products/1000533260.jpg HTTP/1.1" 404 58064
INFO 2026-07-14 17:51:10,423 basehttp 2936 27040 "GET / HTTP/1.1" 200 98081
WARNING 2026-07-14 17:51:10,687 basehttp 2936 27040 "GET /media/CACHE/images/products/1000526988/297d1fbbf43ffd3ca8b68220c3a2f140.jpg HTTP/1.1" 404 58064
WARNING 2026-07-14 17:51:10,705 basehttp 2936 27040 "GET /media/CACHE/images/products/1000526975/d6f426988a94ff6a989535d30a8bdf11.jpg HTTP/1.1" 404 58064
WARNING 2026-07-14 17:51:10,730 basehttp 2936 27040 "GET /media/CACHE/images/products/1000533260/cc9415acb28224a87fcc5efb6469a097.jpg HTTP/1.1" 404 58064
WARNING 2026-07-14 17:51:10,863 basehttp 2936 11668 "GET /media/CACHE/images/products/1000526985/ea2101abe7212401b5af667637e000f4.jpg HTTP/1.1" 404 58064
WARNING 2026-07-14 17:51:10,908 basehttp 2936 24176 "GET /media/CACHE/images/products/1000526983/59a2f0e6a76fb3a0abaf510e68d6861f.jpg HTTP/1.1" 404 58064
WARNING 2026-07-14 17:51:10,908 basehttp 2936 6688 "GET /media/CACHE/images/products/1000526987/a6d5a5e42638bdf81f7b75683fe48a56.jpg HTTP/1.1" 404 58064
WARNING 2026-07-14 17:51:10,912 basehttp 2936 25124 "GET /media/CACHE/images/products/1000526986/4c42d7f070fd16fcc4c9e9e771277a3f.jpg HTTP/1.1" 404 58064
WARNING 2026-07-14 17:51:10,925 basehttp 2936 27460 "GET /media/CACHE/images/products/1000526984/2679c5d1935863a487471bfaaebbd5f6.jpg HTTP/1.1" 404 58064
INFO 2026-07-14 18:03:37,056 basehttp 2936 14596 "GET / HTTP/1.1" 200 98081
WARNING 2026-07-14 18:03:37,321 basehttp 2936 14596 "GET /media/CACHE/images/products/1000526988/297d1fbbf43ffd3ca8b68220c3a2f140.jpg HTTP/1.1" 404 58064
WARNING 2026-07-14 18:03:37,443 basehttp 2936 14596 "GET /media/CACHE/images/products/1000526986/4c42d7f070fd16fcc4c9e9e771277a3f.jpg HTTP/1.1" 404 58064
WARNING 2026-07-14 18:03:37,499 basehttp 2936 24936 "GET /media/CACHE/images/products/1000526987/a6d5a5e42638bdf81f7b75683fe48a56.jpg HTTP/1.1" 404 58064
WARNING 2026-07-14 18:03:37,513 basehttp 2936 8428 "GET /media/CACHE/images/products/1000526985/ea2101abe7212401b5af667637e000f4.jpg HTTP/1.1" 404 58064
WARNING 2026-07-14 18:03:37,528 basehttp 2936 8428 "GET /media/CACHE/images/products/1000526984/2679c5d1935863a487471bfaaebbd5f6.jpg HTTP/1.1" 404 58064
WARNING 2026-07-14 18:03:37,528 basehttp 2936 24936 "GET /media/CACHE/images/products/1000526983/59a2f0e6a76fb3a0abaf510e68d6861f.jpg HTTP/1.1" 404 58064
WARNING 2026-07-14 18:03:37,560 basehttp 2936 8428 "GET /media/CACHE/images/products/1000533260/cc9415acb28224a87fcc5efb6469a097.jpg HTTP/1.1" 404 58064
WARNING 2026-07-14 18:03:37,560 basehttp 2936 24936 "GET /media/CACHE/images/products/1000526975/d6f426988a94ff6a989535d30a8bdf11.jpg HTTP/1.1" 404 58064
WARNING 2026-07-14 18:03:37,610 basehttp 2936 8428 "GET /media/CACHE/images/products/1000526987/a6d5a5e42638bdf81f7b75683fe48a56.jpg HTTP/1.1" 404 58064
WARNING 2026-07-14 18:03:37,610 basehttp 2936 24936 "GET /media/CACHE/images/products/1000526988/297d1fbbf43ffd3ca8b68220c3a2f140.jpg HTTP/1.1" 404 58064
WARNING 2026-07-14 18:03:38,524 basehttp 2936 24936 "GET /media/CACHE/images/products/1000526986/4c42d7f070fd16fcc4c9e9e771277a3f.jpg HTTP/1.1" 404 58064
WARNING 2026-07-14 18:03:38,524 basehttp 2936 8428 "GET /media/CACHE/images/products/1000526985/ea2101abe7212401b5af667637e000f4.jpg HTTP/1.1" 404 58064
WARNING 2026-07-14 18:04:09,331 basehttp 2936 8428 "GET /media/products/1000520234_SBppChd.jpg HTTP/1.1" 404 58064
WARNING 2026-07-14 18:10:54,520 basehttp 2936 24460 "GET /media/CACHE/images/products/1000526988/297d1fbbf43ffd3ca8b68220c3a2f140.jpg HTTP/1.1" 404 58064
INFO 2026-07-14 18:12:57,861 autoreload 2936 23772 C:\Users\Hp\Desktop\ORAIMOTECH\core\settings.py changed, reloading.
INFO 2026-07-14 18:12:57,993 autoreload 9252 8812 C:\Users\Hp\Desktop\ORAIMOTECH\core\settings.py changed, reloading.
INFO 2026-07-14 18:15:26,652 autoreload 828 6192 Watching for file changes with StatReloader
INFO 2026-07-14 18:15:50,024 basehttp 828 25072 "GET /media/products/1000520234_SBppChd.jpg HTTP/1.1" 200 91304
WARNING 2026-07-14 18:15:50,368 basehttp 828 25072 "GET /favicon.ico HTTP/1.1" 404 3972
INFO 2026-07-14 18:15:53,630 basehttp 828 25072 "GET /admin/shop/product/ HTTP/1.1" 200 35778
INFO 2026-07-14 18:15:53,890 basehttp 828 25072 "GET /static/admin/js/vendor/jquery/jquery.js HTTP/1.1" 200 285314
INFO 2026-07-14 18:15:53,929 basehttp 828 2868 "GET /static/admin/js/vendor/xregexp/xregexp.js HTTP/1.1" 200 325171
INFO 2026-07-14 18:16:05,894 basehttp 828 2868 "GET /media/CACHE/images/products/1000526988/297d1fbbf43ffd3ca8b68220c3a2f140.jpg HTTP/1.1" 200 13520
INFO 2026-07-14 18:16:15,793 basehttp 828 2868 "GET /shop/?category=neckbands HTTP/1.1" 200 69382
INFO 2026-07-14 18:16:16,096 basehttp 828 2868 "GET /media/products/1000520257.jpg HTTP/1.1" 200 106493
INFO 2026-07-14 18:16:16,097 basehttp 828 25072 "GET /media/products/1000458382_rsJgChZ.jpg HTTP/1.1" 200 139075
INFO 2026-07-14 18:16:19,066 basehttp 828 25072 "GET / HTTP/1.1" 200 98081
INFO 2026-07-14 18:16:19,329 basehttp 828 25072 "GET /media/CACHE/images/products/1000526988/297d1fbbf43ffd3ca8b68220c3a2f140.jpg HTTP/1.1" 200 13520
INFO 2026-07-14 18:16:19,343 basehttp 828 2868 "GET /media/CACHE/images/products/1000526987/a6d5a5e42638bdf81f7b75683fe48a56.jpg HTTP/1.1" 200 13196
INFO 2026-07-14 18:21:36,505 basehttp 828 26256 "GET /media/CACHE/images/products/1000526985/ea2101abe7212401b5af667637e000f4.jpg HTTP/1.1" 200 10022
INFO 2026-07-14 18:21:36,509 basehttp 828 12724 "GET /media/CACHE/images/products/1000526986/4c42d7f070fd16fcc4c9e9e771277a3f.jpg HTTP/1.1" 200 11213
INFO 2026-07-14 18:21:36,512 basehttp 828 25768 "GET /media/CACHE/images/products/1000526984/2679c5d1935863a487471bfaaebbd5f6.jpg HTTP/1.1" 200 11341
INFO 2026-07-14 18:21:36,523 basehttp 828 9232 "GET /media/CACHE/images/products/1000526983/59a2f0e6a76fb3a0abaf510e68d6861f.jpg HTTP/1.1" 200 12454
INFO 2026-07-14 18:21:36,536 basehttp 828 14004 "GET /media/CACHE/images/products/1000533260/cc9415acb28224a87fcc5efb6469a097.jpg HTTP/1.1" 200 13423
INFO 2026-07-14 18:21:36,538 basehttp 828 15868 "GET /media/CACHE/images/products/1000526975/d6f426988a94ff6a989535d30a8bdf11.jpg HTTP/1.1" 200 12139
INFO 2026-07-14 18:28:55,067 autoreload 828 6192 C:\Users\Hp\Desktop\ORAIMOTECH\core\settings.py changed, reloading.
INFO 2026-07-14 18:28:57,008 autoreload 9732 11216 Watching for file changes with StatReloader
INFO 2026-07-14 18:31:22,610 basehttp 9732 8244 "GET / HTTP/1.1" 200 99680
INFO 2026-07-14 18:31:23,445 basehttp 9732 11944 "GET /media/products/1000526985.jpg HTTP/1.1" 200 587190
INFO 2026-07-14 18:31:23,462 basehttp 9732 11944 "GET /media/products/1000526975.jpg HTTP/1.1" 200 166223
INFO 2026-07-14 18:31:23,499 basehttp 9732 11944 "GET /media/products/1000533260.jpg HTTP/1.1" 200 748555
INFO 2026-07-14 18:31:23,518 basehttp 9732 25464 "GET /media/products/1000526987.jpg HTTP/1.1" 200 200624
INFO 2026-07-14 18:31:23,563 basehttp 9732 22076 "GET /media/products/1000526986.jpg HTTP/1.1" 200 564906
INFO 2026-07-14 18:31:23,613 basehttp 9732 8244 "GET /media/products/1000526988.jpg HTTP/1.1" 200 953641
INFO 2026-07-14 18:31:23,647 basehttp 9732 15216 "GET /media/products/1000526984.jpg HTTP/1.1" 200 453928
INFO 2026-07-14 18:31:23,651 basehttp 9732 22856 "GET /media/products/1000526983.jpg HTTP/1.1" 200 748398
INFO 2026-07-14 18:31:33,439 basehttp 9732 15216 "POST /basket/add/31/ HTTP/1.1" 200 58
INFO 2026-07-14 18:31:33,442 basehttp 9732 22856 "POST /basket/add/31/ HTTP/1.1" 200 58
INFO 2026-07-14 18:31:33,553 basehttp 9732 22856 "POST /basket/add/31/ HTTP/1.1" 200 58
INFO 2026-07-14 18:31:33,553 basehttp 9732 15216 "POST /basket/add/31/ HTTP/1.1" 200 58
INFO 2026-07-14 18:31:43,917 basehttp 9732 15216 "GET /reports/ HTTP/1.1" 200 65102
INFO 2026-07-14 18:31:44,497 basehttp 9732 8244 "GET /reports/api/payment-stats/?days=30 HTTP/1.1" 200 74
INFO 2026-07-14 18:31:44,501 basehttp 9732 22856 "GET /reports/api/top-products/?days=30&limit=5 HTTP/1.1" 200 2
INFO 2026-07-14 18:31:44,589 basehttp 9732 11944 "GET /reports/api/delivery-stats/?days=30 HTTP/1.1" 200 2
INFO 2026-07-14 18:31:44,602 basehttp 9732 22076 "GET /reports/api/category-sales/?days=30 HTTP/1.1" 200 2
INFO 2026-07-14 18:31:44,610 basehttp 9732 25464 "GET /reports/api/recent-orders/?limit=10 HTTP/1.1" 200 2
INFO 2026-07-14 18:31:44,616 basehttp 9732 15216 "GET /reports/api/sales/?days=30 HTTP/1.1" 200 1646
INFO 2026-07-14 18:38:11,865 autoreload 9732 11216 C:\Users\Hp\Desktop\ORAIMOTECH\core\settings.py changed, reloading.
INFO 2026-07-14 18:38:13,189 autoreload 7848 22280 Watching for file changes with StatReloader
INFO 2026-07-14 18:38:36,603 autoreload 7848 22280 C:\Users\Hp\Desktop\ORAIMOTECH\reports\views.py changed, reloading.
INFO 2026-07-14 18:38:37,637 autoreload 24660 20744 Watching for file changes with StatReloader
INFO 2026-07-14 18:41:13,295 autoreload 28640 21084 Watching for file changes with StatReloader
INFO 2026-07-14 18:42:58,244 autoreload 23540 13900 Watching for file changes with StatReloader
INFO 2026-07-14 18:43:04,938 basehttp 23540 10128 "GET /media/products/1000520234_SBppChd.jpg HTTP/1.1" 304 0
INFO 2026-07-14 18:44:45,251 basehttp 23540 10128 "GET /admin/ HTTP/1.1" 200 9432
INFO 2026-07-14 18:44:45,967 basehttp 23540 10128 "GET /static/admin/css/base.css HTTP/1.1" 200 22120
INFO 2026-07-14 18:44:45,972 basehttp 23540 19176 "GET /static/admin/css/nav_sidebar.css HTTP/1.1" 200 2810
INFO 2026-07-14 18:44:45,986 basehttp 23540 14480 "GET /static/admin/css/dark_mode.css HTTP/1.1" 200 2808
INFO 2026-07-14 18:44:45,986 basehttp 23540 14264 "GET /static/admin/css/dashboard.css HTTP/1.1" 200 441
INFO 2026-07-14 18:44:46,014 basehttp 23540 15552 "GET /static/admin/css/responsive.css HTTP/1.1" 200 16565
INFO 2026-07-14 18:44:46,086 basehttp 23540 15916 "GET /static/admin/js/theme.js HTTP/1.1" 200 1653
INFO 2026-07-14 18:44:46,086 basehttp 23540 15552 "GET /static/admin/js/nav_sidebar.js HTTP/1.1" 200 3063
INFO 2026-07-14 18:44:46,135 basehttp 23540 15916 "GET /static/admin/img/icon-addlink.svg HTTP/1.1" 200 331
INFO 2026-07-14 18:44:46,135 basehttp 23540 15552 "GET /static/admin/img/icon-changelink.svg HTTP/1.1" 200 380
INFO 2026-07-14 18:44:52,444 basehttp 23540 15552 "GET /reports/ HTTP/1.1" 200 65090
INFO 2026-07-14 18:44:52,588 basehttp 23540 10128 "GET /reports/api/delivery-stats/?days=30 HTTP/1.1" 200 2
INFO 2026-07-14 18:44:52,717 basehttp 23540 15552 "GET /reports/api/sales/?days=30 HTTP/1.1" 200 1646
INFO 2026-07-14 18:44:52,778 basehttp 23540 19176 "GET /reports/api/recent-orders/?limit=10 HTTP/1.1" 200 2
INFO 2026-07-14 18:44:52,783 basehttp 23540 14480 "GET /reports/api/category-sales/?days=30 HTTP/1.1" 200 2
INFO 2026-07-14 18:44:52,786 basehttp 23540 15916 "GET /reports/api/top-products/?days=30&limit=5 HTTP/1.1" 200 2
INFO 2026-07-14 18:44:52,786 basehttp 23540 14264 "GET /reports/api/payment-stats/?days=30 HTTP/1.1" 200 74
INFO 2026-07-14 18:45:00,754 basehttp 23540 14264 "GET /reports/ HTTP/1.1" 200 65090
INFO 2026-07-14 18:45:01,003 basehttp 23540 15916 "GET /reports/api/top-products/?days=30&limit=5 HTTP/1.1" 200 2
INFO 2026-07-14 18:45:01,003 basehttp 23540 15552 "GET /reports/api/recent-orders/?limit=10 HTTP/1.1" 200 2
INFO 2026-07-14 18:45:01,007 basehttp 23540 10128 "GET /reports/api/delivery-stats/?days=30 HTTP/1.1" 200 2
INFO 2026-07-14 18:45:01,007 basehttp 23540 19176 "GET /reports/api/category-sales/?days=30 HTTP/1.1" 200 2
INFO 2026-07-14 18:45:01,007 basehttp 23540 14480 "GET /reports/api/payment-stats/?days=30 HTTP/1.1" 200 74
INFO 2026-07-14 18:45:01,103 basehttp 23540 14264 "GET /reports/api/sales/?days=30 HTTP/1.1" 200 1646
INFO 2026-07-14 18:45:03,875 basehttp 23540 14264 "GET /admin/ HTTP/1.1" 200 9432
INFO 2026-07-14 18:45:06,230 basehttp 23540 14264 "GET / HTTP/1.1" 200 99668
WARNING 2026-07-14 18:45:09,379 basehttp 23540 14264 "GET /admin/logout/ HTTP/1.1" 405 0
WARNING 2026-07-14 18:45:12,983 basehttp 23540 14264 "GET /admin/logout/ HTTP/1.1" 405 0
WARNING 2026-07-14 18:45:14,084 basehttp 23540 14264 "GET /admin/logout/ HTTP/1.1" 405 0
WARNING 2026-07-14 18:45:15,979 basehttp 23540 14264 "GET /admin/logout/ HTTP/1.1" 405 0
WARNING 2026-07-14 18:45:26,392 basehttp 23540 14264 "GET /admin/logout/ HTTP/1.1" 405 0
INFO 2026-07-14 19:02:58,472 autoreload 23540 13900 C:\Users\Hp\Desktop\ORAIMOTECH\core\urls.py changed, reloading.
INFO 2026-07-14 19:03:00,263 autoreload 18324 27544 Watching for file changes with StatReloader
INFO 2026-07-14 19:03:18,443 autoreload 18324 27544 C:\Users\Hp\Desktop\ORAIMOTECH\shop\admin.py changed, reloading.
INFO 2026-07-14 19:03:19,555 autoreload 20256 12768 Watching for file changes with StatReloader
INFO 2026-07-14 19:03:28,726 autoreload 20256 12768 C:\Users\Hp\Desktop\ORAIMOTECH\shop\admin.py changed, reloading.
INFO 2026-07-14 19:03:29,698 autoreload 19600 15000 Watching for file changes with StatReloader
INFO 2026-07-14 19:17:33,003 autoreload 27060 11088 Watching for file changes with StatReloader
INFO 2026-07-14 19:20:04,485 autoreload 26236 27152 Watching for file changes with StatReloader
INFO 2026-07-14 19:20:18,313 basehttp 26236 23092 "GET / HTTP/1.1" 200 99011
INFO 2026-07-14 19:21:44,546 basehttp 26236 23092 "GET / HTTP/1.1" 200 99011
INFO 2026-07-14 19:21:48,133 basehttp 26236 23092 "GET /admin/ HTTP/1.1" 200 4495
INFO 2026-07-14 19:21:53,676 basehttp 26236 23092 "GET / HTTP/1.1" 200 99011
INFO 2026-07-14 19:21:57,708 basehttp 26236 23092 "GET /admin/ HTTP/1.1" 200 4495
INFO 2026-07-14 19:22:18,535 basehttp 26236 23092 "GET / HTTP/1.1" 200 99011
INFO 2026-07-14 19:22:26,962 basehttp 26236 23092 "GET /admin/login/?next=/admin/ HTTP/1.1" 302 0
INFO 2026-07-14 19:22:26,975 basehttp 26236 23092 "GET /admin/ HTTP/1.1" 200 4495
INFO 2026-07-14 19:22:31,418 basehttp 26236 23092 "GET /admin/ HTTP/1.1" 200 4495
INFO 2026-07-14 19:22:34,038 basehttp 26236 23092 "GET /admin/ HTTP/1.1" 200 4495
INFO 2026-07-14 19:22:59,797 basehttp 26236 23092 "GET /admin/ HTTP/1.1" 200 4495
INFO 2026-07-14 19:23:04,329 basehttp 26236 23092 "POST /admin/logout/ HTTP/1.1" 200 3567
INFO 2026-07-14 19:23:06,584 basehttp 26236 23092 "GET /admin/ HTTP/1.1" 302 0
INFO 2026-07-14 19:23:06,762 basehttp 26236 23092 "GET /admin/login/?next=/admin/ HTTP/1.1" 200 4172
INFO 2026-07-14 19:23:06,933 basehttp 26236 23092 "GET /static/admin/css/login.css HTTP/1.1" 200 951
INFO 2026-07-14 19:23:10,183 basehttp 26236 23092 "POST /admin/login/?next=/admin/ HTTP/1.1" 302 0
INFO 2026-07-14 19:23:10,195 basehttp 26236 23092 "GET /admin/ HTTP/1.1" 200 4495
INFO 2026-07-14 19:24:51,219 basehttp 26236 23092 "GET /admin/ HTTP/1.1" 200 4495
INFO 2026-07-14 19:24:55,062 basehttp 26236 23092 "POST /admin/logout/ HTTP/1.1" 200 3567
INFO 2026-07-14 19:24:58,693 basehttp 26236 23092 "GET /admin/ HTTP/1.1" 302 0
INFO 2026-07-14 19:24:58,702 basehttp 26236 23092 "GET /admin/login/?next=/admin/ HTTP/1.1" 200 4172
INFO 2026-07-14 19:25:01,138 basehttp 26236 23092 "POST /admin/login/?next=/admin/ HTTP/1.1" 302 0
INFO 2026-07-14 19:25:01,148 basehttp 26236 23092 "GET /admin/ HTTP/1.1" 200 4495
INFO 2026-07-14 19:27:05,913 basehttp 26236 23092 "POST /admin/logout/ HTTP/1.1" 200 3567
INFO 2026-07-14 19:27:09,064 basehttp 26236 23092 "GET /admin/ HTTP/1.1" 302 0
INFO 2026-07-14 19:27:09,079 basehttp 26236 23092 "GET /admin/login/?next=/admin/ HTTP/1.1" 200 4172
INFO 2026-07-14 19:27:20,703 basehttp 26236 23092 "POST /admin/login/?next=/admin/ HTTP/1.1" 302 0
INFO 2026-07-14 19:27:20,715 basehttp 26236 23092 "GET /admin/ HTTP/1.1" 200 4498
INFO 2026-07-14 19:28:35,507 autoreload 26236 27152 C:\Users\Hp\Desktop\ORAIMOTECH\shop\admin.py changed, reloading.
INFO 2026-07-14 19:28:36,907 autoreload 20780 11292 Watching for file changes with StatReloader
ERROR 2026-07-14 19:29:32,419 log 20780 6116 Internal Server Error: /admin/logout/
Traceback (most recent call last):
  File "C:\Users\Hp\AppData\Local\Packages\PythonSoftwareFoundation.Python.3.11_qbz5n2kfra8p0\LocalCache\local-packages\Python311\site-packages\django\core\handlers\exception.py", line 55, in inner
    response = get_response(request)
               ^^^^^^^^^^^^^^^^^^^^^
  File "C:\Users\Hp\AppData\Local\Packages\PythonSoftwareFoundation.Python.3.11_qbz5n2kfra8p0\LocalCache\local-packages\Python311\site-packages\django\core\handlers\base.py", line 197, in _get_response
    response = wrapped_callback(request, *callback_args, **callback_kwargs)
               ^^^^^^^^^^^^^^^^^^^^^^^^^^^^^^^^^^^^^^^^^^^^^^^^^^^^^^^^^^^^
  File "C:\Users\Hp\AppData\Local\Packages\PythonSoftwareFoundation.Python.3.11_qbz5n2kfra8p0\LocalCache\local-packages\Python311\site-packages\django\contrib\admin\sites.py", line 265, in wrapper
    return self.admin_view(view, cacheable)(*args, **kwargs)
           ^^^^^^^^^^^^^^^^^^^^^^^^^^^^^^^^^^^^^^^^^^^^^^^^^
  File "C:\Users\Hp\AppData\Local\Packages\PythonSoftwareFoundation.Python.3.11_qbz5n2kfra8p0\LocalCache\local-packages\Python311\site-packages\django\utils\decorators.py", line 192, in _view_wrapper
    result = _process_exception(request, e)
             ^^^^^^^^^^^^^^^^^^^^^^^^^^^^^^
  File "C:\Users\Hp\AppData\Local\Packages\PythonSoftwareFoundation.Python.3.11_qbz5n2kfra8p0\LocalCache\local-packages\Python311\site-packages\django\utils\decorators.py", line 190, in _view_wrapper
    response = view_func(request, *args, **kwargs)
               ^^^^^^^^^^^^^^^^^^^^^^^^^^^^^^^^^^^
  File "C:\Users\Hp\AppData\Local\Packages\PythonSoftwareFoundation.Python.3.11_qbz5n2kfra8p0\LocalCache\local-packages\Python311\site-packages\django\views\decorators\cache.py", line 80, in _view_wrapper
    response = view_func(request, *args, **kwargs)
               ^^^^^^^^^^^^^^^^^^^^^^^^^^^^^^^^^^^
  File "C:\Users\Hp\AppData\Local\Packages\PythonSoftwareFoundation.Python.3.11_qbz5n2kfra8p0\LocalCache\local-packages\Python311\site-packages\django\contrib\admin\sites.py", line 246, in inner
    return view(request, *args, **kwargs)
           ^^^^^^^^^^^^^^^^^^^^^^^^^^^^^^
  File "C:\Users\Hp\AppData\Local\Packages\PythonSoftwareFoundation.Python.3.11_qbz5n2kfra8p0\LocalCache\local-packages\Python311\site-packages\django\contrib\admin\sites.py", line 400, in logout
    **self.each_context(request),
      ^^^^^^^^^^^^^^^^^^^^^^^^^^
  File "C:\Users\Hp\AppData\Local\Packages\PythonSoftwareFoundation.Python.3.11_qbz5n2kfra8p0\LocalCache\local-packages\Python311\site-packages\django\contrib\admin\sites.py", line 343, in each_context
    "available_apps": self.get_app_list(request),
                      ^^^^^^^^^^^^^^^^^^^^^^^^^^
  File "C:\Users\Hp\AppData\Local\Packages\PythonSoftwareFoundation.Python.3.11_qbz5n2kfra8p0\LocalCache\local-packages\Python311\site-packages\django\contrib\admin\sites.py", line 546, in get_app_list
    app_dict = self._build_app_dict(request, app_label)
               ^^^^^^^^^^^^^^^^^^^^^^^^^^^^^^^^^^^^^^^^
  File "C:\Users\Hp\AppData\Local\Packages\PythonSoftwareFoundation.Python.3.11_qbz5n2kfra8p0\LocalCache\local-packages\Python311\site-packages\django\contrib\admin\sites.py", line 530, in _build_app_dict
    "app_url": reverse(
               ^^^^^^^^
  File "C:\Users\Hp\AppData\Local\Packages\PythonSoftwareFoundation.Python.3.11_qbz5n2kfra8p0\LocalCache\local-packages\Python311\site-packages\django\urls\base.py", line 98, in reverse
    resolved_url = resolver._reverse_with_prefix(view, prefix, *args, **kwargs)
                   ^^^^^^^^^^^^^^^^^^^^^^^^^^^^^^^^^^^^^^^^^^^^^^^^^^^^^^^^^^^^
  File "C:\Users\Hp\AppData\Local\Packages\PythonSoftwareFoundation.Python.3.11_qbz5n2kfra8p0\LocalCache\local-packages\Python311\site-packages\django\urls\resolvers.py", line 831, in _reverse_with_prefix
    raise NoReverseMatch(msg)
django.urls.exceptions.NoReverseMatch: Reverse for 'app_list' with keyword arguments '{'app_label': 'checkout'}' not found. 1 pattern(s) tried: ['admin/(?P<app_label>auth|shop)/$']
ERROR 2026-07-14 19:29:32,419 log 20780 6116 Internal Server Error: /admin/logout/
Traceback (most recent call last):
  File "C:\Users\Hp\AppData\Local\Packages\PythonSoftwareFoundation.Python.3.11_qbz5n2kfra8p0\LocalCache\local-packages\Python311\site-packages\django\core\handlers\exception.py", line 55, in inner
    response = get_response(request)
               ^^^^^^^^^^^^^^^^^^^^^
  File "C:\Users\Hp\AppData\Local\Packages\PythonSoftwareFoundation.Python.3.11_qbz5n2kfra8p0\LocalCache\local-packages\Python311\site-packages\django\core\handlers\base.py", line 197, in _get_response
    response = wrapped_callback(request, *callback_args, **callback_kwargs)
               ^^^^^^^^^^^^^^^^^^^^^^^^^^^^^^^^^^^^^^^^^^^^^^^^^^^^^^^^^^^^
  File "C:\Users\Hp\AppData\Local\Packages\PythonSoftwareFoundation.Python.3.11_qbz5n2kfra8p0\LocalCache\local-packages\Python311\site-packages\django\contrib\admin\sites.py", line 265, in wrapper
    return self.admin_view(view, cacheable)(*args, **kwargs)
           ^^^^^^^^^^^^^^^^^^^^^^^^^^^^^^^^^^^^^^^^^^^^^^^^^
  File "C:\Users\Hp\AppData\Local\Packages\PythonSoftwareFoundation.Python.3.11_qbz5n2kfra8p0\LocalCache\local-packages\Python311\site-packages\django\utils\decorators.py", line 192, in _view_wrapper
    result = _process_exception(request, e)
             ^^^^^^^^^^^^^^^^^^^^^^^^^^^^^^
  File "C:\Users\Hp\AppData\Local\Packages\PythonSoftwareFoundation.Python.3.11_qbz5n2kfra8p0\LocalCache\local-packages\Python311\site-packages\django\utils\decorators.py", line 190, in _view_wrapper
    response = view_func(request, *args, **kwargs)
               ^^^^^^^^^^^^^^^^^^^^^^^^^^^^^^^^^^^
  File "C:\Users\Hp\AppData\Local\Packages\PythonSoftwareFoundation.Python.3.11_qbz5n2kfra8p0\LocalCache\local-packages\Python311\site-packages\django\views\decorators\cache.py", line 80, in _view_wrapper
    response = view_func(request, *args, **kwargs)
               ^^^^^^^^^^^^^^^^^^^^^^^^^^^^^^^^^^^
  File "C:\Users\Hp\AppData\Local\Packages\PythonSoftwareFoundation.Python.3.11_qbz5n2kfra8p0\LocalCache\local-packages\Python311\site-packages\django\contrib\admin\sites.py", line 246, in inner
    return view(request, *args, **kwargs)
           ^^^^^^^^^^^^^^^^^^^^^^^^^^^^^^
  File "C:\Users\Hp\AppData\Local\Packages\PythonSoftwareFoundation.Python.3.11_qbz5n2kfra8p0\LocalCache\local-packages\Python311\site-packages\django\contrib\admin\sites.py", line 400, in logout
    **self.each_context(request),
      ^^^^^^^^^^^^^^^^^^^^^^^^^^
  File "C:\Users\Hp\AppData\Local\Packages\PythonSoftwareFoundation.Python.3.11_qbz5n2kfra8p0\LocalCache\local-packages\Python311\site-packages\django\contrib\admin\sites.py", line 343, in each_context
    "available_apps": self.get_app_list(request),
                      ^^^^^^^^^^^^^^^^^^^^^^^^^^
  File "C:\Users\Hp\AppData\Local\Packages\PythonSoftwareFoundation.Python.3.11_qbz5n2kfra8p0\LocalCache\local-packages\Python311\site-packages\django\contrib\admin\sites.py", line 546, in get_app_list
    app_dict = self._build_app_dict(request, app_label)
               ^^^^^^^^^^^^^^^^^^^^^^^^^^^^^^^^^^^^^^^^
  File "C:\Users\Hp\AppData\Local\Packages\PythonSoftwareFoundation.Python.3.11_qbz5n2kfra8p0\LocalCache\local-packages\Python311\site-packages\django\contrib\admin\sites.py", line 530, in _build_app_dict
    "app_url": reverse(
               ^^^^^^^^
  File "C:\Users\Hp\AppData\Local\Packages\PythonSoftwareFoundation.Python.3.11_qbz5n2kfra8p0\LocalCache\local-packages\Python311\site-packages\django\urls\base.py", line 98, in reverse
    resolved_url = resolver._reverse_with_prefix(view, prefix, *args, **kwargs)
                   ^^^^^^^^^^^^^^^^^^^^^^^^^^^^^^^^^^^^^^^^^^^^^^^^^^^^^^^^^^^^
  File "C:\Users\Hp\AppData\Local\Packages\PythonSoftwareFoundation.Python.3.11_qbz5n2kfra8p0\LocalCache\local-packages\Python311\site-packages\django\urls\resolvers.py", line 831, in _reverse_with_prefix
    raise NoReverseMatch(msg)
django.urls.exceptions.NoReverseMatch: Reverse for 'app_list' with keyword arguments '{'app_label': 'checkout'}' not found. 1 pattern(s) tried: ['admin/(?P<app_label>auth|shop)/$']
ERROR 2026-07-14 19:29:32,424 basehttp 20780 6116 "POST /admin/logout/ HTTP/1.1" 500 141324
ERROR 2026-07-14 19:29:52,326 log 20780 6116 Internal Server Error: /admin/logout/
Traceback (most recent call last):
  File "C:\Users\Hp\AppData\Local\Packages\PythonSoftwareFoundation.Python.3.11_qbz5n2kfra8p0\LocalCache\local-packages\Python311\site-packages\django\core\handlers\exception.py", line 55, in inner
    response = get_response(request)
               ^^^^^^^^^^^^^^^^^^^^^
  File "C:\Users\Hp\AppData\Local\Packages\PythonSoftwareFoundation.Python.3.11_qbz5n2kfra8p0\LocalCache\local-packages\Python311\site-packages\django\core\handlers\base.py", line 197, in _get_response
    response = wrapped_callback(request, *callback_args, **callback_kwargs)
               ^^^^^^^^^^^^^^^^^^^^^^^^^^^^^^^^^^^^^^^^^^^^^^^^^^^^^^^^^^^^
  File "C:\Users\Hp\AppData\Local\Packages\PythonSoftwareFoundation.Python.3.11_qbz5n2kfra8p0\LocalCache\local-packages\Python311\site-packages\django\contrib\admin\sites.py", line 265, in wrapper
    return self.admin_view(view, cacheable)(*args, **kwargs)
           ^^^^^^^^^^^^^^^^^^^^^^^^^^^^^^^^^^^^^^^^^^^^^^^^^
  File "C:\Users\Hp\AppData\Local\Packages\PythonSoftwareFoundation.Python.3.11_qbz5n2kfra8p0\LocalCache\local-packages\Python311\site-packages\django\utils\decorators.py", line 192, in _view_wrapper
    result = _process_exception(request, e)
             ^^^^^^^^^^^^^^^^^^^^^^^^^^^^^^
  File "C:\Users\Hp\AppData\Local\Packages\PythonSoftwareFoundation.Python.3.11_qbz5n2kfra8p0\LocalCache\local-packages\Python311\site-packages\django\utils\decorators.py", line 190, in _view_wrapper
    response = view_func(request, *args, **kwargs)
               ^^^^^^^^^^^^^^^^^^^^^^^^^^^^^^^^^^^
  File "C:\Users\Hp\AppData\Local\Packages\PythonSoftwareFoundation.Python.3.11_qbz5n2kfra8p0\LocalCache\local-packages\Python311\site-packages\django\views\decorators\cache.py", line 80, in _view_wrapper
    response = view_func(request, *args, **kwargs)
               ^^^^^^^^^^^^^^^^^^^^^^^^^^^^^^^^^^^
  File "C:\Users\Hp\AppData\Local\Packages\PythonSoftwareFoundation.Python.3.11_qbz5n2kfra8p0\LocalCache\local-packages\Python311\site-packages\django\contrib\admin\sites.py", line 246, in inner
    return view(request, *args, **kwargs)
           ^^^^^^^^^^^^^^^^^^^^^^^^^^^^^^
  File "C:\Users\Hp\AppData\Local\Packages\PythonSoftwareFoundation.Python.3.11_qbz5n2kfra8p0\LocalCache\local-packages\Python311\site-packages\django\contrib\admin\sites.py", line 400, in logout
    **self.each_context(request),
      ^^^^^^^^^^^^^^^^^^^^^^^^^^
  File "C:\Users\Hp\AppData\Local\Packages\PythonSoftwareFoundation.Python.3.11_qbz5n2kfra8p0\LocalCache\local-packages\Python311\site-packages\django\contrib\admin\sites.py", line 343, in each_context
    "available_apps": self.get_app_list(request),
                      ^^^^^^^^^^^^^^^^^^^^^^^^^^
  File "C:\Users\Hp\AppData\Local\Packages\PythonSoftwareFoundation.Python.3.11_qbz5n2kfra8p0\LocalCache\local-packages\Python311\site-packages\django\contrib\admin\sites.py", line 546, in get_app_list
    app_dict = self._build_app_dict(request, app_label)
               ^^^^^^^^^^^^^^^^^^^^^^^^^^^^^^^^^^^^^^^^
  File "C:\Users\Hp\AppData\Local\Packages\PythonSoftwareFoundation.Python.3.11_qbz5n2kfra8p0\LocalCache\local-packages\Python311\site-packages\django\contrib\admin\sites.py", line 530, in _build_app_dict
    "app_url": reverse(
               ^^^^^^^^
  File "C:\Users\Hp\AppData\Local\Packages\PythonSoftwareFoundation.Python.3.11_qbz5n2kfra8p0\LocalCache\local-packages\Python311\site-packages\django\urls\base.py", line 98, in reverse
    resolved_url = resolver._reverse_with_prefix(view, prefix, *args, **kwargs)
                   ^^^^^^^^^^^^^^^^^^^^^^^^^^^^^^^^^^^^^^^^^^^^^^^^^^^^^^^^^^^^
  File "C:\Users\Hp\AppData\Local\Packages\PythonSoftwareFoundation.Python.3.11_qbz5n2kfra8p0\LocalCache\local-packages\Python311\site-packages\django\urls\resolvers.py", line 831, in _reverse_with_prefix
    raise NoReverseMatch(msg)
django.urls.exceptions.NoReverseMatch: Reverse for 'app_list' with keyword arguments '{'app_label': 'checkout'}' not found. 1 pattern(s) tried: ['admin/(?P<app_label>auth|shop)/$']
ERROR 2026-07-14 19:29:52,326 log 20780 6116 Internal Server Error: /admin/logout/
Traceback (most recent call last):
  File "C:\Users\Hp\AppData\Local\Packages\PythonSoftwareFoundation.Python.3.11_qbz5n2kfra8p0\LocalCache\local-packages\Python311\site-packages\django\core\handlers\exception.py", line 55, in inner
    response = get_response(request)
               ^^^^^^^^^^^^^^^^^^^^^
  File "C:\Users\Hp\AppData\Local\Packages\PythonSoftwareFoundation.Python.3.11_qbz5n2kfra8p0\LocalCache\local-packages\Python311\site-packages\django\core\handlers\base.py", line 197, in _get_response
    response = wrapped_callback(request, *callback_args, **callback_kwargs)
               ^^^^^^^^^^^^^^^^^^^^^^^^^^^^^^^^^^^^^^^^^^^^^^^^^^^^^^^^^^^^
  File "C:\Users\Hp\AppData\Local\Packages\PythonSoftwareFoundation.Python.3.11_qbz5n2kfra8p0\LocalCache\local-packages\Python311\site-packages\django\contrib\admin\sites.py", line 265, in wrapper
    return self.admin_view(view, cacheable)(*args, **kwargs)
           ^^^^^^^^^^^^^^^^^^^^^^^^^^^^^^^^^^^^^^^^^^^^^^^^^
  File "C:\Users\Hp\AppData\Local\Packages\PythonSoftwareFoundation.Python.3.11_qbz5n2kfra8p0\LocalCache\local-packages\Python311\site-packages\django\utils\decorators.py", line 192, in _view_wrapper
    result = _process_exception(request, e)
             ^^^^^^^^^^^^^^^^^^^^^^^^^^^^^^
  File "C:\Users\Hp\AppData\Local\Packages\PythonSoftwareFoundation.Python.3.11_qbz5n2kfra8p0\LocalCache\local-packages\Python311\site-packages\django\utils\decorators.py", line 190, in _view_wrapper
    response = view_func(request, *args, **kwargs)
               ^^^^^^^^^^^^^^^^^^^^^^^^^^^^^^^^^^^
  File "C:\Users\Hp\AppData\Local\Packages\PythonSoftwareFoundation.Python.3.11_qbz5n2kfra8p0\LocalCache\local-packages\Python311\site-packages\django\views\decorators\cache.py", line 80, in _view_wrapper
    response = view_func(request, *args, **kwargs)
               ^^^^^^^^^^^^^^^^^^^^^^^^^^^^^^^^^^^
  File "C:\Users\Hp\AppData\Local\Packages\PythonSoftwareFoundation.Python.3.11_qbz5n2kfra8p0\LocalCache\local-packages\Python311\site-packages\django\contrib\admin\sites.py", line 246, in inner
    return view(request, *args, **kwargs)
           ^^^^^^^^^^^^^^^^^^^^^^^^^^^^^^
  File "C:\Users\Hp\AppData\Local\Packages\PythonSoftwareFoundation.Python.3.11_qbz5n2kfra8p0\LocalCache\local-packages\Python311\site-packages\django\contrib\admin\sites.py", line 400, in logout
    **self.each_context(request),
      ^^^^^^^^^^^^^^^^^^^^^^^^^^
  File "C:\Users\Hp\AppData\Local\Packages\PythonSoftwareFoundation.Python.3.11_qbz5n2kfra8p0\LocalCache\local-packages\Python311\site-packages\django\contrib\admin\sites.py", line 343, in each_context
    "available_apps": self.get_app_list(request),
                      ^^^^^^^^^^^^^^^^^^^^^^^^^^
  File "C:\Users\Hp\AppData\Local\Packages\PythonSoftwareFoundation.Python.3.11_qbz5n2kfra8p0\LocalCache\local-packages\Python311\site-packages\django\contrib\admin\sites.py", line 546, in get_app_list
    app_dict = self._build_app_dict(request, app_label)
               ^^^^^^^^^^^^^^^^^^^^^^^^^^^^^^^^^^^^^^^^
  File "C:\Users\Hp\AppData\Local\Packages\PythonSoftwareFoundation.Python.3.11_qbz5n2kfra8p0\LocalCache\local-packages\Python311\site-packages\django\contrib\admin\sites.py", line 530, in _build_app_dict
    "app_url": reverse(
               ^^^^^^^^
  File "C:\Users\Hp\AppData\Local\Packages\PythonSoftwareFoundation.Python.3.11_qbz5n2kfra8p0\LocalCache\local-packages\Python311\site-packages\django\urls\base.py", line 98, in reverse
    resolved_url = resolver._reverse_with_prefix(view, prefix, *args, **kwargs)
                   ^^^^^^^^^^^^^^^^^^^^^^^^^^^^^^^^^^^^^^^^^^^^^^^^^^^^^^^^^^^^
  File "C:\Users\Hp\AppData\Local\Packages\PythonSoftwareFoundation.Python.3.11_qbz5n2kfra8p0\LocalCache\local-packages\Python311\site-packages\django\urls\resolvers.py", line 831, in _reverse_with_prefix
    raise NoReverseMatch(msg)
django.urls.exceptions.NoReverseMatch: Reverse for 'app_list' with keyword arguments '{'app_label': 'checkout'}' not found. 1 pattern(s) tried: ['admin/(?P<app_label>auth|shop)/$']
ERROR 2026-07-14 19:29:52,330 basehttp 20780 6116 "POST /admin/logout/ HTTP/1.1" 500 141324
INFO 2026-07-14 19:29:58,489 basehttp 20780 6116 "GET / HTTP/1.1" 200 99011
ERROR 2026-07-14 19:30:19,208 log 20780 6116 Internal Server Error: /admin/
Traceback (most recent call last):
  File "C:\Users\Hp\AppData\Local\Packages\PythonSoftwareFoundation.Python.3.11_qbz5n2kfra8p0\LocalCache\local-packages\Python311\site-packages\django\core\handlers\exception.py", line 55, in inner
    response = get_response(request)
               ^^^^^^^^^^^^^^^^^^^^^
  File "C:\Users\Hp\AppData\Local\Packages\PythonSoftwareFoundation.Python.3.11_qbz5n2kfra8p0\LocalCache\local-packages\Python311\site-packages\django\core\handlers\base.py", line 197, in _get_response
    response = wrapped_callback(request, *callback_args, **callback_kwargs)
               ^^^^^^^^^^^^^^^^^^^^^^^^^^^^^^^^^^^^^^^^^^^^^^^^^^^^^^^^^^^^
  File "C:\Users\Hp\AppData\Local\Packages\PythonSoftwareFoundation.Python.3.11_qbz5n2kfra8p0\LocalCache\local-packages\Python311\site-packages\django\contrib\admin\sites.py", line 265, in wrapper
    return self.admin_view(view, cacheable)(*args, **kwargs)
           ^^^^^^^^^^^^^^^^^^^^^^^^^^^^^^^^^^^^^^^^^^^^^^^^^
  File "C:\Users\Hp\AppData\Local\Packages\PythonSoftwareFoundation.Python.3.11_qbz5n2kfra8p0\LocalCache\local-packages\Python311\site-packages\django\utils\decorators.py", line 192, in _view_wrapper
    result = _process_exception(request, e)
             ^^^^^^^^^^^^^^^^^^^^^^^^^^^^^^
  File "C:\Users\Hp\AppData\Local\Packages\PythonSoftwareFoundation.Python.3.11_qbz5n2kfra8p0\LocalCache\local-packages\Python311\site-packages\django\utils\decorators.py", line 190, in _view_wrapper
    response = view_func(request, *args, **kwargs)
               ^^^^^^^^^^^^^^^^^^^^^^^^^^^^^^^^^^^
  File "C:\Users\Hp\AppData\Local\Packages\PythonSoftwareFoundation.Python.3.11_qbz5n2kfra8p0\LocalCache\local-packages\Python311\site-packages\django\views\decorators\cache.py", line 80, in _view_wrapper
    response = view_func(request, *args, **kwargs)
               ^^^^^^^^^^^^^^^^^^^^^^^^^^^^^^^^^^^
  File "C:\Users\Hp\AppData\Local\Packages\PythonSoftwareFoundation.Python.3.11_qbz5n2kfra8p0\LocalCache\local-packages\Python311\site-packages\django\contrib\admin\sites.py", line 246, in inner
    return view(request, *args, **kwargs)
           ^^^^^^^^^^^^^^^^^^^^^^^^^^^^^^
  File "C:\Users\Hp\AppData\Local\Packages\PythonSoftwareFoundation.Python.3.11_qbz5n2kfra8p0\LocalCache\local-packages\Python311\site-packages\django\contrib\admin\sites.py", line 562, in index
    app_list = self.get_app_list(request)
               ^^^^^^^^^^^^^^^^^^^^^^^^^^
  File "C:\Users\Hp\AppData\Local\Packages\PythonSoftwareFoundation.Python.3.11_qbz5n2kfra8p0\LocalCache\local-packages\Python311\site-packages\django\contrib\admin\sites.py", line 546, in get_app_list
    app_dict = self._build_app_dict(request, app_label)
               ^^^^^^^^^^^^^^^^^^^^^^^^^^^^^^^^^^^^^^^^
  File "C:\Users\Hp\AppData\Local\Packages\PythonSoftwareFoundation.Python.3.11_qbz5n2kfra8p0\LocalCache\local-packages\Python311\site-packages\django\contrib\admin\sites.py", line 530, in _build_app_dict
    "app_url": reverse(
               ^^^^^^^^
  File "C:\Users\Hp\AppData\Local\Packages\PythonSoftwareFoundation.Python.3.11_qbz5n2kfra8p0\LocalCache\local-packages\Python311\site-packages\django\urls\base.py", line 98, in reverse
    resolved_url = resolver._reverse_with_prefix(view, prefix, *args, **kwargs)
                   ^^^^^^^^^^^^^^^^^^^^^^^^^^^^^^^^^^^^^^^^^^^^^^^^^^^^^^^^^^^^
  File "C:\Users\Hp\AppData\Local\Packages\PythonSoftwareFoundation.Python.3.11_qbz5n2kfra8p0\LocalCache\local-packages\Python311\site-packages\django\urls\resolvers.py", line 831, in _reverse_with_prefix
    raise NoReverseMatch(msg)
django.urls.exceptions.NoReverseMatch: Reverse for 'app_list' with keyword arguments '{'app_label': 'checkout'}' not found. 1 pattern(s) tried: ['admin/(?P<app_label>auth|shop)/$']
ERROR 2026-07-14 19:30:19,208 log 20780 6116 Internal Server Error: /admin/
Traceback (most recent call last):
  File "C:\Users\Hp\AppData\Local\Packages\PythonSoftwareFoundation.Python.3.11_qbz5n2kfra8p0\LocalCache\local-packages\Python311\site-packages\django\core\handlers\exception.py", line 55, in inner
    response = get_response(request)
               ^^^^^^^^^^^^^^^^^^^^^
  File "C:\Users\Hp\AppData\Local\Packages\PythonSoftwareFoundation.Python.3.11_qbz5n2kfra8p0\LocalCache\local-packages\Python311\site-packages\django\core\handlers\base.py", line 197, in _get_response
    response = wrapped_callback(request, *callback_args, **callback_kwargs)
               ^^^^^^^^^^^^^^^^^^^^^^^^^^^^^^^^^^^^^^^^^^^^^^^^^^^^^^^^^^^^
  File "C:\Users\Hp\AppData\Local\Packages\PythonSoftwareFoundation.Python.3.11_qbz5n2kfra8p0\LocalCache\local-packages\Python311\site-packages\django\contrib\admin\sites.py", line 265, in wrapper
    return self.admin_view(view, cacheable)(*args, **kwargs)
           ^^^^^^^^^^^^^^^^^^^^^^^^^^^^^^^^^^^^^^^^^^^^^^^^^
  File "C:\Users\Hp\AppData\Local\Packages\PythonSoftwareFoundation.Python.3.11_qbz5n2kfra8p0\LocalCache\local-packages\Python311\site-packages\django\utils\decorators.py", line 192, in _view_wrapper
    result = _process_exception(request, e)
             ^^^^^^^^^^^^^^^^^^^^^^^^^^^^^^
  File "C:\Users\Hp\AppData\Local\Packages\PythonSoftwareFoundation.Python.3.11_qbz5n2kfra8p0\LocalCache\local-packages\Python311\site-packages\django\utils\decorators.py", line 190, in _view_wrapper
    response = view_func(request, *args, **kwargs)
               ^^^^^^^^^^^^^^^^^^^^^^^^^^^^^^^^^^^
  File "C:\Users\Hp\AppData\Local\Packages\PythonSoftwareFoundation.Python.3.11_qbz5n2kfra8p0\LocalCache\local-packages\Python311\site-packages\django\views\decorators\cache.py", line 80, in _view_wrapper
    response = view_func(request, *args, **kwargs)
               ^^^^^^^^^^^^^^^^^^^^^^^^^^^^^^^^^^^
  File "C:\Users\Hp\AppData\Local\Packages\PythonSoftwareFoundation.Python.3.11_qbz5n2kfra8p0\LocalCache\local-packages\Python311\site-packages\django\contrib\admin\sites.py", line 246, in inner
    return view(request, *args, **kwargs)
           ^^^^^^^^^^^^^^^^^^^^^^^^^^^^^^
  File "C:\Users\Hp\AppData\Local\Packages\PythonSoftwareFoundation.Python.3.11_qbz5n2kfra8p0\LocalCache\local-packages\Python311\site-packages\django\contrib\admin\sites.py", line 562, in index
    app_list = self.get_app_list(request)
               ^^^^^^^^^^^^^^^^^^^^^^^^^^
  File "C:\Users\Hp\AppData\Local\Packages\PythonSoftwareFoundation.Python.3.11_qbz5n2kfra8p0\LocalCache\local-packages\Python311\site-packages\django\contrib\admin\sites.py", line 546, in get_app_list
    app_dict = self._build_app_dict(request, app_label)
               ^^^^^^^^^^^^^^^^^^^^^^^^^^^^^^^^^^^^^^^^
  File "C:\Users\Hp\AppData\Local\Packages\PythonSoftwareFoundation.Python.3.11_qbz5n2kfra8p0\LocalCache\local-packages\Python311\site-packages\django\contrib\admin\sites.py", line 530, in _build_app_dict
    "app_url": reverse(
               ^^^^^^^^
  File "C:\Users\Hp\AppData\Local\Packages\PythonSoftwareFoundation.Python.3.11_qbz5n2kfra8p0\LocalCache\local-packages\Python311\site-packages\django\urls\base.py", line 98, in reverse
    resolved_url = resolver._reverse_with_prefix(view, prefix, *args, **kwargs)
                   ^^^^^^^^^^^^^^^^^^^^^^^^^^^^^^^^^^^^^^^^^^^^^^^^^^^^^^^^^^^^
  File "C:\Users\Hp\AppData\Local\Packages\PythonSoftwareFoundation.Python.3.11_qbz5n2kfra8p0\LocalCache\local-packages\Python311\site-packages\django\urls\resolvers.py", line 831, in _reverse_with_prefix
    raise NoReverseMatch(msg)
django.urls.exceptions.NoReverseMatch: Reverse for 'app_list' with keyword arguments '{'app_label': 'checkout'}' not found. 1 pattern(s) tried: ['admin/(?P<app_label>auth|shop)/$']
ERROR 2026-07-14 19:30:19,220 basehttp 20780 6116 "GET /admin/ HTTP/1.1" 500 135663
INFO 2026-07-14 19:30:25,780 basehttp 20780 6116 "GET /admin/reports/ HTTP/1.1" 200 7017
INFO 2026-07-14 19:30:51,515 basehttp 20780 6116 "GET /admin HTTP/1.1" 301 0
ERROR 2026-07-14 19:30:51,619 log 20780 18184 Internal Server Error: /admin/
Traceback (most recent call last):
  File "C:\Users\Hp\AppData\Local\Packages\PythonSoftwareFoundation.Python.3.11_qbz5n2kfra8p0\LocalCache\local-packages\Python311\site-packages\django\core\handlers\exception.py", line 55, in inner
    response = get_response(request)
               ^^^^^^^^^^^^^^^^^^^^^
  File "C:\Users\Hp\AppData\Local\Packages\PythonSoftwareFoundation.Python.3.11_qbz5n2kfra8p0\LocalCache\local-packages\Python311\site-packages\django\core\handlers\base.py", line 197, in _get_response
    response = wrapped_callback(request, *callback_args, **callback_kwargs)
               ^^^^^^^^^^^^^^^^^^^^^^^^^^^^^^^^^^^^^^^^^^^^^^^^^^^^^^^^^^^^
  File "C:\Users\Hp\AppData\Local\Packages\PythonSoftwareFoundation.Python.3.11_qbz5n2kfra8p0\LocalCache\local-packages\Python311\site-packages\django\contrib\admin\sites.py", line 265, in wrapper
    return self.admin_view(view, cacheable)(*args, **kwargs)
           ^^^^^^^^^^^^^^^^^^^^^^^^^^^^^^^^^^^^^^^^^^^^^^^^^
  File "C:\Users\Hp\AppData\Local\Packages\PythonSoftwareFoundation.Python.3.11_qbz5n2kfra8p0\LocalCache\local-packages\Python311\site-packages\django\utils\decorators.py", line 192, in _view_wrapper
    result = _process_exception(request, e)
             ^^^^^^^^^^^^^^^^^^^^^^^^^^^^^^
  File "C:\Users\Hp\AppData\Local\Packages\PythonSoftwareFoundation.Python.3.11_qbz5n2kfra8p0\LocalCache\local-packages\Python311\site-packages\django\utils\decorators.py", line 190, in _view_wrapper
    response = view_func(request, *args, **kwargs)
               ^^^^^^^^^^^^^^^^^^^^^^^^^^^^^^^^^^^
  File "C:\Users\Hp\AppData\Local\Packages\PythonSoftwareFoundation.Python.3.11_qbz5n2kfra8p0\LocalCache\local-packages\Python311\site-packages\django\views\decorators\cache.py", line 80, in _view_wrapper
    response = view_func(request, *args, **kwargs)
               ^^^^^^^^^^^^^^^^^^^^^^^^^^^^^^^^^^^
  File "C:\Users\Hp\AppData\Local\Packages\PythonSoftwareFoundation.Python.3.11_qbz5n2kfra8p0\LocalCache\local-packages\Python311\site-packages\django\contrib\admin\sites.py", line 246, in inner
    return view(request, *args, **kwargs)
           ^^^^^^^^^^^^^^^^^^^^^^^^^^^^^^
  File "C:\Users\Hp\AppData\Local\Packages\PythonSoftwareFoundation.Python.3.11_qbz5n2kfra8p0\LocalCache\local-packages\Python311\site-packages\django\contrib\admin\sites.py", line 562, in index
    app_list = self.get_app_list(request)
               ^^^^^^^^^^^^^^^^^^^^^^^^^^
  File "C:\Users\Hp\AppData\Local\Packages\PythonSoftwareFoundation.Python.3.11_qbz5n2kfra8p0\LocalCache\local-packages\Python311\site-packages\django\contrib\admin\sites.py", line 546, in get_app_list
    app_dict = self._build_app_dict(request, app_label)
               ^^^^^^^^^^^^^^^^^^^^^^^^^^^^^^^^^^^^^^^^
  File "C:\Users\Hp\AppData\Local\Packages\PythonSoftwareFoundation.Python.3.11_qbz5n2kfra8p0\LocalCache\local-packages\Python311\site-packages\django\contrib\admin\sites.py", line 530, in _build_app_dict
    "app_url": reverse(
               ^^^^^^^^
  File "C:\Users\Hp\AppData\Local\Packages\PythonSoftwareFoundation.Python.3.11_qbz5n2kfra8p0\LocalCache\local-packages\Python311\site-packages\django\urls\base.py", line 98, in reverse
    resolved_url = resolver._reverse_with_prefix(view, prefix, *args, **kwargs)
                   ^^^^^^^^^^^^^^^^^^^^^^^^^^^^^^^^^^^^^^^^^^^^^^^^^^^^^^^^^^^^
  File "C:\Users\Hp\AppData\Local\Packages\PythonSoftwareFoundation.Python.3.11_qbz5n2kfra8p0\LocalCache\local-packages\Python311\site-packages\django\urls\resolvers.py", line 831, in _reverse_with_prefix
    raise NoReverseMatch(msg)
django.urls.exceptions.NoReverseMatch: Reverse for 'app_list' with keyword arguments '{'app_label': 'checkout'}' not found. 1 pattern(s) tried: ['admin/(?P<app_label>auth|shop)/$']
ERROR 2026-07-14 19:30:51,619 log 20780 18184 Internal Server Error: /admin/
Traceback (most recent call last):
  File "C:\Users\Hp\AppData\Local\Packages\PythonSoftwareFoundation.Python.3.11_qbz5n2kfra8p0\LocalCache\local-packages\Python311\site-packages\django\core\handlers\exception.py", line 55, in inner
    response = get_response(request)
               ^^^^^^^^^^^^^^^^^^^^^
  File "C:\Users\Hp\AppData\Local\Packages\PythonSoftwareFoundation.Python.3.11_qbz5n2kfra8p0\LocalCache\local-packages\Python311\site-packages\django\core\handlers\base.py", line 197, in _get_response
    response = wrapped_callback(request, *callback_args, **callback_kwargs)
               ^^^^^^^^^^^^^^^^^^^^^^^^^^^^^^^^^^^^^^^^^^^^^^^^^^^^^^^^^^^^
  File "C:\Users\Hp\AppData\Local\Packages\PythonSoftwareFoundation.Python.3.11_qbz5n2kfra8p0\LocalCache\local-packages\Python311\site-packages\django\contrib\admin\sites.py", line 265, in wrapper
    return self.admin_view(view, cacheable)(*args, **kwargs)
           ^^^^^^^^^^^^^^^^^^^^^^^^^^^^^^^^^^^^^^^^^^^^^^^^^
  File "C:\Users\Hp\AppData\Local\Packages\PythonSoftwareFoundation.Python.3.11_qbz5n2kfra8p0\LocalCache\local-packages\Python311\site-packages\django\utils\decorators.py", line 192, in _view_wrapper
    result = _process_exception(request, e)
             ^^^^^^^^^^^^^^^^^^^^^^^^^^^^^^
  File "C:\Users\Hp\AppData\Local\Packages\PythonSoftwareFoundation.Python.3.11_qbz5n2kfra8p0\LocalCache\local-packages\Python311\site-packages\django\utils\decorators.py", line 190, in _view_wrapper
    response = view_func(request, *args, **kwargs)
               ^^^^^^^^^^^^^^^^^^^^^^^^^^^^^^^^^^^
  File "C:\Users\Hp\AppData\Local\Packages\PythonSoftwareFoundation.Python.3.11_qbz5n2kfra8p0\LocalCache\local-packages\Python311\site-packages\django\views\decorators\cache.py", line 80, in _view_wrapper
    response = view_func(request, *args, **kwargs)
               ^^^^^^^^^^^^^^^^^^^^^^^^^^^^^^^^^^^
  File "C:\Users\Hp\AppData\Local\Packages\PythonSoftwareFoundation.Python.3.11_qbz5n2kfra8p0\LocalCache\local-packages\Python311\site-packages\django\contrib\admin\sites.py", line 246, in inner
    return view(request, *args, **kwargs)
           ^^^^^^^^^^^^^^^^^^^^^^^^^^^^^^
  File "C:\Users\Hp\AppData\Local\Packages\PythonSoftwareFoundation.Python.3.11_qbz5n2kfra8p0\LocalCache\local-packages\Python311\site-packages\django\contrib\admin\sites.py", line 562, in index
    app_list = self.get_app_list(request)
               ^^^^^^^^^^^^^^^^^^^^^^^^^^
  File "C:\Users\Hp\AppData\Local\Packages\PythonSoftwareFoundation.Python.3.11_qbz5n2kfra8p0\LocalCache\local-packages\Python311\site-packages\django\contrib\admin\sites.py", line 546, in get_app_list
    app_dict = self._build_app_dict(request, app_label)
               ^^^^^^^^^^^^^^^^^^^^^^^^^^^^^^^^^^^^^^^^
  File "C:\Users\Hp\AppData\Local\Packages\PythonSoftwareFoundation.Python.3.11_qbz5n2kfra8p0\LocalCache\local-packages\Python311\site-packages\django\contrib\admin\sites.py", line 530, in _build_app_dict
    "app_url": reverse(
               ^^^^^^^^
  File "C:\Users\Hp\AppData\Local\Packages\PythonSoftwareFoundation.Python.3.11_qbz5n2kfra8p0\LocalCache\local-packages\Python311\site-packages\django\urls\base.py", line 98, in reverse
    resolved_url = resolver._reverse_with_prefix(view, prefix, *args, **kwargs)
                   ^^^^^^^^^^^^^^^^^^^^^^^^^^^^^^^^^^^^^^^^^^^^^^^^^^^^^^^^^^^^
  File "C:\Users\Hp\AppData\Local\Packages\PythonSoftwareFoundation.Python.3.11_qbz5n2kfra8p0\LocalCache\local-packages\Python311\site-packages\django\urls\resolvers.py", line 831, in _reverse_with_prefix
    raise NoReverseMatch(msg)
django.urls.exceptions.NoReverseMatch: Reverse for 'app_list' with keyword arguments '{'app_label': 'checkout'}' not found. 1 pattern(s) tried: ['admin/(?P<app_label>auth|shop)/$']
ERROR 2026-07-14 19:30:51,623 basehttp 20780 18184 "GET /admin/ HTTP/1.1" 500 135512
INFO 2026-07-14 19:31:24,421 autoreload 20780 11292 C:\Users\Hp\Desktop\ORAIMOTECH\shop\admin.py changed, reloading.
INFO 2026-07-14 19:31:26,034 autoreload 23696 12336 Watching for file changes with StatReloader
INFO 2026-07-14 19:36:02,593 autoreload 23696 12336 C:\Users\Hp\Desktop\ORAIMOTECH\shop\admin.py changed, reloading.
INFO 2026-07-14 19:36:04,227 autoreload 13604 27204 Watching for file changes with StatReloader
INFO 2026-07-14 19:37:16,769 autoreload 13604 27204 C:\Users\Hp\Desktop\ORAIMOTECH\shop\admin.py changed, reloading.
INFO 2026-07-14 19:37:18,142 autoreload 24540 17844 Watching for file changes with StatReloader
INFO 2026-07-14 19:37:27,255 basehttp 24540 20896 "GET /admin/login/?next=/admin/ HTTP/1.1" 302 0
INFO 2026-07-14 19:37:27,333 basehttp 24540 20896 "GET /admin/ HTTP/1.1" 200 4523
INFO 2026-07-14 19:37:32,104 basehttp 24540 20896 "GET /admin/ HTTP/1.1" 200 4523
INFO 2026-07-14 19:37:40,560 basehttp 24540 20896 "GET /admin/ HTTP/1.1" 200 4523
INFO 2026-07-14 19:37:43,587 basehttp 24540 20896 "POST /admin/logout/ HTTP/1.1" 200 3572
INFO 2026-07-14 19:37:46,305 basehttp 24540 20896 "GET /admin/ HTTP/1.1" 302 0
INFO 2026-07-14 19:37:46,334 basehttp 24540 20896 "GET /admin/login/?next=/admin/ HTTP/1.1" 200 4177
INFO 2026-07-14 19:37:48,587 basehttp 24540 20896 "POST /admin/login/?next=/admin/ HTTP/1.1" 302 0
INFO 2026-07-14 19:37:48,606 basehttp 24540 20896 "GET /admin/ HTTP/1.1" 200 4523
INFO 2026-07-14 19:39:44,027 basehttp 24540 20896 "POST /admin/logout/ HTTP/1.1" 200 3572
INFO 2026-07-14 19:39:45,894 basehttp 24540 20896 "GET /admin/ HTTP/1.1" 302 0
INFO 2026-07-14 19:39:45,908 basehttp 24540 20896 "GET /admin/login/?next=/admin/ HTTP/1.1" 200 4177
INFO 2026-07-14 19:39:51,544 basehttp 24540 20896 "POST /admin/login/?next=/admin/ HTTP/1.1" 302 0
INFO 2026-07-14 19:39:51,562 basehttp 24540 20896 "GET /admin/ HTTP/1.1" 200 4520
INFO 2026-07-14 19:40:24,099 autoreload 24540 17844 C:\Users\Hp\Desktop\ORAIMOTECH\shop\admin.py changed, reloading.
INFO 2026-07-14 19:40:25,267 autoreload 26252 7008 Watching for file changes with StatReloader
INFO 2026-07-14 19:41:53,414 autoreload 26252 7008 C:\Users\Hp\Desktop\ORAIMOTECH\shop\admin.py changed, reloading.
INFO 2026-07-14 19:41:54,563 autoreload 24516 26352 Watching for file changes with StatReloader
INFO 2026-07-14 19:42:12,007 autoreload 24516 26352 C:\Users\Hp\Desktop\ORAIMOTECH\checkout\admin.py changed, reloading.
INFO 2026-07-14 19:42:13,605 autoreload 26036 10760 Watching for file changes with StatReloader
INFO 2026-07-14 19:42:22,627 autoreload 26036 10760 C:\Users\Hp\Desktop\ORAIMOTECH\core\urls.py changed, reloading.
INFO 2026-07-14 19:42:24,014 autoreload 25192 2124 Watching for file changes with StatReloader
INFO 2026-07-14 19:42:35,135 autoreload 25192 2124 C:\Users\Hp\Desktop\ORAIMOTECH\shop\views.py changed, reloading.
INFO 2026-07-14 19:42:36,133 autoreload 8908 23924 Watching for file changes with StatReloader
INFO 2026-07-14 19:42:38,565 autoreload 8908 23924 C:\Users\Hp\Desktop\ORAIMOTECH\shop\views.py changed, reloading.
INFO 2026-07-14 19:42:39,617 autoreload 17884 13696 Watching for file changes with StatReloader
INFO 2026-07-14 19:43:23,352 autoreload 17884 13696 C:\Users\Hp\Desktop\ORAIMOTECH\shop\views.py changed, reloading.
INFO 2026-07-14 19:43:24,585 autoreload 10548 19800 Watching for file changes with StatReloader
INFO 2026-07-14 19:43:29,737 basehttp 10548 16052 "GET /admin/ HTTP/1.1" 200 9432
INFO 2026-07-14 19:43:36,909 basehttp 10548 16052 "GET / HTTP/1.1" 200 99011
INFO 2026-07-14 21:06:56,427 basehttp 10548 20812 "GET /admin/ HTTP/1.1" 200 9432
INFO 2026-07-14 21:07:01,549 basehttp 10548 20812 "GET / HTTP/1.1" 200 99011
INFO 2026-07-14 21:08:30,664 basehttp 10548 20812 "GET /admin/ HTTP/1.1" 200 9432
ERROR 2026-07-14 21:14:43,517 log 10548 7428 Internal Server Error: /
Traceback (most recent call last):
  File "C:\Users\Hp\AppData\Local\Packages\PythonSoftwareFoundation.Python.3.11_qbz5n2kfra8p0\LocalCache\local-packages\Python311\site-packages\django\core\handlers\exception.py", line 55, in inner
    response = get_response(request)
               ^^^^^^^^^^^^^^^^^^^^^
  File "C:\Users\Hp\AppData\Local\Packages\PythonSoftwareFoundation.Python.3.11_qbz5n2kfra8p0\LocalCache\local-packages\Python311\site-packages\django\core\handlers\base.py", line 197, in _get_response
    response = wrapped_callback(request, *callback_args, **callback_kwargs)
               ^^^^^^^^^^^^^^^^^^^^^^^^^^^^^^^^^^^^^^^^^^^^^^^^^^^^^^^^^^^^
  File "C:\Users\Hp\Desktop\ORAIMOTECH\shop\views.py", line 35, in home_page
    return render(request, 'shop/home.html', context)
           ^^^^^^^^^^^^^^^^^^^^^^^^^^^^^^^^^^^^^^^^^^
  File "C:\Users\Hp\AppData\Local\Packages\PythonSoftwareFoundation.Python.3.11_qbz5n2kfra8p0\LocalCache\local-packages\Python311\site-packages\django\shortcuts.py", line 25, in render
    content = loader.render_to_string(template_name, context, request, using=using)
              ^^^^^^^^^^^^^^^^^^^^^^^^^^^^^^^^^^^^^^^^^^^^^^^^^^^^^^^^^^^^^^^^^^^^^
  File "C:\Users\Hp\AppData\Local\Packages\PythonSoftwareFoundation.Python.3.11_qbz5n2kfra8p0\LocalCache\local-packages\Python311\site-packages\django\template\loader.py", line 62, in render_to_string
    return template.render(context, request)
           ^^^^^^^^^^^^^^^^^^^^^^^^^^^^^^^^^
  File "C:\Users\Hp\AppData\Local\Packages\PythonSoftwareFoundation.Python.3.11_qbz5n2kfra8p0\LocalCache\local-packages\Python311\site-packages\django\template\backends\django.py", line 107, in render
    return self.template.render(context)
           ^^^^^^^^^^^^^^^^^^^^^^^^^^^^^
  File "C:\Users\Hp\AppData\Local\Packages\PythonSoftwareFoundation.Python.3.11_qbz5n2kfra8p0\LocalCache\local-packages\Python311\site-packages\django\template\base.py", line 172, in render
    return self._render(context)
           ^^^^^^^^^^^^^^^^^^^^^
  File "C:\Users\Hp\AppData\Local\Packages\PythonSoftwareFoundation.Python.3.11_qbz5n2kfra8p0\LocalCache\local-packages\Python311\site-packages\django\template\base.py", line 164, in _render
    return self.nodelist.render(context)
           ^^^^^^^^^^^^^^^^^^^^^^^^^^^^^
  File "C:\Users\Hp\AppData\Local\Packages\PythonSoftwareFoundation.Python.3.11_qbz5n2kfra8p0\LocalCache\local-packages\Python311\site-packages\django\template\base.py", line 1018, in render
    return SafeString("".join([node.render_annotated(context) for node in self]))
                              ^^^^^^^^^^^^^^^^^^^^^^^^^^^^^^^^^^^^^^^^^^^^^^^^^
  File "C:\Users\Hp\AppData\Local\Packages\PythonSoftwareFoundation.Python.3.11_qbz5n2kfra8p0\LocalCache\local-packages\Python311\site-packages\django\template\base.py", line 1018, in <listcomp>
    return SafeString("".join([node.render_annotated(context) for node in self]))
                               ^^^^^^^^^^^^^^^^^^^^^^^^^^^^^^
  File "C:\Users\Hp\AppData\Local\Packages\PythonSoftwareFoundation.Python.3.11_qbz5n2kfra8p0\LocalCache\local-packages\Python311\site-packages\django\template\base.py", line 979, in render_annotated
    return self.render(context)
           ^^^^^^^^^^^^^^^^^^^^
  File "C:\Users\Hp\AppData\Local\Packages\PythonSoftwareFoundation.Python.3.11_qbz5n2kfra8p0\LocalCache\local-packages\Python311\site-packages\django\template\loader_tags.py", line 159, in render
    return compiled_parent._render(context)
           ^^^^^^^^^^^^^^^^^^^^^^^^^^^^^^^^
  File "C:\Users\Hp\AppData\Local\Packages\PythonSoftwareFoundation.Python.3.11_qbz5n2kfra8p0\LocalCache\local-packages\Python311\site-packages\django\template\base.py", line 164, in _render
    return self.nodelist.render(context)
           ^^^^^^^^^^^^^^^^^^^^^^^^^^^^^
  File "C:\Users\Hp\AppData\Local\Packages\PythonSoftwareFoundation.Python.3.11_qbz5n2kfra8p0\LocalCache\local-packages\Python311\site-packages\django\template\base.py", line 1018, in render
    return SafeString("".join([node.render_annotated(context) for node in self]))
                              ^^^^^^^^^^^^^^^^^^^^^^^^^^^^^^^^^^^^^^^^^^^^^^^^^
  File "C:\Users\Hp\AppData\Local\Packages\PythonSoftwareFoundation.Python.3.11_qbz5n2kfra8p0\LocalCache\local-packages\Python311\site-packages\django\template\base.py", line 1018, in <listcomp>
    return SafeString("".join([node.render_annotated(context) for node in self]))
                               ^^^^^^^^^^^^^^^^^^^^^^^^^^^^^^
  File "C:\Users\Hp\AppData\Local\Packages\PythonSoftwareFoundation.Python.3.11_qbz5n2kfra8p0\LocalCache\local-packages\Python311\site-packages\django\template\base.py", line 979, in render_annotated
    return self.render(context)
           ^^^^^^^^^^^^^^^^^^^^
  File "C:\Users\Hp\AppData\Local\Packages\PythonSoftwareFoundation.Python.3.11_qbz5n2kfra8p0\LocalCache\local-packages\Python311\site-packages\django\template\defaulttags.py", line 480, in render
    url = reverse(view_name, args=args, kwargs=kwargs, current_app=current_app)
          ^^^^^^^^^^^^^^^^^^^^^^^^^^^^^^^^^^^^^^^^^^^^^^^^^^^^^^^^^^^^^^^^^^^^^
  File "C:\Users\Hp\AppData\Local\Packages\PythonSoftwareFoundation.Python.3.11_qbz5n2kfra8p0\LocalCache\local-packages\Python311\site-packages\django\urls\base.py", line 98, in reverse
    resolved_url = resolver._reverse_with_prefix(view, prefix, *args, **kwargs)
                   ^^^^^^^^^^^^^^^^^^^^^^^^^^^^^^^^^^^^^^^^^^^^^^^^^^^^^^^^^^^^
  File "C:\Users\Hp\AppData\Local\Packages\PythonSoftwareFoundation.Python.3.11_qbz5n2kfra8p0\LocalCache\local-packages\Python311\site-packages\django\urls\resolvers.py", line 831, in _reverse_with_prefix
    raise NoReverseMatch(msg)
django.urls.exceptions.NoReverseMatch: Reverse for 'contact' not found. 'contact' is not a valid view function or pattern name.
ERROR 2026-07-14 21:14:43,517 log 10548 7428 Internal Server Error: /
Traceback (most recent call last):
  File "C:\Users\Hp\AppData\Local\Packages\PythonSoftwareFoundation.Python.3.11_qbz5n2kfra8p0\LocalCache\local-packages\Python311\site-packages\django\core\handlers\exception.py", line 55, in inner
    response = get_response(request)
               ^^^^^^^^^^^^^^^^^^^^^
  File "C:\Users\Hp\AppData\Local\Packages\PythonSoftwareFoundation.Python.3.11_qbz5n2kfra8p0\LocalCache\local-packages\Python311\site-packages\django\core\handlers\base.py", line 197, in _get_response
    response = wrapped_callback(request, *callback_args, **callback_kwargs)
               ^^^^^^^^^^^^^^^^^^^^^^^^^^^^^^^^^^^^^^^^^^^^^^^^^^^^^^^^^^^^
  File "C:\Users\Hp\Desktop\ORAIMOTECH\shop\views.py", line 35, in home_page
    return render(request, 'shop/home.html', context)
           ^^^^^^^^^^^^^^^^^^^^^^^^^^^^^^^^^^^^^^^^^^
  File "C:\Users\Hp\AppData\Local\Packages\PythonSoftwareFoundation.Python.3.11_qbz5n2kfra8p0\LocalCache\local-packages\Python311\site-packages\django\shortcuts.py", line 25, in render
    content = loader.render_to_string(template_name, context, request, using=using)
              ^^^^^^^^^^^^^^^^^^^^^^^^^^^^^^^^^^^^^^^^^^^^^^^^^^^^^^^^^^^^^^^^^^^^^
  File "C:\Users\Hp\AppData\Local\Packages\PythonSoftwareFoundation.Python.3.11_qbz5n2kfra8p0\LocalCache\local-packages\Python311\site-packages\django\template\loader.py", line 62, in render_to_string
    return template.render(context, request)
           ^^^^^^^^^^^^^^^^^^^^^^^^^^^^^^^^^
  File "C:\Users\Hp\AppData\Local\Packages\PythonSoftwareFoundation.Python.3.11_qbz5n2kfra8p0\LocalCache\local-packages\Python311\site-packages\django\template\backends\django.py", line 107, in render
    return self.template.render(context)
           ^^^^^^^^^^^^^^^^^^^^^^^^^^^^^
  File "C:\Users\Hp\AppData\Local\Packages\PythonSoftwareFoundation.Python.3.11_qbz5n2kfra8p0\LocalCache\local-packages\Python311\site-packages\django\template\base.py", line 172, in render
    return self._render(context)
           ^^^^^^^^^^^^^^^^^^^^^
  File "C:\Users\Hp\AppData\Local\Packages\PythonSoftwareFoundation.Python.3.11_qbz5n2kfra8p0\LocalCache\local-packages\Python311\site-packages\django\template\base.py", line 164, in _render
    return self.nodelist.render(context)
           ^^^^^^^^^^^^^^^^^^^^^^^^^^^^^
  File "C:\Users\Hp\AppData\Local\Packages\PythonSoftwareFoundation.Python.3.11_qbz5n2kfra8p0\LocalCache\local-packages\Python311\site-packages\django\template\base.py", line 1018, in render
    return SafeString("".join([node.render_annotated(context) for node in self]))
                              ^^^^^^^^^^^^^^^^^^^^^^^^^^^^^^^^^^^^^^^^^^^^^^^^^
  File "C:\Users\Hp\AppData\Local\Packages\PythonSoftwareFoundation.Python.3.11_qbz5n2kfra8p0\LocalCache\local-packages\Python311\site-packages\django\template\base.py", line 1018, in <listcomp>
    return SafeString("".join([node.render_annotated(context) for node in self]))
                               ^^^^^^^^^^^^^^^^^^^^^^^^^^^^^^
  File "C:\Users\Hp\AppData\Local\Packages\PythonSoftwareFoundation.Python.3.11_qbz5n2kfra8p0\LocalCache\local-packages\Python311\site-packages\django\template\base.py", line 979, in render_annotated
    return self.render(context)
           ^^^^^^^^^^^^^^^^^^^^
  File "C:\Users\Hp\AppData\Local\Packages\PythonSoftwareFoundation.Python.3.11_qbz5n2kfra8p0\LocalCache\local-packages\Python311\site-packages\django\template\loader_tags.py", line 159, in render
    return compiled_parent._render(context)
           ^^^^^^^^^^^^^^^^^^^^^^^^^^^^^^^^
  File "C:\Users\Hp\AppData\Local\Packages\PythonSoftwareFoundation.Python.3.11_qbz5n2kfra8p0\LocalCache\local-packages\Python311\site-packages\django\template\base.py", line 164, in _render
    return self.nodelist.render(context)
           ^^^^^^^^^^^^^^^^^^^^^^^^^^^^^
  File "C:\Users\Hp\AppData\Local\Packages\PythonSoftwareFoundation.Python.3.11_qbz5n2kfra8p0\LocalCache\local-packages\Python311\site-packages\django\template\base.py", line 1018, in render
    return SafeString("".join([node.render_annotated(context) for node in self]))
                              ^^^^^^^^^^^^^^^^^^^^^^^^^^^^^^^^^^^^^^^^^^^^^^^^^
  File "C:\Users\Hp\AppData\Local\Packages\PythonSoftwareFoundation.Python.3.11_qbz5n2kfra8p0\LocalCache\local-packages\Python311\site-packages\django\template\base.py", line 1018, in <listcomp>
    return SafeString("".join([node.render_annotated(context) for node in self]))
                               ^^^^^^^^^^^^^^^^^^^^^^^^^^^^^^
  File "C:\Users\Hp\AppData\Local\Packages\PythonSoftwareFoundation.Python.3.11_qbz5n2kfra8p0\LocalCache\local-packages\Python311\site-packages\django\template\base.py", line 979, in render_annotated
    return self.render(context)
           ^^^^^^^^^^^^^^^^^^^^
  File "C:\Users\Hp\AppData\Local\Packages\PythonSoftwareFoundation.Python.3.11_qbz5n2kfra8p0\LocalCache\local-packages\Python311\site-packages\django\template\defaulttags.py", line 480, in render
    url = reverse(view_name, args=args, kwargs=kwargs, current_app=current_app)
          ^^^^^^^^^^^^^^^^^^^^^^^^^^^^^^^^^^^^^^^^^^^^^^^^^^^^^^^^^^^^^^^^^^^^^
  File "C:\Users\Hp\AppData\Local\Packages\PythonSoftwareFoundation.Python.3.11_qbz5n2kfra8p0\LocalCache\local-packages\Python311\site-packages\django\urls\base.py", line 98, in reverse
    resolved_url = resolver._reverse_with_prefix(view, prefix, *args, **kwargs)
                   ^^^^^^^^^^^^^^^^^^^^^^^^^^^^^^^^^^^^^^^^^^^^^^^^^^^^^^^^^^^^
  File "C:\Users\Hp\AppData\Local\Packages\PythonSoftwareFoundation.Python.3.11_qbz5n2kfra8p0\LocalCache\local-packages\Python311\site-packages\django\urls\resolvers.py", line 831, in _reverse_with_prefix
    raise NoReverseMatch(msg)
django.urls.exceptions.NoReverseMatch: Reverse for 'contact' not found. 'contact' is not a valid view function or pattern name.
ERROR 2026-07-14 21:14:43,526 basehttp 10548 7428 "GET / HTTP/1.1" 500 189644
INFO 2026-07-14 21:14:45,867 basehttp 10548 7428 "GET /admin/ HTTP/1.1" 200 9432
INFO 2026-07-14 21:14:49,013 basehttp 10548 7428 "GET /admin/ HTTP/1.1" 200 9432
INFO 2026-07-14 21:14:49,976 basehttp 10548 7428 "GET /admin/login/?next=/admin/ HTTP/1.1" 302 0
INFO 2026-07-14 21:14:49,990 basehttp 10548 7428 "GET /admin/ HTTP/1.1" 200 9432
ERROR 2026-07-14 21:14:57,954 log 10548 7428 Internal Server Error: /
Traceback (most recent call last):
  File "C:\Users\Hp\AppData\Local\Packages\PythonSoftwareFoundation.Python.3.11_qbz5n2kfra8p0\LocalCache\local-packages\Python311\site-packages\django\core\handlers\exception.py", line 55, in inner
    response = get_response(request)
               ^^^^^^^^^^^^^^^^^^^^^
  File "C:\Users\Hp\AppData\Local\Packages\PythonSoftwareFoundation.Python.3.11_qbz5n2kfra8p0\LocalCache\local-packages\Python311\site-packages\django\core\handlers\base.py", line 197, in _get_response
    response = wrapped_callback(request, *callback_args, **callback_kwargs)
               ^^^^^^^^^^^^^^^^^^^^^^^^^^^^^^^^^^^^^^^^^^^^^^^^^^^^^^^^^^^^
  File "C:\Users\Hp\Desktop\ORAIMOTECH\shop\views.py", line 35, in home_page
    return render(request, 'shop/home.html', context)
           ^^^^^^^^^^^^^^^^^^^^^^^^^^^^^^^^^^^^^^^^^^
  File "C:\Users\Hp\AppData\Local\Packages\PythonSoftwareFoundation.Python.3.11_qbz5n2kfra8p0\LocalCache\local-packages\Python311\site-packages\django\shortcuts.py", line 25, in render
    content = loader.render_to_string(template_name, context, request, using=using)
              ^^^^^^^^^^^^^^^^^^^^^^^^^^^^^^^^^^^^^^^^^^^^^^^^^^^^^^^^^^^^^^^^^^^^^
  File "C:\Users\Hp\AppData\Local\Packages\PythonSoftwareFoundation.Python.3.11_qbz5n2kfra8p0\LocalCache\local-packages\Python311\site-packages\django\template\loader.py", line 62, in render_to_string
    return template.render(context, request)
           ^^^^^^^^^^^^^^^^^^^^^^^^^^^^^^^^^
  File "C:\Users\Hp\AppData\Local\Packages\PythonSoftwareFoundation.Python.3.11_qbz5n2kfra8p0\LocalCache\local-packages\Python311\site-packages\django\template\backends\django.py", line 107, in render
    return self.template.render(context)
           ^^^^^^^^^^^^^^^^^^^^^^^^^^^^^
  File "C:\Users\Hp\AppData\Local\Packages\PythonSoftwareFoundation.Python.3.11_qbz5n2kfra8p0\LocalCache\local-packages\Python311\site-packages\django\template\base.py", line 172, in render
    return self._render(context)
           ^^^^^^^^^^^^^^^^^^^^^
  File "C:\Users\Hp\AppData\Local\Packages\PythonSoftwareFoundation.Python.3.11_qbz5n2kfra8p0\LocalCache\local-packages\Python311\site-packages\django\template\base.py", line 164, in _render
    return self.nodelist.render(context)
           ^^^^^^^^^^^^^^^^^^^^^^^^^^^^^
  File "C:\Users\Hp\AppData\Local\Packages\PythonSoftwareFoundation.Python.3.11_qbz5n2kfra8p0\LocalCache\local-packages\Python311\site-packages\django\template\base.py", line 1018, in render
    return SafeString("".join([node.render_annotated(context) for node in self]))
                              ^^^^^^^^^^^^^^^^^^^^^^^^^^^^^^^^^^^^^^^^^^^^^^^^^
  File "C:\Users\Hp\AppData\Local\Packages\PythonSoftwareFoundation.Python.3.11_qbz5n2kfra8p0\LocalCache\local-packages\Python311\site-packages\django\template\base.py", line 1018, in <listcomp>
    return SafeString("".join([node.render_annotated(context) for node in self]))
                               ^^^^^^^^^^^^^^^^^^^^^^^^^^^^^^
  File "C:\Users\Hp\AppData\Local\Packages\PythonSoftwareFoundation.Python.3.11_qbz5n2kfra8p0\LocalCache\local-packages\Python311\site-packages\django\template\base.py", line 979, in render_annotated
    return self.render(context)
           ^^^^^^^^^^^^^^^^^^^^
  File "C:\Users\Hp\AppData\Local\Packages\PythonSoftwareFoundation.Python.3.11_qbz5n2kfra8p0\LocalCache\local-packages\Python311\site-packages\django\template\loader_tags.py", line 159, in render
    return compiled_parent._render(context)
           ^^^^^^^^^^^^^^^^^^^^^^^^^^^^^^^^
  File "C:\Users\Hp\AppData\Local\Packages\PythonSoftwareFoundation.Python.3.11_qbz5n2kfra8p0\LocalCache\local-packages\Python311\site-packages\django\template\base.py", line 164, in _render
    return self.nodelist.render(context)
           ^^^^^^^^^^^^^^^^^^^^^^^^^^^^^
  File "C:\Users\Hp\AppData\Local\Packages\PythonSoftwareFoundation.Python.3.11_qbz5n2kfra8p0\LocalCache\local-packages\Python311\site-packages\django\template\base.py", line 1018, in render
    return SafeString("".join([node.render_annotated(context) for node in self]))
                              ^^^^^^^^^^^^^^^^^^^^^^^^^^^^^^^^^^^^^^^^^^^^^^^^^
  File "C:\Users\Hp\AppData\Local\Packages\PythonSoftwareFoundation.Python.3.11_qbz5n2kfra8p0\LocalCache\local-packages\Python311\site-packages\django\template\base.py", line 1018, in <listcomp>
    return SafeString("".join([node.render_annotated(context) for node in self]))
                               ^^^^^^^^^^^^^^^^^^^^^^^^^^^^^^
  File "C:\Users\Hp\AppData\Local\Packages\PythonSoftwareFoundation.Python.3.11_qbz5n2kfra8p0\LocalCache\local-packages\Python311\site-packages\django\template\base.py", line 979, in render_annotated
    return self.render(context)
           ^^^^^^^^^^^^^^^^^^^^
  File "C:\Users\Hp\AppData\Local\Packages\PythonSoftwareFoundation.Python.3.11_qbz5n2kfra8p0\LocalCache\local-packages\Python311\site-packages\django\template\defaulttags.py", line 480, in render
    url = reverse(view_name, args=args, kwargs=kwargs, current_app=current_app)
          ^^^^^^^^^^^^^^^^^^^^^^^^^^^^^^^^^^^^^^^^^^^^^^^^^^^^^^^^^^^^^^^^^^^^^
  File "C:\Users\Hp\AppData\Local\Packages\PythonSoftwareFoundation.Python.3.11_qbz5n2kfra8p0\LocalCache\local-packages\Python311\site-packages\django\urls\base.py", line 98, in reverse
    resolved_url = resolver._reverse_with_prefix(view, prefix, *args, **kwargs)
                   ^^^^^^^^^^^^^^^^^^^^^^^^^^^^^^^^^^^^^^^^^^^^^^^^^^^^^^^^^^^^
  File "C:\Users\Hp\AppData\Local\Packages\PythonSoftwareFoundation.Python.3.11_qbz5n2kfra8p0\LocalCache\local-packages\Python311\site-packages\django\urls\resolvers.py", line 831, in _reverse_with_prefix
    raise NoReverseMatch(msg)
django.urls.exceptions.NoReverseMatch: Reverse for 'contact' not found. 'contact' is not a valid view function or pattern name.
ERROR 2026-07-14 21:14:57,954 log 10548 7428 Internal Server Error: /
Traceback (most recent call last):
  File "C:\Users\Hp\AppData\Local\Packages\PythonSoftwareFoundation.Python.3.11_qbz5n2kfra8p0\LocalCache\local-packages\Python311\site-packages\django\core\handlers\exception.py", line 55, in inner
    response = get_response(request)
               ^^^^^^^^^^^^^^^^^^^^^
  File "C:\Users\Hp\AppData\Local\Packages\PythonSoftwareFoundation.Python.3.11_qbz5n2kfra8p0\LocalCache\local-packages\Python311\site-packages\django\core\handlers\base.py", line 197, in _get_response
    response = wrapped_callback(request, *callback_args, **callback_kwargs)
               ^^^^^^^^^^^^^^^^^^^^^^^^^^^^^^^^^^^^^^^^^^^^^^^^^^^^^^^^^^^^
  File "C:\Users\Hp\Desktop\ORAIMOTECH\shop\views.py", line 35, in home_page
    return render(request, 'shop/home.html', context)
           ^^^^^^^^^^^^^^^^^^^^^^^^^^^^^^^^^^^^^^^^^^
  File "C:\Users\Hp\AppData\Local\Packages\PythonSoftwareFoundation.Python.3.11_qbz5n2kfra8p0\LocalCache\local-packages\Python311\site-packages\django\shortcuts.py", line 25, in render
    content = loader.render_to_string(template_name, context, request, using=using)
              ^^^^^^^^^^^^^^^^^^^^^^^^^^^^^^^^^^^^^^^^^^^^^^^^^^^^^^^^^^^^^^^^^^^^^
  File "C:\Users\Hp\AppData\Local\Packages\PythonSoftwareFoundation.Python.3.11_qbz5n2kfra8p0\LocalCache\local-packages\Python311\site-packages\django\template\loader.py", line 62, in render_to_string
    return template.render(context, request)
           ^^^^^^^^^^^^^^^^^^^^^^^^^^^^^^^^^
  File "C:\Users\Hp\AppData\Local\Packages\PythonSoftwareFoundation.Python.3.11_qbz5n2kfra8p0\LocalCache\local-packages\Python311\site-packages\django\template\backends\django.py", line 107, in render
    return self.template.render(context)
           ^^^^^^^^^^^^^^^^^^^^^^^^^^^^^
  File "C:\Users\Hp\AppData\Local\Packages\PythonSoftwareFoundation.Python.3.11_qbz5n2kfra8p0\LocalCache\local-packages\Python311\site-packages\django\template\base.py", line 172, in render
    return self._render(context)
           ^^^^^^^^^^^^^^^^^^^^^
  File "C:\Users\Hp\AppData\Local\Packages\PythonSoftwareFoundation.Python.3.11_qbz5n2kfra8p0\LocalCache\local-packages\Python311\site-packages\django\template\base.py", line 164, in _render
    return self.nodelist.render(context)
           ^^^^^^^^^^^^^^^^^^^^^^^^^^^^^
  File "C:\Users\Hp\AppData\Local\Packages\PythonSoftwareFoundation.Python.3.11_qbz5n2kfra8p0\LocalCache\local-packages\Python311\site-packages\django\template\base.py", line 1018, in render
    return SafeString("".join([node.render_annotated(context) for node in self]))
                              ^^^^^^^^^^^^^^^^^^^^^^^^^^^^^^^^^^^^^^^^^^^^^^^^^
  File "C:\Users\Hp\AppData\Local\Packages\PythonSoftwareFoundation.Python.3.11_qbz5n2kfra8p0\LocalCache\local-packages\Python311\site-packages\django\template\base.py", line 1018, in <listcomp>
    return SafeString("".join([node.render_annotated(context) for node in self]))
                               ^^^^^^^^^^^^^^^^^^^^^^^^^^^^^^
  File "C:\Users\Hp\AppData\Local\Packages\PythonSoftwareFoundation.Python.3.11_qbz5n2kfra8p0\LocalCache\local-packages\Python311\site-packages\django\template\base.py", line 979, in render_annotated
    return self.render(context)
           ^^^^^^^^^^^^^^^^^^^^
  File "C:\Users\Hp\AppData\Local\Packages\PythonSoftwareFoundation.Python.3.11_qbz5n2kfra8p0\LocalCache\local-packages\Python311\site-packages\django\template\loader_tags.py", line 159, in render
    return compiled_parent._render(context)
           ^^^^^^^^^^^^^^^^^^^^^^^^^^^^^^^^
  File "C:\Users\Hp\AppData\Local\Packages\PythonSoftwareFoundation.Python.3.11_qbz5n2kfra8p0\LocalCache\local-packages\Python311\site-packages\django\template\base.py", line 164, in _render
    return self.nodelist.render(context)
           ^^^^^^^^^^^^^^^^^^^^^^^^^^^^^
  File "C:\Users\Hp\AppData\Local\Packages\PythonSoftwareFoundation.Python.3.11_qbz5n2kfra8p0\LocalCache\local-packages\Python311\site-packages\django\template\base.py", line 1018, in render
    return SafeString("".join([node.render_annotated(context) for node in self]))
                              ^^^^^^^^^^^^^^^^^^^^^^^^^^^^^^^^^^^^^^^^^^^^^^^^^
  File "C:\Users\Hp\AppData\Local\Packages\PythonSoftwareFoundation.Python.3.11_qbz5n2kfra8p0\LocalCache\local-packages\Python311\site-packages\django\template\base.py", line 1018, in <listcomp>
    return SafeString("".join([node.render_annotated(context) for node in self]))
                               ^^^^^^^^^^^^^^^^^^^^^^^^^^^^^^
  File "C:\Users\Hp\AppData\Local\Packages\PythonSoftwareFoundation.Python.3.11_qbz5n2kfra8p0\LocalCache\local-packages\Python311\site-packages\django\template\base.py", line 979, in render_annotated
    return self.render(context)
           ^^^^^^^^^^^^^^^^^^^^
  File "C:\Users\Hp\AppData\Local\Packages\PythonSoftwareFoundation.Python.3.11_qbz5n2kfra8p0\LocalCache\local-packages\Python311\site-packages\django\template\defaulttags.py", line 480, in render
    url = reverse(view_name, args=args, kwargs=kwargs, current_app=current_app)
          ^^^^^^^^^^^^^^^^^^^^^^^^^^^^^^^^^^^^^^^^^^^^^^^^^^^^^^^^^^^^^^^^^^^^^
  File "C:\Users\Hp\AppData\Local\Packages\PythonSoftwareFoundation.Python.3.11_qbz5n2kfra8p0\LocalCache\local-packages\Python311\site-packages\django\urls\base.py", line 98, in reverse
    resolved_url = resolver._reverse_with_prefix(view, prefix, *args, **kwargs)
                   ^^^^^^^^^^^^^^^^^^^^^^^^^^^^^^^^^^^^^^^^^^^^^^^^^^^^^^^^^^^^
  File "C:\Users\Hp\AppData\Local\Packages\PythonSoftwareFoundation.Python.3.11_qbz5n2kfra8p0\LocalCache\local-packages\Python311\site-packages\django\urls\resolvers.py", line 831, in _reverse_with_prefix
    raise NoReverseMatch(msg)
django.urls.exceptions.NoReverseMatch: Reverse for 'contact' not found. 'contact' is not a valid view function or pattern name.
ERROR 2026-07-14 21:14:57,957 basehttp 10548 7428 "GET / HTTP/1.1" 500 189507
INFO 2026-07-14 21:15:40,560 autoreload 10548 19800 C:\Users\Hp\Desktop\ORAIMOTECH\core\urls.py changed, reloading.
INFO 2026-07-14 21:15:46,768 autoreload 17624 17856 Watching for file changes with StatReloader
ERROR 2026-07-14 21:15:58,240 log 17624 21328 Internal Server Error: /
Traceback (most recent call last):
  File "C:\Users\Hp\AppData\Local\Packages\PythonSoftwareFoundation.Python.3.11_qbz5n2kfra8p0\LocalCache\local-packages\Python311\site-packages\django\core\handlers\exception.py", line 55, in inner
    response = get_response(request)
               ^^^^^^^^^^^^^^^^^^^^^
  File "C:\Users\Hp\AppData\Local\Packages\PythonSoftwareFoundation.Python.3.11_qbz5n2kfra8p0\LocalCache\local-packages\Python311\site-packages\django\core\handlers\base.py", line 197, in _get_response
    response = wrapped_callback(request, *callback_args, **callback_kwargs)
               ^^^^^^^^^^^^^^^^^^^^^^^^^^^^^^^^^^^^^^^^^^^^^^^^^^^^^^^^^^^^
  File "C:\Users\Hp\Desktop\ORAIMOTECH\shop\views.py", line 35, in home_page
    return render(request, 'shop/home.html', context)
           ^^^^^^^^^^^^^^^^^^^^^^^^^^^^^^^^^^^^^^^^^^
  File "C:\Users\Hp\AppData\Local\Packages\PythonSoftwareFoundation.Python.3.11_qbz5n2kfra8p0\LocalCache\local-packages\Python311\site-packages\django\shortcuts.py", line 25, in render
    content = loader.render_to_string(template_name, context, request, using=using)
              ^^^^^^^^^^^^^^^^^^^^^^^^^^^^^^^^^^^^^^^^^^^^^^^^^^^^^^^^^^^^^^^^^^^^^
  File "C:\Users\Hp\AppData\Local\Packages\PythonSoftwareFoundation.Python.3.11_qbz5n2kfra8p0\LocalCache\local-packages\Python311\site-packages\django\template\loader.py", line 62, in render_to_string
    return template.render(context, request)
           ^^^^^^^^^^^^^^^^^^^^^^^^^^^^^^^^^
  File "C:\Users\Hp\AppData\Local\Packages\PythonSoftwareFoundation.Python.3.11_qbz5n2kfra8p0\LocalCache\local-packages\Python311\site-packages\django\template\backends\django.py", line 107, in render
    return self.template.render(context)
           ^^^^^^^^^^^^^^^^^^^^^^^^^^^^^
  File "C:\Users\Hp\AppData\Local\Packages\PythonSoftwareFoundation.Python.3.11_qbz5n2kfra8p0\LocalCache\local-packages\Python311\site-packages\django\template\base.py", line 172, in render
    return self._render(context)
           ^^^^^^^^^^^^^^^^^^^^^
  File "C:\Users\Hp\AppData\Local\Packages\PythonSoftwareFoundation.Python.3.11_qbz5n2kfra8p0\LocalCache\local-packages\Python311\site-packages\django\template\base.py", line 164, in _render
    return self.nodelist.render(context)
           ^^^^^^^^^^^^^^^^^^^^^^^^^^^^^
  File "C:\Users\Hp\AppData\Local\Packages\PythonSoftwareFoundation.Python.3.11_qbz5n2kfra8p0\LocalCache\local-packages\Python311\site-packages\django\template\base.py", line 1018, in render
    return SafeString("".join([node.render_annotated(context) for node in self]))
                              ^^^^^^^^^^^^^^^^^^^^^^^^^^^^^^^^^^^^^^^^^^^^^^^^^
  File "C:\Users\Hp\AppData\Local\Packages\PythonSoftwareFoundation.Python.3.11_qbz5n2kfra8p0\LocalCache\local-packages\Python311\site-packages\django\template\base.py", line 1018, in <listcomp>
    return SafeString("".join([node.render_annotated(context) for node in self]))
                               ^^^^^^^^^^^^^^^^^^^^^^^^^^^^^^
  File "C:\Users\Hp\AppData\Local\Packages\PythonSoftwareFoundation.Python.3.11_qbz5n2kfra8p0\LocalCache\local-packages\Python311\site-packages\django\template\base.py", line 979, in render_annotated
    return self.render(context)
           ^^^^^^^^^^^^^^^^^^^^
  File "C:\Users\Hp\AppData\Local\Packages\PythonSoftwareFoundation.Python.3.11_qbz5n2kfra8p0\LocalCache\local-packages\Python311\site-packages\django\template\loader_tags.py", line 159, in render
    return compiled_parent._render(context)
           ^^^^^^^^^^^^^^^^^^^^^^^^^^^^^^^^
  File "C:\Users\Hp\AppData\Local\Packages\PythonSoftwareFoundation.Python.3.11_qbz5n2kfra8p0\LocalCache\local-packages\Python311\site-packages\django\template\base.py", line 164, in _render
    return self.nodelist.render(context)
           ^^^^^^^^^^^^^^^^^^^^^^^^^^^^^
  File "C:\Users\Hp\AppData\Local\Packages\PythonSoftwareFoundation.Python.3.11_qbz5n2kfra8p0\LocalCache\local-packages\Python311\site-packages\django\template\base.py", line 1018, in render
    return SafeString("".join([node.render_annotated(context) for node in self]))
                              ^^^^^^^^^^^^^^^^^^^^^^^^^^^^^^^^^^^^^^^^^^^^^^^^^
  File "C:\Users\Hp\AppData\Local\Packages\PythonSoftwareFoundation.Python.3.11_qbz5n2kfra8p0\LocalCache\local-packages\Python311\site-packages\django\template\base.py", line 1018, in <listcomp>
    return SafeString("".join([node.render_annotated(context) for node in self]))
                               ^^^^^^^^^^^^^^^^^^^^^^^^^^^^^^
  File "C:\Users\Hp\AppData\Local\Packages\PythonSoftwareFoundation.Python.3.11_qbz5n2kfra8p0\LocalCache\local-packages\Python311\site-packages\django\template\base.py", line 979, in render_annotated
    return self.render(context)
           ^^^^^^^^^^^^^^^^^^^^
  File "C:\Users\Hp\AppData\Local\Packages\PythonSoftwareFoundation.Python.3.11_qbz5n2kfra8p0\LocalCache\local-packages\Python311\site-packages\django\template\defaulttags.py", line 480, in render
    url = reverse(view_name, args=args, kwargs=kwargs, current_app=current_app)
          ^^^^^^^^^^^^^^^^^^^^^^^^^^^^^^^^^^^^^^^^^^^^^^^^^^^^^^^^^^^^^^^^^^^^^
  File "C:\Users\Hp\AppData\Local\Packages\PythonSoftwareFoundation.Python.3.11_qbz5n2kfra8p0\LocalCache\local-packages\Python311\site-packages\django\urls\base.py", line 98, in reverse
    resolved_url = resolver._reverse_with_prefix(view, prefix, *args, **kwargs)
                   ^^^^^^^^^^^^^^^^^^^^^^^^^^^^^^^^^^^^^^^^^^^^^^^^^^^^^^^^^^^^
  File "C:\Users\Hp\AppData\Local\Packages\PythonSoftwareFoundation.Python.3.11_qbz5n2kfra8p0\LocalCache\local-packages\Python311\site-packages\django\urls\resolvers.py", line 831, in _reverse_with_prefix
    raise NoReverseMatch(msg)
django.urls.exceptions.NoReverseMatch: Reverse for 'contact' not found. 'contact' is not a valid view function or pattern name.
ERROR 2026-07-14 21:15:58,240 log 17624 21328 Internal Server Error: /
Traceback (most recent call last):
  File "C:\Users\Hp\AppData\Local\Packages\PythonSoftwareFoundation.Python.3.11_qbz5n2kfra8p0\LocalCache\local-packages\Python311\site-packages\django\core\handlers\exception.py", line 55, in inner
    response = get_response(request)
               ^^^^^^^^^^^^^^^^^^^^^
  File "C:\Users\Hp\AppData\Local\Packages\PythonSoftwareFoundation.Python.3.11_qbz5n2kfra8p0\LocalCache\local-packages\Python311\site-packages\django\core\handlers\base.py", line 197, in _get_response
    response = wrapped_callback(request, *callback_args, **callback_kwargs)
               ^^^^^^^^^^^^^^^^^^^^^^^^^^^^^^^^^^^^^^^^^^^^^^^^^^^^^^^^^^^^
  File "C:\Users\Hp\Desktop\ORAIMOTECH\shop\views.py", line 35, in home_page
    return render(request, 'shop/home.html', context)
           ^^^^^^^^^^^^^^^^^^^^^^^^^^^^^^^^^^^^^^^^^^
  File "C:\Users\Hp\AppData\Local\Packages\PythonSoftwareFoundation.Python.3.11_qbz5n2kfra8p0\LocalCache\local-packages\Python311\site-packages\django\shortcuts.py", line 25, in render
    content = loader.render_to_string(template_name, context, request, using=using)
              ^^^^^^^^^^^^^^^^^^^^^^^^^^^^^^^^^^^^^^^^^^^^^^^^^^^^^^^^^^^^^^^^^^^^^
  File "C:\Users\Hp\AppData\Local\Packages\PythonSoftwareFoundation.Python.3.11_qbz5n2kfra8p0\LocalCache\local-packages\Python311\site-packages\django\template\loader.py", line 62, in render_to_string
    return template.render(context, request)
           ^^^^^^^^^^^^^^^^^^^^^^^^^^^^^^^^^
  File "C:\Users\Hp\AppData\Local\Packages\PythonSoftwareFoundation.Python.3.11_qbz5n2kfra8p0\LocalCache\local-packages\Python311\site-packages\django\template\backends\django.py", line 107, in render
    return self.template.render(context)
           ^^^^^^^^^^^^^^^^^^^^^^^^^^^^^
  File "C:\Users\Hp\AppData\Local\Packages\PythonSoftwareFoundation.Python.3.11_qbz5n2kfra8p0\LocalCache\local-packages\Python311\site-packages\django\template\base.py", line 172, in render
    return self._render(context)
           ^^^^^^^^^^^^^^^^^^^^^
  File "C:\Users\Hp\AppData\Local\Packages\PythonSoftwareFoundation.Python.3.11_qbz5n2kfra8p0\LocalCache\local-packages\Python311\site-packages\django\template\base.py", line 164, in _render
    return self.nodelist.render(context)
           ^^^^^^^^^^^^^^^^^^^^^^^^^^^^^
  File "C:\Users\Hp\AppData\Local\Packages\PythonSoftwareFoundation.Python.3.11_qbz5n2kfra8p0\LocalCache\local-packages\Python311\site-packages\django\template\base.py", line 1018, in render
    return SafeString("".join([node.render_annotated(context) for node in self]))
                              ^^^^^^^^^^^^^^^^^^^^^^^^^^^^^^^^^^^^^^^^^^^^^^^^^
  File "C:\Users\Hp\AppData\Local\Packages\PythonSoftwareFoundation.Python.3.11_qbz5n2kfra8p0\LocalCache\local-packages\Python311\site-packages\django\template\base.py", line 1018, in <listcomp>
    return SafeString("".join([node.render_annotated(context) for node in self]))
                               ^^^^^^^^^^^^^^^^^^^^^^^^^^^^^^
  File "C:\Users\Hp\AppData\Local\Packages\PythonSoftwareFoundation.Python.3.11_qbz5n2kfra8p0\LocalCache\local-packages\Python311\site-packages\django\template\base.py", line 979, in render_annotated
    return self.render(context)
           ^^^^^^^^^^^^^^^^^^^^
  File "C:\Users\Hp\AppData\Local\Packages\PythonSoftwareFoundation.Python.3.11_qbz5n2kfra8p0\LocalCache\local-packages\Python311\site-packages\django\template\loader_tags.py", line 159, in render
    return compiled_parent._render(context)
           ^^^^^^^^^^^^^^^^^^^^^^^^^^^^^^^^
  File "C:\Users\Hp\AppData\Local\Packages\PythonSoftwareFoundation.Python.3.11_qbz5n2kfra8p0\LocalCache\local-packages\Python311\site-packages\django\template\base.py", line 164, in _render
    return self.nodelist.render(context)
           ^^^^^^^^^^^^^^^^^^^^^^^^^^^^^
  File "C:\Users\Hp\AppData\Local\Packages\PythonSoftwareFoundation.Python.3.11_qbz5n2kfra8p0\LocalCache\local-packages\Python311\site-packages\django\template\base.py", line 1018, in render
    return SafeString("".join([node.render_annotated(context) for node in self]))
                              ^^^^^^^^^^^^^^^^^^^^^^^^^^^^^^^^^^^^^^^^^^^^^^^^^
  File "C:\Users\Hp\AppData\Local\Packages\PythonSoftwareFoundation.Python.3.11_qbz5n2kfra8p0\LocalCache\local-packages\Python311\site-packages\django\template\base.py", line 1018, in <listcomp>
    return SafeString("".join([node.render_annotated(context) for node in self]))
                               ^^^^^^^^^^^^^^^^^^^^^^^^^^^^^^
  File "C:\Users\Hp\AppData\Local\Packages\PythonSoftwareFoundation.Python.3.11_qbz5n2kfra8p0\LocalCache\local-packages\Python311\site-packages\django\template\base.py", line 979, in render_annotated
    return self.render(context)
           ^^^^^^^^^^^^^^^^^^^^
  File "C:\Users\Hp\AppData\Local\Packages\PythonSoftwareFoundation.Python.3.11_qbz5n2kfra8p0\LocalCache\local-packages\Python311\site-packages\django\template\defaulttags.py", line 480, in render
    url = reverse(view_name, args=args, kwargs=kwargs, current_app=current_app)
          ^^^^^^^^^^^^^^^^^^^^^^^^^^^^^^^^^^^^^^^^^^^^^^^^^^^^^^^^^^^^^^^^^^^^^
  File "C:\Users\Hp\AppData\Local\Packages\PythonSoftwareFoundation.Python.3.11_qbz5n2kfra8p0\LocalCache\local-packages\Python311\site-packages\django\urls\base.py", line 98, in reverse
    resolved_url = resolver._reverse_with_prefix(view, prefix, *args, **kwargs)
                   ^^^^^^^^^^^^^^^^^^^^^^^^^^^^^^^^^^^^^^^^^^^^^^^^^^^^^^^^^^^^
  File "C:\Users\Hp\AppData\Local\Packages\PythonSoftwareFoundation.Python.3.11_qbz5n2kfra8p0\LocalCache\local-packages\Python311\site-packages\django\urls\resolvers.py", line 831, in _reverse_with_prefix
    raise NoReverseMatch(msg)
django.urls.exceptions.NoReverseMatch: Reverse for 'contact' not found. 'contact' is not a valid view function or pattern name.
ERROR 2026-07-14 21:15:58,248 basehttp 17624 21328 "GET / HTTP/1.1" 500 189644
ERROR 2026-07-14 21:15:58,957 log 17624 21328 Internal Server Error: /
Traceback (most recent call last):
  File "C:\Users\Hp\AppData\Local\Packages\PythonSoftwareFoundation.Python.3.11_qbz5n2kfra8p0\LocalCache\local-packages\Python311\site-packages\django\core\handlers\exception.py", line 55, in inner
    response = get_response(request)
               ^^^^^^^^^^^^^^^^^^^^^
  File "C:\Users\Hp\AppData\Local\Packages\PythonSoftwareFoundation.Python.3.11_qbz5n2kfra8p0\LocalCache\local-packages\Python311\site-packages\django\core\handlers\base.py", line 197, in _get_response
    response = wrapped_callback(request, *callback_args, **callback_kwargs)
               ^^^^^^^^^^^^^^^^^^^^^^^^^^^^^^^^^^^^^^^^^^^^^^^^^^^^^^^^^^^^
  File "C:\Users\Hp\Desktop\ORAIMOTECH\shop\views.py", line 35, in home_page
    return render(request, 'shop/home.html', context)
           ^^^^^^^^^^^^^^^^^^^^^^^^^^^^^^^^^^^^^^^^^^
  File "C:\Users\Hp\AppData\Local\Packages\PythonSoftwareFoundation.Python.3.11_qbz5n2kfra8p0\LocalCache\local-packages\Python311\site-packages\django\shortcuts.py", line 25, in render
    content = loader.render_to_string(template_name, context, request, using=using)
              ^^^^^^^^^^^^^^^^^^^^^^^^^^^^^^^^^^^^^^^^^^^^^^^^^^^^^^^^^^^^^^^^^^^^^
  File "C:\Users\Hp\AppData\Local\Packages\PythonSoftwareFoundation.Python.3.11_qbz5n2kfra8p0\LocalCache\local-packages\Python311\site-packages\django\template\loader.py", line 62, in render_to_string
    return template.render(context, request)
           ^^^^^^^^^^^^^^^^^^^^^^^^^^^^^^^^^
  File "C:\Users\Hp\AppData\Local\Packages\PythonSoftwareFoundation.Python.3.11_qbz5n2kfra8p0\LocalCache\local-packages\Python311\site-packages\django\template\backends\django.py", line 107, in render
    return self.template.render(context)
           ^^^^^^^^^^^^^^^^^^^^^^^^^^^^^
  File "C:\Users\Hp\AppData\Local\Packages\PythonSoftwareFoundation.Python.3.11_qbz5n2kfra8p0\LocalCache\local-packages\Python311\site-packages\django\template\base.py", line 172, in render
    return self._render(context)
           ^^^^^^^^^^^^^^^^^^^^^
  File "C:\Users\Hp\AppData\Local\Packages\PythonSoftwareFoundation.Python.3.11_qbz5n2kfra8p0\LocalCache\local-packages\Python311\site-packages\django\template\base.py", line 164, in _render
    return self.nodelist.render(context)
           ^^^^^^^^^^^^^^^^^^^^^^^^^^^^^
  File "C:\Users\Hp\AppData\Local\Packages\PythonSoftwareFoundation.Python.3.11_qbz5n2kfra8p0\LocalCache\local-packages\Python311\site-packages\django\template\base.py", line 1018, in render
    return SafeString("".join([node.render_annotated(context) for node in self]))
                              ^^^^^^^^^^^^^^^^^^^^^^^^^^^^^^^^^^^^^^^^^^^^^^^^^
  File "C:\Users\Hp\AppData\Local\Packages\PythonSoftwareFoundation.Python.3.11_qbz5n2kfra8p0\LocalCache\local-packages\Python311\site-packages\django\template\base.py", line 1018, in <listcomp>
    return SafeString("".join([node.render_annotated(context) for node in self]))
                               ^^^^^^^^^^^^^^^^^^^^^^^^^^^^^^
  File "C:\Users\Hp\AppData\Local\Packages\PythonSoftwareFoundation.Python.3.11_qbz5n2kfra8p0\LocalCache\local-packages\Python311\site-packages\django\template\base.py", line 979, in render_annotated
    return self.render(context)
           ^^^^^^^^^^^^^^^^^^^^
  File "C:\Users\Hp\AppData\Local\Packages\PythonSoftwareFoundation.Python.3.11_qbz5n2kfra8p0\LocalCache\local-packages\Python311\site-packages\django\template\loader_tags.py", line 159, in render
    return compiled_parent._render(context)
           ^^^^^^^^^^^^^^^^^^^^^^^^^^^^^^^^
  File "C:\Users\Hp\AppData\Local\Packages\PythonSoftwareFoundation.Python.3.11_qbz5n2kfra8p0\LocalCache\local-packages\Python311\site-packages\django\template\base.py", line 164, in _render
    return self.nodelist.render(context)
           ^^^^^^^^^^^^^^^^^^^^^^^^^^^^^
  File "C:\Users\Hp\AppData\Local\Packages\PythonSoftwareFoundation.Python.3.11_qbz5n2kfra8p0\LocalCache\local-packages\Python311\site-packages\django\template\base.py", line 1018, in render
    return SafeString("".join([node.render_annotated(context) for node in self]))
                              ^^^^^^^^^^^^^^^^^^^^^^^^^^^^^^^^^^^^^^^^^^^^^^^^^
  File "C:\Users\Hp\AppData\Local\Packages\PythonSoftwareFoundation.Python.3.11_qbz5n2kfra8p0\LocalCache\local-packages\Python311\site-packages\django\template\base.py", line 1018, in <listcomp>
    return SafeString("".join([node.render_annotated(context) for node in self]))
                               ^^^^^^^^^^^^^^^^^^^^^^^^^^^^^^
  File "C:\Users\Hp\AppData\Local\Packages\PythonSoftwareFoundation.Python.3.11_qbz5n2kfra8p0\LocalCache\local-packages\Python311\site-packages\django\template\base.py", line 979, in render_annotated
    return self.render(context)
           ^^^^^^^^^^^^^^^^^^^^
  File "C:\Users\Hp\AppData\Local\Packages\PythonSoftwareFoundation.Python.3.11_qbz5n2kfra8p0\LocalCache\local-packages\Python311\site-packages\django\template\defaulttags.py", line 480, in render
    url = reverse(view_name, args=args, kwargs=kwargs, current_app=current_app)
          ^^^^^^^^^^^^^^^^^^^^^^^^^^^^^^^^^^^^^^^^^^^^^^^^^^^^^^^^^^^^^^^^^^^^^
  File "C:\Users\Hp\AppData\Local\Packages\PythonSoftwareFoundation.Python.3.11_qbz5n2kfra8p0\LocalCache\local-packages\Python311\site-packages\django\urls\base.py", line 98, in reverse
    resolved_url = resolver._reverse_with_prefix(view, prefix, *args, **kwargs)
                   ^^^^^^^^^^^^^^^^^^^^^^^^^^^^^^^^^^^^^^^^^^^^^^^^^^^^^^^^^^^^
  File "C:\Users\Hp\AppData\Local\Packages\PythonSoftwareFoundation.Python.3.11_qbz5n2kfra8p0\LocalCache\local-packages\Python311\site-packages\django\urls\resolvers.py", line 831, in _reverse_with_prefix
    raise NoReverseMatch(msg)
django.urls.exceptions.NoReverseMatch: Reverse for 'contact' not found. 'contact' is not a valid view function or pattern name.
ERROR 2026-07-14 21:15:58,957 log 17624 21328 Internal Server Error: /
Traceback (most recent call last):
  File "C:\Users\Hp\AppData\Local\Packages\PythonSoftwareFoundation.Python.3.11_qbz5n2kfra8p0\LocalCache\local-packages\Python311\site-packages\django\core\handlers\exception.py", line 55, in inner
    response = get_response(request)
               ^^^^^^^^^^^^^^^^^^^^^
  File "C:\Users\Hp\AppData\Local\Packages\PythonSoftwareFoundation.Python.3.11_qbz5n2kfra8p0\LocalCache\local-packages\Python311\site-packages\django\core\handlers\base.py", line 197, in _get_response
    response = wrapped_callback(request, *callback_args, **callback_kwargs)
               ^^^^^^^^^^^^^^^^^^^^^^^^^^^^^^^^^^^^^^^^^^^^^^^^^^^^^^^^^^^^
  File "C:\Users\Hp\Desktop\ORAIMOTECH\shop\views.py", line 35, in home_page
    return render(request, 'shop/home.html', context)
           ^^^^^^^^^^^^^^^^^^^^^^^^^^^^^^^^^^^^^^^^^^
  File "C:\Users\Hp\AppData\Local\Packages\PythonSoftwareFoundation.Python.3.11_qbz5n2kfra8p0\LocalCache\local-packages\Python311\site-packages\django\shortcuts.py", line 25, in render
    content = loader.render_to_string(template_name, context, request, using=using)
              ^^^^^^^^^^^^^^^^^^^^^^^^^^^^^^^^^^^^^^^^^^^^^^^^^^^^^^^^^^^^^^^^^^^^^
  File "C:\Users\Hp\AppData\Local\Packages\PythonSoftwareFoundation.Python.3.11_qbz5n2kfra8p0\LocalCache\local-packages\Python311\site-packages\django\template\loader.py", line 62, in render_to_string
    return template.render(context, request)
           ^^^^^^^^^^^^^^^^^^^^^^^^^^^^^^^^^
  File "C:\Users\Hp\AppData\Local\Packages\PythonSoftwareFoundation.Python.3.11_qbz5n2kfra8p0\LocalCache\local-packages\Python311\site-packages\django\template\backends\django.py", line 107, in render
    return self.template.render(context)
           ^^^^^^^^^^^^^^^^^^^^^^^^^^^^^
  File "C:\Users\Hp\AppData\Local\Packages\PythonSoftwareFoundation.Python.3.11_qbz5n2kfra8p0\LocalCache\local-packages\Python311\site-packages\django\template\base.py", line 172, in render
    return self._render(context)
           ^^^^^^^^^^^^^^^^^^^^^
  File "C:\Users\Hp\AppData\Local\Packages\PythonSoftwareFoundation.Python.3.11_qbz5n2kfra8p0\LocalCache\local-packages\Python311\site-packages\django\template\base.py", line 164, in _render
    return self.nodelist.render(context)
           ^^^^^^^^^^^^^^^^^^^^^^^^^^^^^
  File "C:\Users\Hp\AppData\Local\Packages\PythonSoftwareFoundation.Python.3.11_qbz5n2kfra8p0\LocalCache\local-packages\Python311\site-packages\django\template\base.py", line 1018, in render
    return SafeString("".join([node.render_annotated(context) for node in self]))
                              ^^^^^^^^^^^^^^^^^^^^^^^^^^^^^^^^^^^^^^^^^^^^^^^^^
  File "C:\Users\Hp\AppData\Local\Packages\PythonSoftwareFoundation.Python.3.11_qbz5n2kfra8p0\LocalCache\local-packages\Python311\site-packages\django\template\base.py", line 1018, in <listcomp>
    return SafeString("".join([node.render_annotated(context) for node in self]))
                               ^^^^^^^^^^^^^^^^^^^^^^^^^^^^^^
  File "C:\Users\Hp\AppData\Local\Packages\PythonSoftwareFoundation.Python.3.11_qbz5n2kfra8p0\LocalCache\local-packages\Python311\site-packages\django\template\base.py", line 979, in render_annotated
    return self.render(context)
           ^^^^^^^^^^^^^^^^^^^^
  File "C:\Users\Hp\AppData\Local\Packages\PythonSoftwareFoundation.Python.3.11_qbz5n2kfra8p0\LocalCache\local-packages\Python311\site-packages\django\template\loader_tags.py", line 159, in render
    return compiled_parent._render(context)
           ^^^^^^^^^^^^^^^^^^^^^^^^^^^^^^^^
  File "C:\Users\Hp\AppData\Local\Packages\PythonSoftwareFoundation.Python.3.11_qbz5n2kfra8p0\LocalCache\local-packages\Python311\site-packages\django\template\base.py", line 164, in _render
    return self.nodelist.render(context)
           ^^^^^^^^^^^^^^^^^^^^^^^^^^^^^
  File "C:\Users\Hp\AppData\Local\Packages\PythonSoftwareFoundation.Python.3.11_qbz5n2kfra8p0\LocalCache\local-packages\Python311\site-packages\django\template\base.py", line 1018, in render
    return SafeString("".join([node.render_annotated(context) for node in self]))
                              ^^^^^^^^^^^^^^^^^^^^^^^^^^^^^^^^^^^^^^^^^^^^^^^^^
  File "C:\Users\Hp\AppData\Local\Packages\PythonSoftwareFoundation.Python.3.11_qbz5n2kfra8p0\LocalCache\local-packages\Python311\site-packages\django\template\base.py", line 1018, in <listcomp>
    return SafeString("".join([node.render_annotated(context) for node in self]))
                               ^^^^^^^^^^^^^^^^^^^^^^^^^^^^^^
  File "C:\Users\Hp\AppData\Local\Packages\PythonSoftwareFoundation.Python.3.11_qbz5n2kfra8p0\LocalCache\local-packages\Python311\site-packages\django\template\base.py", line 979, in render_annotated
    return self.render(context)
           ^^^^^^^^^^^^^^^^^^^^
  File "C:\Users\Hp\AppData\Local\Packages\PythonSoftwareFoundation.Python.3.11_qbz5n2kfra8p0\LocalCache\local-packages\Python311\site-packages\django\template\defaulttags.py", line 480, in render
    url = reverse(view_name, args=args, kwargs=kwargs, current_app=current_app)
          ^^^^^^^^^^^^^^^^^^^^^^^^^^^^^^^^^^^^^^^^^^^^^^^^^^^^^^^^^^^^^^^^^^^^^
  File "C:\Users\Hp\AppData\Local\Packages\PythonSoftwareFoundation.Python.3.11_qbz5n2kfra8p0\LocalCache\local-packages\Python311\site-packages\django\urls\base.py", line 98, in reverse
    resolved_url = resolver._reverse_with_prefix(view, prefix, *args, **kwargs)
                   ^^^^^^^^^^^^^^^^^^^^^^^^^^^^^^^^^^^^^^^^^^^^^^^^^^^^^^^^^^^^
  File "C:\Users\Hp\AppData\Local\Packages\PythonSoftwareFoundation.Python.3.11_qbz5n2kfra8p0\LocalCache\local-packages\Python311\site-packages\django\urls\resolvers.py", line 831, in _reverse_with_prefix
    raise NoReverseMatch(msg)
django.urls.exceptions.NoReverseMatch: Reverse for 'contact' not found. 'contact' is not a valid view function or pattern name.
ERROR 2026-07-14 21:15:58,960 basehttp 17624 21328 "GET / HTTP/1.1" 500 189644
INFO 2026-07-14 21:16:02,046 basehttp 17624 21328 "GET /admin/ HTTP/1.1" 200 9432
INFO 2026-07-14 21:16:04,516 basehttp 17624 21328 "GET /admin/ HTTP/1.1" 200 9432
ERROR 2026-07-14 21:16:05,779 log 17624 21328 Internal Server Error: /
Traceback (most recent call last):
  File "C:\Users\Hp\AppData\Local\Packages\PythonSoftwareFoundation.Python.3.11_qbz5n2kfra8p0\LocalCache\local-packages\Python311\site-packages\django\core\handlers\exception.py", line 55, in inner
    response = get_response(request)
               ^^^^^^^^^^^^^^^^^^^^^
  File "C:\Users\Hp\AppData\Local\Packages\PythonSoftwareFoundation.Python.3.11_qbz5n2kfra8p0\LocalCache\local-packages\Python311\site-packages\django\core\handlers\base.py", line 197, in _get_response
    response = wrapped_callback(request, *callback_args, **callback_kwargs)
               ^^^^^^^^^^^^^^^^^^^^^^^^^^^^^^^^^^^^^^^^^^^^^^^^^^^^^^^^^^^^
  File "C:\Users\Hp\Desktop\ORAIMOTECH\shop\views.py", line 35, in home_page
    return render(request, 'shop/home.html', context)
           ^^^^^^^^^^^^^^^^^^^^^^^^^^^^^^^^^^^^^^^^^^
  File "C:\Users\Hp\AppData\Local\Packages\PythonSoftwareFoundation.Python.3.11_qbz5n2kfra8p0\LocalCache\local-packages\Python311\site-packages\django\shortcuts.py", line 25, in render
    content = loader.render_to_string(template_name, context, request, using=using)
              ^^^^^^^^^^^^^^^^^^^^^^^^^^^^^^^^^^^^^^^^^^^^^^^^^^^^^^^^^^^^^^^^^^^^^
  File "C:\Users\Hp\AppData\Local\Packages\PythonSoftwareFoundation.Python.3.11_qbz5n2kfra8p0\LocalCache\local-packages\Python311\site-packages\django\template\loader.py", line 62, in render_to_string
    return template.render(context, request)
           ^^^^^^^^^^^^^^^^^^^^^^^^^^^^^^^^^
  File "C:\Users\Hp\AppData\Local\Packages\PythonSoftwareFoundation.Python.3.11_qbz5n2kfra8p0\LocalCache\local-packages\Python311\site-packages\django\template\backends\django.py", line 107, in render
    return self.template.render(context)
           ^^^^^^^^^^^^^^^^^^^^^^^^^^^^^
  File "C:\Users\Hp\AppData\Local\Packages\PythonSoftwareFoundation.Python.3.11_qbz5n2kfra8p0\LocalCache\local-packages\Python311\site-packages\django\template\base.py", line 172, in render
    return self._render(context)
           ^^^^^^^^^^^^^^^^^^^^^
  File "C:\Users\Hp\AppData\Local\Packages\PythonSoftwareFoundation.Python.3.11_qbz5n2kfra8p0\LocalCache\local-packages\Python311\site-packages\django\template\base.py", line 164, in _render
    return self.nodelist.render(context)
           ^^^^^^^^^^^^^^^^^^^^^^^^^^^^^
  File "C:\Users\Hp\AppData\Local\Packages\PythonSoftwareFoundation.Python.3.11_qbz5n2kfra8p0\LocalCache\local-packages\Python311\site-packages\django\template\base.py", line 1018, in render
    return SafeString("".join([node.render_annotated(context) for node in self]))
                              ^^^^^^^^^^^^^^^^^^^^^^^^^^^^^^^^^^^^^^^^^^^^^^^^^
  File "C:\Users\Hp\AppData\Local\Packages\PythonSoftwareFoundation.Python.3.11_qbz5n2kfra8p0\LocalCache\local-packages\Python311\site-packages\django\template\base.py", line 1018, in <listcomp>
    return SafeString("".join([node.render_annotated(context) for node in self]))
                               ^^^^^^^^^^^^^^^^^^^^^^^^^^^^^^
  File "C:\Users\Hp\AppData\Local\Packages\PythonSoftwareFoundation.Python.3.11_qbz5n2kfra8p0\LocalCache\local-packages\Python311\site-packages\django\template\base.py", line 979, in render_annotated
    return self.render(context)
           ^^^^^^^^^^^^^^^^^^^^
  File "C:\Users\Hp\AppData\Local\Packages\PythonSoftwareFoundation.Python.3.11_qbz5n2kfra8p0\LocalCache\local-packages\Python311\site-packages\django\template\loader_tags.py", line 159, in render
    return compiled_parent._render(context)
           ^^^^^^^^^^^^^^^^^^^^^^^^^^^^^^^^
  File "C:\Users\Hp\AppData\Local\Packages\PythonSoftwareFoundation.Python.3.11_qbz5n2kfra8p0\LocalCache\local-packages\Python311\site-packages\django\template\base.py", line 164, in _render
    return self.nodelist.render(context)
           ^^^^^^^^^^^^^^^^^^^^^^^^^^^^^
  File "C:\Users\Hp\AppData\Local\Packages\PythonSoftwareFoundation.Python.3.11_qbz5n2kfra8p0\LocalCache\local-packages\Python311\site-packages\django\template\base.py", line 1018, in render
    return SafeString("".join([node.render_annotated(context) for node in self]))
                              ^^^^^^^^^^^^^^^^^^^^^^^^^^^^^^^^^^^^^^^^^^^^^^^^^
  File "C:\Users\Hp\AppData\Local\Packages\PythonSoftwareFoundation.Python.3.11_qbz5n2kfra8p0\LocalCache\local-packages\Python311\site-packages\django\template\base.py", line 1018, in <listcomp>
    return SafeString("".join([node.render_annotated(context) for node in self]))
                               ^^^^^^^^^^^^^^^^^^^^^^^^^^^^^^
  File "C:\Users\Hp\AppData\Local\Packages\PythonSoftwareFoundation.Python.3.11_qbz5n2kfra8p0\LocalCache\local-packages\Python311\site-packages\django\template\base.py", line 979, in render_annotated
    return self.render(context)
           ^^^^^^^^^^^^^^^^^^^^
  File "C:\Users\Hp\AppData\Local\Packages\PythonSoftwareFoundation.Python.3.11_qbz5n2kfra8p0\LocalCache\local-packages\Python311\site-packages\django\template\defaulttags.py", line 480, in render
    url = reverse(view_name, args=args, kwargs=kwargs, current_app=current_app)
          ^^^^^^^^^^^^^^^^^^^^^^^^^^^^^^^^^^^^^^^^^^^^^^^^^^^^^^^^^^^^^^^^^^^^^
  File "C:\Users\Hp\AppData\Local\Packages\PythonSoftwareFoundation.Python.3.11_qbz5n2kfra8p0\LocalCache\local-packages\Python311\site-packages\django\urls\base.py", line 98, in reverse
    resolved_url = resolver._reverse_with_prefix(view, prefix, *args, **kwargs)
                   ^^^^^^^^^^^^^^^^^^^^^^^^^^^^^^^^^^^^^^^^^^^^^^^^^^^^^^^^^^^^
  File "C:\Users\Hp\AppData\Local\Packages\PythonSoftwareFoundation.Python.3.11_qbz5n2kfra8p0\LocalCache\local-packages\Python311\site-packages\django\urls\resolvers.py", line 831, in _reverse_with_prefix
    raise NoReverseMatch(msg)
django.urls.exceptions.NoReverseMatch: Reverse for 'contact' not found. 'contact' is not a valid view function or pattern name.
ERROR 2026-07-14 21:16:05,779 log 17624 21328 Internal Server Error: /
Traceback (most recent call last):
  File "C:\Users\Hp\AppData\Local\Packages\PythonSoftwareFoundation.Python.3.11_qbz5n2kfra8p0\LocalCache\local-packages\Python311\site-packages\django\core\handlers\exception.py", line 55, in inner
    response = get_response(request)
               ^^^^^^^^^^^^^^^^^^^^^
  File "C:\Users\Hp\AppData\Local\Packages\PythonSoftwareFoundation.Python.3.11_qbz5n2kfra8p0\LocalCache\local-packages\Python311\site-packages\django\core\handlers\base.py", line 197, in _get_response
    response = wrapped_callback(request, *callback_args, **callback_kwargs)
               ^^^^^^^^^^^^^^^^^^^^^^^^^^^^^^^^^^^^^^^^^^^^^^^^^^^^^^^^^^^^
  File "C:\Users\Hp\Desktop\ORAIMOTECH\shop\views.py", line 35, in home_page
    return render(request, 'shop/home.html', context)
           ^^^^^^^^^^^^^^^^^^^^^^^^^^^^^^^^^^^^^^^^^^
  File "C:\Users\Hp\AppData\Local\Packages\PythonSoftwareFoundation.Python.3.11_qbz5n2kfra8p0\LocalCache\local-packages\Python311\site-packages\django\shortcuts.py", line 25, in render
    content = loader.render_to_string(template_name, context, request, using=using)
              ^^^^^^^^^^^^^^^^^^^^^^^^^^^^^^^^^^^^^^^^^^^^^^^^^^^^^^^^^^^^^^^^^^^^^
  File "C:\Users\Hp\AppData\Local\Packages\PythonSoftwareFoundation.Python.3.11_qbz5n2kfra8p0\LocalCache\local-packages\Python311\site-packages\django\template\loader.py", line 62, in render_to_string
    return template.render(context, request)
           ^^^^^^^^^^^^^^^^^^^^^^^^^^^^^^^^^
  File "C:\Users\Hp\AppData\Local\Packages\PythonSoftwareFoundation.Python.3.11_qbz5n2kfra8p0\LocalCache\local-packages\Python311\site-packages\django\template\backends\django.py", line 107, in render
    return self.template.render(context)
           ^^^^^^^^^^^^^^^^^^^^^^^^^^^^^
  File "C:\Users\Hp\AppData\Local\Packages\PythonSoftwareFoundation.Python.3.11_qbz5n2kfra8p0\LocalCache\local-packages\Python311\site-packages\django\template\base.py", line 172, in render
    return self._render(context)
           ^^^^^^^^^^^^^^^^^^^^^
  File "C:\Users\Hp\AppData\Local\Packages\PythonSoftwareFoundation.Python.3.11_qbz5n2kfra8p0\LocalCache\local-packages\Python311\site-packages\django\template\base.py", line 164, in _render
    return self.nodelist.render(context)
           ^^^^^^^^^^^^^^^^^^^^^^^^^^^^^
  File "C:\Users\Hp\AppData\Local\Packages\PythonSoftwareFoundation.Python.3.11_qbz5n2kfra8p0\LocalCache\local-packages\Python311\site-packages\django\template\base.py", line 1018, in render
    return SafeString("".join([node.render_annotated(context) for node in self]))
                              ^^^^^^^^^^^^^^^^^^^^^^^^^^^^^^^^^^^^^^^^^^^^^^^^^
  File "C:\Users\Hp\AppData\Local\Packages\PythonSoftwareFoundation.Python.3.11_qbz5n2kfra8p0\LocalCache\local-packages\Python311\site-packages\django\template\base.py", line 1018, in <listcomp>
    return SafeString("".join([node.render_annotated(context) for node in self]))
                               ^^^^^^^^^^^^^^^^^^^^^^^^^^^^^^
  File "C:\Users\Hp\AppData\Local\Packages\PythonSoftwareFoundation.Python.3.11_qbz5n2kfra8p0\LocalCache\local-packages\Python311\site-packages\django\template\base.py", line 979, in render_annotated
    return self.render(context)
           ^^^^^^^^^^^^^^^^^^^^
  File "C:\Users\Hp\AppData\Local\Packages\PythonSoftwareFoundation.Python.3.11_qbz5n2kfra8p0\LocalCache\local-packages\Python311\site-packages\django\template\loader_tags.py", line 159, in render
    return compiled_parent._render(context)
           ^^^^^^^^^^^^^^^^^^^^^^^^^^^^^^^^
  File "C:\Users\Hp\AppData\Local\Packages\PythonSoftwareFoundation.Python.3.11_qbz5n2kfra8p0\LocalCache\local-packages\Python311\site-packages\django\template\base.py", line 164, in _render
    return self.nodelist.render(context)
           ^^^^^^^^^^^^^^^^^^^^^^^^^^^^^
  File "C:\Users\Hp\AppData\Local\Packages\PythonSoftwareFoundation.Python.3.11_qbz5n2kfra8p0\LocalCache\local-packages\Python311\site-packages\django\template\base.py", line 1018, in render
    return SafeString("".join([node.render_annotated(context) for node in self]))
                              ^^^^^^^^^^^^^^^^^^^^^^^^^^^^^^^^^^^^^^^^^^^^^^^^^
  File "C:\Users\Hp\AppData\Local\Packages\PythonSoftwareFoundation.Python.3.11_qbz5n2kfra8p0\LocalCache\local-packages\Python311\site-packages\django\template\base.py", line 1018, in <listcomp>
    return SafeString("".join([node.render_annotated(context) for node in self]))
                               ^^^^^^^^^^^^^^^^^^^^^^^^^^^^^^
  File "C:\Users\Hp\AppData\Local\Packages\PythonSoftwareFoundation.Python.3.11_qbz5n2kfra8p0\LocalCache\local-packages\Python311\site-packages\django\template\base.py", line 979, in render_annotated
    return self.render(context)
           ^^^^^^^^^^^^^^^^^^^^
  File "C:\Users\Hp\AppData\Local\Packages\PythonSoftwareFoundation.Python.3.11_qbz5n2kfra8p0\LocalCache\local-packages\Python311\site-packages\django\template\defaulttags.py", line 480, in render
    url = reverse(view_name, args=args, kwargs=kwargs, current_app=current_app)
          ^^^^^^^^^^^^^^^^^^^^^^^^^^^^^^^^^^^^^^^^^^^^^^^^^^^^^^^^^^^^^^^^^^^^^
  File "C:\Users\Hp\AppData\Local\Packages\PythonSoftwareFoundation.Python.3.11_qbz5n2kfra8p0\LocalCache\local-packages\Python311\site-packages\django\urls\base.py", line 98, in reverse
    resolved_url = resolver._reverse_with_prefix(view, prefix, *args, **kwargs)
                   ^^^^^^^^^^^^^^^^^^^^^^^^^^^^^^^^^^^^^^^^^^^^^^^^^^^^^^^^^^^^
  File "C:\Users\Hp\AppData\Local\Packages\PythonSoftwareFoundation.Python.3.11_qbz5n2kfra8p0\LocalCache\local-packages\Python311\site-packages\django\urls\resolvers.py", line 831, in _reverse_with_prefix
    raise NoReverseMatch(msg)
django.urls.exceptions.NoReverseMatch: Reverse for 'contact' not found. 'contact' is not a valid view function or pattern name.
ERROR 2026-07-14 21:16:05,781 basehttp 17624 21328 "GET / HTTP/1.1" 500 189507
INFO 2026-07-14 21:17:21,897 basehttp 17624 21496 "GET / HTTP/1.1" 200 98816
INFO 2026-07-14 21:17:41,918 basehttp 17624 21496 "GET /admin/ HTTP/1.1" 200 9432
INFO 2026-07-14 21:17:45,577 basehttp 17624 21496 "GET /admin/shop/product/ HTTP/1.1" 200 38477
INFO 2026-07-14 21:17:45,776 basehttp 17624 5944 "GET /admin/jsi18n/ HTTP/1.1" 200 3342
INFO 2026-07-14 21:17:45,973 basehttp 17624 21496 "GET /static/admin/css/changelists.css HTTP/1.1" 200 6878
INFO 2026-07-14 21:17:46,005 basehttp 17624 21496 "GET /static/admin/js/prepopulate.js HTTP/1.1" 200 1531
INFO 2026-07-14 21:17:46,017 basehttp 17624 4760 "GET /static/admin/js/jquery.init.js HTTP/1.1" 200 347
INFO 2026-07-14 21:17:46,029 basehttp 17624 21496 "GET /static/admin/img/search.svg HTTP/1.1" 200 458
INFO 2026-07-14 21:17:46,036 basehttp 17624 4760 "GET /static/admin/img/icon-yes.svg HTTP/1.1" 200 436
INFO 2026-07-14 21:17:46,054 basehttp 17624 1740 "GET /static/admin/js/core.js HTTP/1.1" 200 6208
INFO 2026-07-14 21:17:46,065 basehttp 17624 11744 "GET /static/admin/js/actions.js HTTP/1.1" 200 8076
INFO 2026-07-14 21:17:46,071 basehttp 17624 15432 "GET /static/admin/js/admin/RelatedObjectLookups.js HTTP/1.1" 200 9777
INFO 2026-07-14 21:17:46,076 basehttp 17624 5944 "GET /static/admin/js/urlify.js HTTP/1.1" 200 7887
INFO 2026-07-14 21:17:46,092 basehttp 17624 5944 "GET /static/admin/img/icon-no.svg HTTP/1.1" 200 560
INFO 2026-07-14 21:17:46,100 basehttp 17624 15432 "GET /static/admin/js/filters.js HTTP/1.1" 200 978
INFO 2026-07-14 21:17:46,107 basehttp 17624 11744 "GET /static/admin/img/tooltag-add.svg HTTP/1.1" 200 331
INFO 2026-07-14 21:17:46,111 basehttp 17624 1740 "GET /static/admin/img/icon-viewlink.svg HTTP/1.1" 200 581
INFO 2026-07-14 21:17:46,113 basehttp 17624 5944 "GET /static/admin/img/sorting-icons.svg HTTP/1.1" 200 1097
INFO 2026-07-14 21:17:49,320 basehttp 17624 5944 "GET /admin/ HTTP/1.1" 200 9432
INFO 2026-07-14 21:20:11,273 basehttp 17624 5944 "GET /admin/shop/product/ HTTP/1.1" 200 38477
INFO 2026-07-14 21:20:11,315 basehttp 17624 5944 "GET /admin/jsi18n/ HTTP/1.1" 200 3342
INFO 2026-07-14 21:20:15,980 basehttp 17624 5944 "GET /admin/ HTTP/1.1" 200 9432
WARNING 2026-07-14 21:20:38,314 basehttp 17624 5944 "GET /admin/reports/ HTTP/1.1" 404 6449
INFO 2026-07-14 21:21:53,693 autoreload 17624 17856 C:\Users\Hp\Desktop\ORAIMOTECH\core\urls.py changed, reloading.
INFO 2026-07-14 21:21:55,062 autoreload 4516 25132 Watching for file changes with StatReloader
INFO 2026-07-14 21:22:00,646 basehttp 4516 28144 "GET /admin/ HTTP/1.1" 200 9432
INFO 2026-07-14 21:22:02,551 basehttp 4516 28144 "GET /admin/ HTTP/1.1" 200 9432
INFO 2026-07-14 21:22:02,735 basehttp 4516 28144 "GET /admin/ HTTP/1.1" 200 9432
INFO 2026-07-14 21:22:02,898 basehttp 4516 28144 "GET /admin/ HTTP/1.1" 200 9432
INFO 2026-07-14 21:22:03,063 basehttp 4516 28144 "GET /admin/ HTTP/1.1" 200 9432
INFO 2026-07-14 21:22:03,304 basehttp 4516 28144 "GET /admin/ HTTP/1.1" 200 9432
INFO 2026-07-14 21:22:04,537 basehttp 4516 28144 "GET /admin/shop/product/ HTTP/1.1" 200 38477
INFO 2026-07-14 21:22:06,249 basehttp 4516 28144 "GET /admin/ HTTP/1.1" 200 9432
INFO 2026-07-14 21:22:07,255 basehttp 4516 28144 "GET /admin/shop/product/ HTTP/1.1" 200 38477
INFO 2026-07-14 21:22:08,668 basehttp 4516 28144 "GET /admin/ HTTP/1.1" 200 9432
INFO 2026-07-14 21:22:09,544 basehttp 4516 28144 "GET /admin/ HTTP/1.1" 200 9432
WARNING 2026-07-14 21:22:13,426 log 4516 28144 Forbidden (CSRF token from POST incorrect.): /admin/logout/
WARNING 2026-07-14 21:22:13,428 basehttp 4516 28144 "POST /admin/logout/ HTTP/1.1" 403 2503
INFO 2026-07-14 21:22:16,793 basehttp 4516 28144 "GET /admin/reports/ HTTP/1.1" 200 7017
INFO 2026-07-14 21:22:23,793 basehttp 4516 28144 "GET /admin/ HTTP/1.1" 200 9432
INFO 2026-07-14 21:24:03,039 basehttp 4516 28144 "GET /admin/ HTTP/1.1" 200 9432
INFO 2026-07-14 21:24:04,749 basehttp 4516 28144 "GET /admin/ HTTP/1.1" 200 9432
INFO 2026-07-14 21:24:05,148 basehttp 4516 28144 "GET /admin/ HTTP/1.1" 200 9432
WARNING 2026-07-14 21:24:18,213 log 4516 28144 Forbidden (CSRF token from POST incorrect.): /admin/logout/
WARNING 2026-07-14 21:24:18,215 basehttp 4516 28144 "POST /admin/logout/ HTTP/1.1" 403 2503
INFO 2026-07-14 21:24:22,472 basehttp 4516 28144 "GET /admin/shop/product/ HTTP/1.1" 200 38477
INFO 2026-07-14 21:24:27,048 basehttp 4516 28144 "GET /admin/ HTTP/1.1" 200 9432
INFO 2026-07-14 21:24:30,815 basehttp 4516 28144 "GET /admin/ HTTP/1.1" 200 9432
INFO 2026-07-14 21:24:31,628 basehttp 4516 28144 "GET /admin/ HTTP/1.1" 200 9432
INFO 2026-07-14 21:24:31,777 basehttp 4516 28144 "GET /admin/ HTTP/1.1" 200 9432
INFO 2026-07-14 21:24:32,915 basehttp 4516 28144 "GET /admin/ HTTP/1.1" 200 9432
INFO 2026-07-14 21:24:33,083 basehttp 4516 28144 "GET /admin/ HTTP/1.1" 200 9432
INFO 2026-07-14 21:24:35,909 basehttp 4516 28144 "GET /admin/auth/group/ HTTP/1.1" 200 10370
INFO 2026-07-14 21:24:35,936 basehttp 4516 28144 "GET /admin/jsi18n/ HTTP/1.1" 200 3342
INFO 2026-07-14 21:24:38,720 basehttp 4516 28144 "GET /admin/ HTTP/1.1" 200 9432
INFO 2026-07-14 21:24:40,058 basehttp 4516 28144 "GET /admin/auth/user/ HTTP/1.1" 200 14409
INFO 2026-07-14 21:24:40,090 basehttp 4516 28144 "GET /admin/jsi18n/ HTTP/1.1" 200 3342
INFO 2026-07-14 21:24:47,970 basehttp 4516 28144 "GET /admin/ HTTP/1.1" 200 9432
INFO 2026-07-14 21:24:50,346 basehttp 4516 28144 "GET /admin/checkout/order/ HTTP/1.1" 200 15286
INFO 2026-07-14 21:24:50,376 basehttp 4516 28144 "GET /admin/jsi18n/ HTTP/1.1" 200 3342
INFO 2026-07-14 21:24:56,766 basehttp 4516 28144 "GET /admin/ HTTP/1.1" 200 9432
INFO 2026-07-14 21:24:58,875 basehttp 4516 28144 "GET /admin/shop/category/ HTTP/1.1" 200 14028
INFO 2026-07-14 21:24:58,906 basehttp 4516 28144 "GET /admin/jsi18n/ HTTP/1.1" 200 3342
INFO 2026-07-14 21:25:01,351 basehttp 4516 28144 "GET /admin/shop/productvariant/ HTTP/1.1" 200 36333
INFO 2026-07-14 21:25:01,381 basehttp 4516 28144 "GET /admin/jsi18n/ HTTP/1.1" 200 3342
INFO 2026-07-14 21:25:02,636 basehttp 4516 28144 "GET /admin/shop/product/ HTTP/1.1" 200 38477
INFO 2026-07-14 21:25:02,666 basehttp 4516 28144 "GET /admin/jsi18n/ HTTP/1.1" 200 3342
INFO 2026-07-14 21:25:05,808 basehttp 4516 28144 "GET /admin/ HTTP/1.1" 200 9432
INFO 2026-07-14 21:25:27,299 basehttp 4516 28144 "GET /admin/reports HTTP/1.1" 301 0
INFO 2026-07-14 21:25:27,328 basehttp 4516 28144 "GET /admin/reports/ HTTP/1.1" 200 7017
INFO 2026-07-14 21:25:44,222 basehttp 4516 5252 "GET /admin/reports HTTP/1.1" 302 0
INFO 2026-07-14 21:25:44,301 basehttp 4516 5252 "GET /admin/login/?next=/admin/reports HTTP/1.1" 200 4191
INFO 2026-07-14 21:25:44,648 basehttp 4516 11860 "GET /static/admin/css/nav_sidebar.css HTTP/1.1" 200 2810
INFO 2026-07-14 21:25:44,659 basehttp 4516 10452 "GET /static/admin/css/dark_mode.css HTTP/1.1" 200 2808
INFO 2026-07-14 21:25:44,673 basehttp 4516 27764 "GET /static/admin/css/responsive.css HTTP/1.1" 200 16565
INFO 2026-07-14 21:25:44,681 basehttp 4516 18092 "GET /static/admin/js/theme.js HTTP/1.1" 200 1653
INFO 2026-07-14 21:25:44,686 basehttp 4516 26352 "GET /static/admin/css/login.css HTTP/1.1" 200 951
INFO 2026-07-14 21:25:44,691 basehttp 4516 5252 "GET /static/admin/css/base.css HTTP/1.1" 200 22120
INFO 2026-07-14 21:25:44,733 basehttp 4516 26352 "GET /static/admin/js/nav_sidebar.js HTTP/1.1" 200 3063
WARNING 2026-07-14 21:25:44,749 basehttp 4516 26352 "GET /favicon.ico HTTP/1.1" 404 4169
INFO 2026-07-14 21:25:52,325 basehttp 4516 26352 "GET /admin/ HTTP/1.1" 302 0
INFO 2026-07-14 21:25:52,335 basehttp 4516 26352 "GET /admin/login/?next=/admin/ HTTP/1.1" 200 4177
INFO 2026-07-14 21:26:05,743 basehttp 4516 26352 "GET / HTTP/1.1" 200 97615
INFO 2026-07-14 21:26:06,384 basehttp 4516 5252 "GET /media/products/1000526987.jpg HTTP/1.1" 200 200624
INFO 2026-07-14 21:26:06,386 basehttp 4516 10452 "GET /media/products/1000526984.jpg HTTP/1.1" 200 453928
INFO 2026-07-14 21:26:06,392 basehttp 4516 27764 "GET /media/products/1000526985.jpg HTTP/1.1" 200 587190
INFO 2026-07-14 21:26:06,393 basehttp 4516 11860 "GET /media/products/1000526983.jpg HTTP/1.1" 200 748398
INFO 2026-07-14 21:26:06,395 basehttp 4516 18092 "GET /media/products/1000526986.jpg HTTP/1.1" 200 564906
INFO 2026-07-14 21:26:06,402 basehttp 4516 26352 "GET /media/products/1000526988.jpg HTTP/1.1" 200 953641
INFO 2026-07-14 21:26:06,416 basehttp 4516 11860 "GET /media/products/1000526975.jpg HTTP/1.1" 200 166223
INFO 2026-07-14 21:26:06,423 basehttp 4516 26352 "GET /media/products/1000533260.jpg HTTP/1.1" 200 748555
INFO 2026-07-14 21:27:13,662 basehttp 4516 28144 "GET / HTTP/1.1" 200 98816
INFO 2026-07-14 21:29:37,994 autoreload 4516 25132 C:\Users\Hp\Desktop\ORAIMOTECH\core\urls.py changed, reloading.
INFO 2026-07-14 21:29:40,672 autoreload 15764 4500 Watching for file changes with StatReloader
INFO 2026-07-14 21:30:08,596 autoreload 15764 4500 C:\Users\Hp\Desktop\ORAIMOTECH\shop\views.py changed, reloading.
INFO 2026-07-14 21:30:10,341 autoreload 10200 25860 Watching for file changes with StatReloader
WARNING 2026-07-14 21:32:47,479 log 10200 2524 Forbidden (CSRF token from POST incorrect.): /admin/logout/
WARNING 2026-07-14 21:32:47,481 basehttp 10200 2524 "POST /admin/logout/ HTTP/1.1" 403 2503
WARNING 2026-07-14 21:32:51,883 basehttp 10200 2524 "GET /reports/ HTTP/1.1" 404 4846
INFO 2026-07-14 21:32:55,609 basehttp 10200 2524 "GET / HTTP/1.1" 200 98818
INFO 2026-07-14 21:33:05,123 basehttp 10200 2524 "GET / HTTP/1.1" 200 98818
INFO 2026-07-14 21:33:15,595 basehttp 10200 2524 "GET /shop/ HTTP/1.1" 200 76699
INFO 2026-07-14 21:33:16,453 basehttp 10200 20660 "GET /media/products/1000533308.jpg HTTP/1.1" 200 1048906
INFO 2026-07-14 21:33:16,489 basehttp 10200 3664 "GET /media/products/1000525145.png HTTP/1.1" 200 203853
INFO 2026-07-14 21:33:16,528 basehttp 10200 2524 "GET /media/products/1000526968.jpg HTTP/1.1" 200 773432
INFO 2026-07-14 21:33:16,536 basehttp 10200 5828 "GET /media/products/1000525144.png HTTP/1.1" 200 152901
INFO 2026-07-14 21:33:20,108 basehttp 10200 5828 "GET /basket/ HTTP/1.1" 200 61663
INFO 2026-07-14 21:33:23,490 basehttp 10200 5828 "GET /checkout/track/ HTTP/1.1" 200 57173
INFO 2026-07-14 21:33:31,353 basehttp 10200 5828 "GET /terms/ HTTP/1.1" 200 60650
INFO 2026-07-14 21:34:27,759 basehttp 10200 5828 "GET / HTTP/1.1" 200 98818
ERROR 2026-07-14 21:34:31,969 log 10200 5828 Internal Server Error: /returns/
Traceback (most recent call last):
  File "C:\Users\Hp\AppData\Local\Packages\PythonSoftwareFoundation.Python.3.11_qbz5n2kfra8p0\LocalCache\local-packages\Python311\site-packages\django\core\handlers\exception.py", line 55, in inner
    response = get_response(request)
               ^^^^^^^^^^^^^^^^^^^^^
  File "C:\Users\Hp\AppData\Local\Packages\PythonSoftwareFoundation.Python.3.11_qbz5n2kfra8p0\LocalCache\local-packages\Python311\site-packages\django\core\handlers\base.py", line 197, in _get_response
    response = wrapped_callback(request, *callback_args, **callback_kwargs)
               ^^^^^^^^^^^^^^^^^^^^^^^^^^^^^^^^^^^^^^^^^^^^^^^^^^^^^^^^^^^^
  File "C:\Users\Hp\Desktop\ORAIMOTECH\shop\views.py", line 193, in returns_policy
    return render(request, 'shop/returns_policy.html')
           ^^^^^^^^^^^^^^^^^^^^^^^^^^^^^^^^^^^^^^^^^^^
  File "C:\Users\Hp\AppData\Local\Packages\PythonSoftwareFoundation.Python.3.11_qbz5n2kfra8p0\LocalCache\local-packages\Python311\site-packages\django\shortcuts.py", line 25, in render
    content = loader.render_to_string(template_name, context, request, using=using)
              ^^^^^^^^^^^^^^^^^^^^^^^^^^^^^^^^^^^^^^^^^^^^^^^^^^^^^^^^^^^^^^^^^^^^^
  File "C:\Users\Hp\AppData\Local\Packages\PythonSoftwareFoundation.Python.3.11_qbz5n2kfra8p0\LocalCache\local-packages\Python311\site-packages\django\template\loader.py", line 61, in render_to_string
    template = get_template(template_name, using=using)
               ^^^^^^^^^^^^^^^^^^^^^^^^^^^^^^^^^^^^^^^^
  File "C:\Users\Hp\AppData\Local\Packages\PythonSoftwareFoundation.Python.3.11_qbz5n2kfra8p0\LocalCache\local-packages\Python311\site-packages\django\template\loader.py", line 19, in get_template
    raise TemplateDoesNotExist(template_name, chain=chain)
django.template.exceptions.TemplateDoesNotExist: shop/returns_policy.html
ERROR 2026-07-14 21:34:31,969 log 10200 5828 Internal Server Error: /returns/
Traceback (most recent call last):
  File "C:\Users\Hp\AppData\Local\Packages\PythonSoftwareFoundation.Python.3.11_qbz5n2kfra8p0\LocalCache\local-packages\Python311\site-packages\django\core\handlers\exception.py", line 55, in inner
    response = get_response(request)
               ^^^^^^^^^^^^^^^^^^^^^
  File "C:\Users\Hp\AppData\Local\Packages\PythonSoftwareFoundation.Python.3.11_qbz5n2kfra8p0\LocalCache\local-packages\Python311\site-packages\django\core\handlers\base.py", line 197, in _get_response
    response = wrapped_callback(request, *callback_args, **callback_kwargs)
               ^^^^^^^^^^^^^^^^^^^^^^^^^^^^^^^^^^^^^^^^^^^^^^^^^^^^^^^^^^^^
  File "C:\Users\Hp\Desktop\ORAIMOTECH\shop\views.py", line 193, in returns_policy
    return render(request, 'shop/returns_policy.html')
           ^^^^^^^^^^^^^^^^^^^^^^^^^^^^^^^^^^^^^^^^^^^
  File "C:\Users\Hp\AppData\Local\Packages\PythonSoftwareFoundation.Python.3.11_qbz5n2kfra8p0\LocalCache\local-packages\Python311\site-packages\django\shortcuts.py", line 25, in render
    content = loader.render_to_string(template_name, context, request, using=using)
              ^^^^^^^^^^^^^^^^^^^^^^^^^^^^^^^^^^^^^^^^^^^^^^^^^^^^^^^^^^^^^^^^^^^^^
  File "C:\Users\Hp\AppData\Local\Packages\PythonSoftwareFoundation.Python.3.11_qbz5n2kfra8p0\LocalCache\local-packages\Python311\site-packages\django\template\loader.py", line 61, in render_to_string
    template = get_template(template_name, using=using)
               ^^^^^^^^^^^^^^^^^^^^^^^^^^^^^^^^^^^^^^^^
  File "C:\Users\Hp\AppData\Local\Packages\PythonSoftwareFoundation.Python.3.11_qbz5n2kfra8p0\LocalCache\local-packages\Python311\site-packages\django\template\loader.py", line 19, in get_template
    raise TemplateDoesNotExist(template_name, chain=chain)
django.template.exceptions.TemplateDoesNotExist: shop/returns_policy.html
ERROR 2026-07-14 21:34:31,974 basehttp 10200 5828 "GET /returns/ HTTP/1.1" 500 99743
INFO 2026-07-14 21:34:57,685 basehttp 10200 5828 "GET /returns/ HTTP/1.1" 200 60881
INFO 2026-07-14 21:35:43,480 basehttp 10200 5828 "GET / HTTP/1.1" 200 98818
INFO 2026-07-14 21:35:48,611 basehttp 10200 5828 "GET /faq/ HTTP/1.1" 200 62923
INFO 2026-07-14 21:36:18,855 basehttp 10200 5828 "GET / HTTP/1.1" 200 98818
INFO 2026-07-14 21:36:25,398 basehttp 10200 5828 "GET /contact/ HTTP/1.1" 200 59197
INFO 2026-07-14 21:36:25,836 basehttp 10200 5828 "GET /captcha/image/86cf552a31a1783294ebe3ed2dc2c35c052087e2/ HTTP/1.1" 200 4067
INFO 2026-07-14 21:37:11,432 basehttp 10200 5828 "POST /contact/ HTTP/1.1" 302 0
INFO 2026-07-14 21:37:11,457 basehttp 10200 5828 "GET /contact/ HTTP/1.1" 200 59563
INFO 2026-07-14 21:37:11,517 basehttp 10200 5828 "GET /captcha/image/154ebb50f153e0c3f476404dfd70d047c9442269/ HTTP/1.1" 200 4409
INFO 2026-07-14 21:37:29,548 basehttp 10200 5828 "POST /contact/ HTTP/1.1" 200 59812
INFO 2026-07-14 21:37:29,624 basehttp 10200 5828 "GET /captcha/image/df7e48eadaee9f9c02c80e1c2ee17b012ccca152/ HTTP/1.1" 200 5221
INFO 2026-07-14 21:37:38,968 basehttp 10200 5828 "GET /basket/ HTTP/1.1" 200 61663
INFO 2026-07-14 21:37:40,857 basehttp 10200 5828 "GET / HTTP/1.1" 200 98818
INFO 2026-07-14 21:38:54,494 basehttp 10200 5828 "GET /admin/ HTTP/1.1" 200 9432
INFO 2026-07-14 21:38:58,152 basehttp 10200 5828 "POST /admin/logout/ HTTP/1.1" 200 3572
INFO 2026-07-14 21:39:00,782 basehttp 10200 5828 "GET /admin/ HTTP/1.1" 302 0
INFO 2026-07-14 21:39:00,805 basehttp 10200 5828 "GET /admin/login/?next=/admin/ HTTP/1.1" 200 4177
INFO 2026-07-14 21:39:03,923 basehttp 10200 5828 "POST /admin/login/?next=/admin/ HTTP/1.1" 302 0
INFO 2026-07-14 21:39:03,940 basehttp 10200 5828 "GET /admin/ HTTP/1.1" 200 9432
INFO 2026-07-14 21:39:07,067 basehttp 10200 5828 "GET /admin/login/?next=/admin/ HTTP/1.1" 302 0
INFO 2026-07-14 21:39:07,089 basehttp 10200 5828 "GET /admin/ HTTP/1.1" 200 9432
INFO 2026-07-14 21:47:14,055 autoreload 10200 25860 C:\Users\Hp\Desktop\ORAIMOTECH\core\urls.py changed, reloading.
INFO 2026-07-14 21:47:16,536 autoreload 23620 27764 Watching for file changes with StatReloader
WARNING 2026-07-14 21:49:49,333 basehttp 23620 19132 "GET /admin/ HTTP/1.1" 404 4850
INFO 2026-07-14 21:50:05,616 basehttp 23620 19132 "GET /adteddymin HTTP/1.1" 301 0
INFO 2026-07-14 21:50:05,731 basehttp 23620 18916 "GET /adteddymin/ HTTP/1.1" 200 9552
INFO 2026-07-14 21:50:25,726 basehttp 23620 18916 "GET /adteddymin/ HTTP/1.1" 200 9552
INFO 2026-07-14 21:50:28,782 basehttp 23620 18916 "GET / HTTP/1.1" 200 98238
INFO 2026-07-14 21:50:35,521 basehttp 23620 18916 "GET /contact/ HTTP/1.1" 200 58617
INFO 2026-07-14 21:50:35,609 basehttp 23620 18916 "GET /captcha/image/38ad75dddbe2ba5b459d2386010a0e73c574802a/ HTTP/1.1" 200 3674
INFO 2026-07-14 21:50:39,986 basehttp 23620 18916 "GET / HTTP/1.1" 200 98238
INFO 2026-07-14 22:42:28,778 autoreload 23620 27764 C:\Users\Hp\Desktop\ORAIMOTECH\basket\models.py changed, reloading.
INFO 2026-07-14 22:42:30,471 autoreload 2524 1556 Watching for file changes with StatReloader
INFO 2026-07-14 22:42:37,335 autoreload 2524 1556 C:\Users\Hp\Desktop\ORAIMOTECH\basket\basket.py changed, reloading.
INFO 2026-07-14 22:42:38,346 autoreload 26976 144 Watching for file changes with StatReloader
INFO 2026-07-14 22:42:48,616 autoreload 26976 144 C:\Users\Hp\Desktop\ORAIMOTECH\basket\views.py changed, reloading.
INFO 2026-07-14 22:42:49,634 autoreload 19036 21980 Watching for file changes with StatReloader
INFO 2026-07-14 22:43:04,287 autoreload 19036 21980 C:\Users\Hp\Desktop\ORAIMOTECH\basket\urls.py changed, reloading.
INFO 2026-07-14 22:43:05,199 autoreload 15868 25912 Watching for file changes with StatReloader
INFO 2026-07-14 22:43:16,275 autoreload 15868 25912 C:\Users\Hp\Desktop\ORAIMOTECH\checkout\views.py changed, reloading.
INFO 2026-07-14 22:43:17,232 autoreload 5260 22516 Watching for file changes with StatReloader
INFO 2026-07-14 22:43:34,146 autoreload 5260 22516 C:\Users\Hp\Desktop\ORAIMOTECH\shop\models.py changed, reloading.
INFO 2026-07-14 22:43:35,250 autoreload 10200 14488 Watching for file changes with StatReloader
INFO 2026-07-14 22:44:11,236 autoreload 10200 14488 C:\Users\Hp\Desktop\ORAIMOTECH\shop\views.py changed, reloading.
INFO 2026-07-14 22:44:12,208 autoreload 10712 27260 Watching for file changes with StatReloader
INFO 2026-07-14 22:44:31,931 autoreload 10712 27260 C:\Users\Hp\Desktop\ORAIMOTECH\shop\admin.py changed, reloading.
INFO 2026-07-14 22:44:32,903 autoreload 2888 22152 Watching for file changes with StatReloader
INFO 2026-07-14 22:44:48,078 autoreload 2888 22152 C:\Users\Hp\Desktop\ORAIMOTECH\core\urls.py changed, reloading.
INFO 2026-07-14 22:44:49,003 autoreload 2920 9012 Watching for file changes with StatReloader
INFO 2026-07-14 22:49:05,579 autoreload 2920 9012 C:\Users\Hp\Desktop\ORAIMOTECH\core\settings.py changed, reloading.
INFO 2026-07-14 22:49:06,992 autoreload 5500 18768 Watching for file changes with StatReloader
INFO 2026-07-14 22:49:43,368 autoreload 5500 18768 C:\Users\Hp\Desktop\ORAIMOTECH\core\urls.py changed, reloading.
INFO 2026-07-14 22:49:44,286 autoreload 1760 12068 Watching for file changes with StatReloader
INFO 2026-07-14 22:49:49,576 autoreload 1760 12068 C:\Users\Hp\Desktop\ORAIMOTECH\core\urls.py changed, reloading.
INFO 2026-07-14 22:49:50,486 autoreload 24652 13820 Watching for file changes with StatReloader
INFO 2026-07-14 22:52:19,628 autoreload 5024 3844 Watching for file changes with StatReloader
INFO 2026-07-14 22:55:09,615 autoreload 7888 19192 Watching for file changes with StatReloader
INFO 2026-07-14 22:56:19,152 autoreload 7888 19192 C:\Users\Hp\Desktop\ORAIMOTECH\shop\views.py changed, reloading.
INFO 2026-07-14 22:56:20,051 autoreload 27588 15132 Watching for file changes with StatReloader
INFO 2026-07-14 22:56:42,787 autoreload 26424 25008 Watching for file changes with StatReloader
ERROR 2026-07-14 22:56:57,572 log 26424 25380 Internal Server Error: /faq/
Traceback (most recent call last):
  File "C:\Users\Hp\AppData\Local\Packages\PythonSoftwareFoundation.Python.3.11_qbz5n2kfra8p0\LocalCache\local-packages\Python311\site-packages\django\core\handlers\exception.py", line 55, in inner
    response = get_response(request)
               ^^^^^^^^^^^^^^^^^^^^^
  File "C:\Users\Hp\AppData\Local\Packages\PythonSoftwareFoundation.Python.3.11_qbz5n2kfra8p0\LocalCache\local-packages\Python311\site-packages\django\core\handlers\base.py", line 197, in _get_response
    response = wrapped_callback(request, *callback_args, **callback_kwargs)
               ^^^^^^^^^^^^^^^^^^^^^^^^^^^^^^^^^^^^^^^^^^^^^^^^^^^^^^^^^^^^
  File "C:\Users\Hp\Desktop\ORAIMOTECH\shop\views.py", line 227, in faq_page
    return render(request, 'shop/faq.html')
           ^^^^^^^^^^^^^^^^^^^^^^^^^^^^^^^^
  File "C:\Users\Hp\AppData\Local\Packages\PythonSoftwareFoundation.Python.3.11_qbz5n2kfra8p0\LocalCache\local-packages\Python311\site-packages\django\shortcuts.py", line 25, in render
    content = loader.render_to_string(template_name, context, request, using=using)
              ^^^^^^^^^^^^^^^^^^^^^^^^^^^^^^^^^^^^^^^^^^^^^^^^^^^^^^^^^^^^^^^^^^^^^
  File "C:\Users\Hp\AppData\Local\Packages\PythonSoftwareFoundation.Python.3.11_qbz5n2kfra8p0\LocalCache\local-packages\Python311\site-packages\django\template\loader.py", line 62, in render_to_string
    return template.render(context, request)
           ^^^^^^^^^^^^^^^^^^^^^^^^^^^^^^^^^
  File "C:\Users\Hp\AppData\Local\Packages\PythonSoftwareFoundation.Python.3.11_qbz5n2kfra8p0\LocalCache\local-packages\Python311\site-packages\django\template\backends\django.py", line 107, in render
    return self.template.render(context)
           ^^^^^^^^^^^^^^^^^^^^^^^^^^^^^
  File "C:\Users\Hp\AppData\Local\Packages\PythonSoftwareFoundation.Python.3.11_qbz5n2kfra8p0\LocalCache\local-packages\Python311\site-packages\django\template\base.py", line 172, in render
    return self._render(context)
           ^^^^^^^^^^^^^^^^^^^^^
  File "C:\Users\Hp\AppData\Local\Packages\PythonSoftwareFoundation.Python.3.11_qbz5n2kfra8p0\LocalCache\local-packages\Python311\site-packages\django\template\base.py", line 164, in _render
    return self.nodelist.render(context)
           ^^^^^^^^^^^^^^^^^^^^^^^^^^^^^
  File "C:\Users\Hp\AppData\Local\Packages\PythonSoftwareFoundation.Python.3.11_qbz5n2kfra8p0\LocalCache\local-packages\Python311\site-packages\django\template\base.py", line 1018, in render
    return SafeString("".join([node.render_annotated(context) for node in self]))
                              ^^^^^^^^^^^^^^^^^^^^^^^^^^^^^^^^^^^^^^^^^^^^^^^^^
  File "C:\Users\Hp\AppData\Local\Packages\PythonSoftwareFoundation.Python.3.11_qbz5n2kfra8p0\LocalCache\local-packages\Python311\site-packages\django\template\base.py", line 1018, in <listcomp>
    return SafeString("".join([node.render_annotated(context) for node in self]))
                               ^^^^^^^^^^^^^^^^^^^^^^^^^^^^^^
  File "C:\Users\Hp\AppData\Local\Packages\PythonSoftwareFoundation.Python.3.11_qbz5n2kfra8p0\LocalCache\local-packages\Python311\site-packages\django\template\base.py", line 979, in render_annotated
    return self.render(context)
           ^^^^^^^^^^^^^^^^^^^^
  File "C:\Users\Hp\AppData\Local\Packages\PythonSoftwareFoundation.Python.3.11_qbz5n2kfra8p0\LocalCache\local-packages\Python311\site-packages\django\template\loader_tags.py", line 159, in render
    return compiled_parent._render(context)
           ^^^^^^^^^^^^^^^^^^^^^^^^^^^^^^^^
  File "C:\Users\Hp\AppData\Local\Packages\PythonSoftwareFoundation.Python.3.11_qbz5n2kfra8p0\LocalCache\local-packages\Python311\site-packages\django\template\base.py", line 164, in _render
    return self.nodelist.render(context)
           ^^^^^^^^^^^^^^^^^^^^^^^^^^^^^
  File "C:\Users\Hp\AppData\Local\Packages\PythonSoftwareFoundation.Python.3.11_qbz5n2kfra8p0\LocalCache\local-packages\Python311\site-packages\django\template\base.py", line 1018, in render
    return SafeString("".join([node.render_annotated(context) for node in self]))
                              ^^^^^^^^^^^^^^^^^^^^^^^^^^^^^^^^^^^^^^^^^^^^^^^^^
  File "C:\Users\Hp\AppData\Local\Packages\PythonSoftwareFoundation.Python.3.11_qbz5n2kfra8p0\LocalCache\local-packages\Python311\site-packages\django\template\base.py", line 1018, in <listcomp>
    return SafeString("".join([node.render_annotated(context) for node in self]))
                               ^^^^^^^^^^^^^^^^^^^^^^^^^^^^^^
  File "C:\Users\Hp\AppData\Local\Packages\PythonSoftwareFoundation.Python.3.11_qbz5n2kfra8p0\LocalCache\local-packages\Python311\site-packages\django\template\base.py", line 979, in render_annotated
    return self.render(context)
           ^^^^^^^^^^^^^^^^^^^^
  File "C:\Users\Hp\AppData\Local\Packages\PythonSoftwareFoundation.Python.3.11_qbz5n2kfra8p0\LocalCache\local-packages\Python311\site-packages\django\template\defaulttags.py", line 480, in render
    url = reverse(view_name, args=args, kwargs=kwargs, current_app=current_app)
          ^^^^^^^^^^^^^^^^^^^^^^^^^^^^^^^^^^^^^^^^^^^^^^^^^^^^^^^^^^^^^^^^^^^^^
  File "C:\Users\Hp\AppData\Local\Packages\PythonSoftwareFoundation.Python.3.11_qbz5n2kfra8p0\LocalCache\local-packages\Python311\site-packages\django\urls\base.py", line 98, in reverse
    resolved_url = resolver._reverse_with_prefix(view, prefix, *args, **kwargs)
                   ^^^^^^^^^^^^^^^^^^^^^^^^^^^^^^^^^^^^^^^^^^^^^^^^^^^^^^^^^^^^
  File "C:\Users\Hp\AppData\Local\Packages\PythonSoftwareFoundation.Python.3.11_qbz5n2kfra8p0\LocalCache\local-packages\Python311\site-packages\django\urls\resolvers.py", line 831, in _reverse_with_prefix
    raise NoReverseMatch(msg)
django.urls.exceptions.NoReverseMatch: Reverse for 'basket_detail' not found. 'basket_detail' is not a valid view function or pattern name.
ERROR 2026-07-14 22:56:57,572 log 26424 25380 Internal Server Error: /faq/
Traceback (most recent call last):
  File "C:\Users\Hp\AppData\Local\Packages\PythonSoftwareFoundation.Python.3.11_qbz5n2kfra8p0\LocalCache\local-packages\Python311\site-packages\django\core\handlers\exception.py", line 55, in inner
    response = get_response(request)
               ^^^^^^^^^^^^^^^^^^^^^
  File "C:\Users\Hp\AppData\Local\Packages\PythonSoftwareFoundation.Python.3.11_qbz5n2kfra8p0\LocalCache\local-packages\Python311\site-packages\django\core\handlers\base.py", line 197, in _get_response
    response = wrapped_callback(request, *callback_args, **callback_kwargs)
               ^^^^^^^^^^^^^^^^^^^^^^^^^^^^^^^^^^^^^^^^^^^^^^^^^^^^^^^^^^^^
  File "C:\Users\Hp\Desktop\ORAIMOTECH\shop\views.py", line 227, in faq_page
    return render(request, 'shop/faq.html')
           ^^^^^^^^^^^^^^^^^^^^^^^^^^^^^^^^
  File "C:\Users\Hp\AppData\Local\Packages\PythonSoftwareFoundation.Python.3.11_qbz5n2kfra8p0\LocalCache\local-packages\Python311\site-packages\django\shortcuts.py", line 25, in render
    content = loader.render_to_string(template_name, context, request, using=using)
              ^^^^^^^^^^^^^^^^^^^^^^^^^^^^^^^^^^^^^^^^^^^^^^^^^^^^^^^^^^^^^^^^^^^^^
  File "C:\Users\Hp\AppData\Local\Packages\PythonSoftwareFoundation.Python.3.11_qbz5n2kfra8p0\LocalCache\local-packages\Python311\site-packages\django\template\loader.py", line 62, in render_to_string
    return template.render(context, request)
           ^^^^^^^^^^^^^^^^^^^^^^^^^^^^^^^^^
  File "C:\Users\Hp\AppData\Local\Packages\PythonSoftwareFoundation.Python.3.11_qbz5n2kfra8p0\LocalCache\local-packages\Python311\site-packages\django\template\backends\django.py", line 107, in render
    return self.template.render(context)
           ^^^^^^^^^^^^^^^^^^^^^^^^^^^^^
  File "C:\Users\Hp\AppData\Local\Packages\PythonSoftwareFoundation.Python.3.11_qbz5n2kfra8p0\LocalCache\local-packages\Python311\site-packages\django\template\base.py", line 172, in render
    return self._render(context)
           ^^^^^^^^^^^^^^^^^^^^^
  File "C:\Users\Hp\AppData\Local\Packages\PythonSoftwareFoundation.Python.3.11_qbz5n2kfra8p0\LocalCache\local-packages\Python311\site-packages\django\template\base.py", line 164, in _render
    return self.nodelist.render(context)
           ^^^^^^^^^^^^^^^^^^^^^^^^^^^^^
  File "C:\Users\Hp\AppData\Local\Packages\PythonSoftwareFoundation.Python.3.11_qbz5n2kfra8p0\LocalCache\local-packages\Python311\site-packages\django\template\base.py", line 1018, in render
    return SafeString("".join([node.render_annotated(context) for node in self]))
                              ^^^^^^^^^^^^^^^^^^^^^^^^^^^^^^^^^^^^^^^^^^^^^^^^^
  File "C:\Users\Hp\AppData\Local\Packages\PythonSoftwareFoundation.Python.3.11_qbz5n2kfra8p0\LocalCache\local-packages\Python311\site-packages\django\template\base.py", line 1018, in <listcomp>
    return SafeString("".join([node.render_annotated(context) for node in self]))
                               ^^^^^^^^^^^^^^^^^^^^^^^^^^^^^^
  File "C:\Users\Hp\AppData\Local\Packages\PythonSoftwareFoundation.Python.3.11_qbz5n2kfra8p0\LocalCache\local-packages\Python311\site-packages\django\template\base.py", line 979, in render_annotated
    return self.render(context)
           ^^^^^^^^^^^^^^^^^^^^
  File "C:\Users\Hp\AppData\Local\Packages\PythonSoftwareFoundation.Python.3.11_qbz5n2kfra8p0\LocalCache\local-packages\Python311\site-packages\django\template\loader_tags.py", line 159, in render
    return compiled_parent._render(context)
           ^^^^^^^^^^^^^^^^^^^^^^^^^^^^^^^^
  File "C:\Users\Hp\AppData\Local\Packages\PythonSoftwareFoundation.Python.3.11_qbz5n2kfra8p0\LocalCache\local-packages\Python311\site-packages\django\template\base.py", line 164, in _render
    return self.nodelist.render(context)
           ^^^^^^^^^^^^^^^^^^^^^^^^^^^^^
  File "C:\Users\Hp\AppData\Local\Packages\PythonSoftwareFoundation.Python.3.11_qbz5n2kfra8p0\LocalCache\local-packages\Python311\site-packages\django\template\base.py", line 1018, in render
    return SafeString("".join([node.render_annotated(context) for node in self]))
                              ^^^^^^^^^^^^^^^^^^^^^^^^^^^^^^^^^^^^^^^^^^^^^^^^^
  File "C:\Users\Hp\AppData\Local\Packages\PythonSoftwareFoundation.Python.3.11_qbz5n2kfra8p0\LocalCache\local-packages\Python311\site-packages\django\template\base.py", line 1018, in <listcomp>
    return SafeString("".join([node.render_annotated(context) for node in self]))
                               ^^^^^^^^^^^^^^^^^^^^^^^^^^^^^^
  File "C:\Users\Hp\AppData\Local\Packages\PythonSoftwareFoundation.Python.3.11_qbz5n2kfra8p0\LocalCache\local-packages\Python311\site-packages\django\template\base.py", line 979, in render_annotated
    return self.render(context)
           ^^^^^^^^^^^^^^^^^^^^
  File "C:\Users\Hp\AppData\Local\Packages\PythonSoftwareFoundation.Python.3.11_qbz5n2kfra8p0\LocalCache\local-packages\Python311\site-packages\django\template\defaulttags.py", line 480, in render
    url = reverse(view_name, args=args, kwargs=kwargs, current_app=current_app)
          ^^^^^^^^^^^^^^^^^^^^^^^^^^^^^^^^^^^^^^^^^^^^^^^^^^^^^^^^^^^^^^^^^^^^^
  File "C:\Users\Hp\AppData\Local\Packages\PythonSoftwareFoundation.Python.3.11_qbz5n2kfra8p0\LocalCache\local-packages\Python311\site-packages\django\urls\base.py", line 98, in reverse
    resolved_url = resolver._reverse_with_prefix(view, prefix, *args, **kwargs)
                   ^^^^^^^^^^^^^^^^^^^^^^^^^^^^^^^^^^^^^^^^^^^^^^^^^^^^^^^^^^^^
  File "C:\Users\Hp\AppData\Local\Packages\PythonSoftwareFoundation.Python.3.11_qbz5n2kfra8p0\LocalCache\local-packages\Python311\site-packages\django\urls\resolvers.py", line 831, in _reverse_with_prefix
    raise NoReverseMatch(msg)
django.urls.exceptions.NoReverseMatch: Reverse for 'basket_detail' not found. 'basket_detail' is not a valid view function or pattern name.
ERROR 2026-07-14 22:56:57,581 basehttp 26424 25380 "GET /faq/ HTTP/1.1" 500 161155
ERROR 2026-07-14 22:57:02,892 log 26424 25380 Internal Server Error: /terms/
Traceback (most recent call last):
  File "C:\Users\Hp\AppData\Local\Packages\PythonSoftwareFoundation.Python.3.11_qbz5n2kfra8p0\LocalCache\local-packages\Python311\site-packages\django\core\handlers\exception.py", line 55, in inner
    response = get_response(request)
               ^^^^^^^^^^^^^^^^^^^^^
  File "C:\Users\Hp\AppData\Local\Packages\PythonSoftwareFoundation.Python.3.11_qbz5n2kfra8p0\LocalCache\local-packages\Python311\site-packages\django\core\handlers\base.py", line 197, in _get_response
    response = wrapped_callback(request, *callback_args, **callback_kwargs)
               ^^^^^^^^^^^^^^^^^^^^^^^^^^^^^^^^^^^^^^^^^^^^^^^^^^^^^^^^^^^^
  File "C:\Users\Hp\Desktop\ORAIMOTECH\shop\views.py", line 219, in terms_of_service
    return render(request, 'shop/terms_of_service.html')
           ^^^^^^^^^^^^^^^^^^^^^^^^^^^^^^^^^^^^^^^^^^^^^
  File "C:\Users\Hp\AppData\Local\Packages\PythonSoftwareFoundation.Python.3.11_qbz5n2kfra8p0\LocalCache\local-packages\Python311\site-packages\django\shortcuts.py", line 25, in render
    content = loader.render_to_string(template_name, context, request, using=using)
              ^^^^^^^^^^^^^^^^^^^^^^^^^^^^^^^^^^^^^^^^^^^^^^^^^^^^^^^^^^^^^^^^^^^^^
  File "C:\Users\Hp\AppData\Local\Packages\PythonSoftwareFoundation.Python.3.11_qbz5n2kfra8p0\LocalCache\local-packages\Python311\site-packages\django\template\loader.py", line 62, in render_to_string
    return template.render(context, request)
           ^^^^^^^^^^^^^^^^^^^^^^^^^^^^^^^^^
  File "C:\Users\Hp\AppData\Local\Packages\PythonSoftwareFoundation.Python.3.11_qbz5n2kfra8p0\LocalCache\local-packages\Python311\site-packages\django\template\backends\django.py", line 107, in render
    return self.template.render(context)
           ^^^^^^^^^^^^^^^^^^^^^^^^^^^^^
  File "C:\Users\Hp\AppData\Local\Packages\PythonSoftwareFoundation.Python.3.11_qbz5n2kfra8p0\LocalCache\local-packages\Python311\site-packages\django\template\base.py", line 172, in render
    return self._render(context)
           ^^^^^^^^^^^^^^^^^^^^^
  File "C:\Users\Hp\AppData\Local\Packages\PythonSoftwareFoundation.Python.3.11_qbz5n2kfra8p0\LocalCache\local-packages\Python311\site-packages\django\template\base.py", line 164, in _render
    return self.nodelist.render(context)
           ^^^^^^^^^^^^^^^^^^^^^^^^^^^^^
  File "C:\Users\Hp\AppData\Local\Packages\PythonSoftwareFoundation.Python.3.11_qbz5n2kfra8p0\LocalCache\local-packages\Python311\site-packages\django\template\base.py", line 1018, in render
    return SafeString("".join([node.render_annotated(context) for node in self]))
                              ^^^^^^^^^^^^^^^^^^^^^^^^^^^^^^^^^^^^^^^^^^^^^^^^^
  File "C:\Users\Hp\AppData\Local\Packages\PythonSoftwareFoundation.Python.3.11_qbz5n2kfra8p0\LocalCache\local-packages\Python311\site-packages\django\template\base.py", line 1018, in <listcomp>
    return SafeString("".join([node.render_annotated(context) for node in self]))
                               ^^^^^^^^^^^^^^^^^^^^^^^^^^^^^^
  File "C:\Users\Hp\AppData\Local\Packages\PythonSoftwareFoundation.Python.3.11_qbz5n2kfra8p0\LocalCache\local-packages\Python311\site-packages\django\template\base.py", line 979, in render_annotated
    return self.render(context)
           ^^^^^^^^^^^^^^^^^^^^
  File "C:\Users\Hp\AppData\Local\Packages\PythonSoftwareFoundation.Python.3.11_qbz5n2kfra8p0\LocalCache\local-packages\Python311\site-packages\django\template\loader_tags.py", line 159, in render
    return compiled_parent._render(context)
           ^^^^^^^^^^^^^^^^^^^^^^^^^^^^^^^^
  File "C:\Users\Hp\AppData\Local\Packages\PythonSoftwareFoundation.Python.3.11_qbz5n2kfra8p0\LocalCache\local-packages\Python311\site-packages\django\template\base.py", line 164, in _render
    return self.nodelist.render(context)
           ^^^^^^^^^^^^^^^^^^^^^^^^^^^^^
  File "C:\Users\Hp\AppData\Local\Packages\PythonSoftwareFoundation.Python.3.11_qbz5n2kfra8p0\LocalCache\local-packages\Python311\site-packages\django\template\base.py", line 1018, in render
    return SafeString("".join([node.render_annotated(context) for node in self]))
                              ^^^^^^^^^^^^^^^^^^^^^^^^^^^^^^^^^^^^^^^^^^^^^^^^^
  File "C:\Users\Hp\AppData\Local\Packages\PythonSoftwareFoundation.Python.3.11_qbz5n2kfra8p0\LocalCache\local-packages\Python311\site-packages\django\template\base.py", line 1018, in <listcomp>
    return SafeString("".join([node.render_annotated(context) for node in self]))
                               ^^^^^^^^^^^^^^^^^^^^^^^^^^^^^^
  File "C:\Users\Hp\AppData\Local\Packages\PythonSoftwareFoundation.Python.3.11_qbz5n2kfra8p0\LocalCache\local-packages\Python311\site-packages\django\template\base.py", line 979, in render_annotated
    return self.render(context)
           ^^^^^^^^^^^^^^^^^^^^
  File "C:\Users\Hp\AppData\Local\Packages\PythonSoftwareFoundation.Python.3.11_qbz5n2kfra8p0\LocalCache\local-packages\Python311\site-packages\django\template\defaulttags.py", line 480, in render
    url = reverse(view_name, args=args, kwargs=kwargs, current_app=current_app)
          ^^^^^^^^^^^^^^^^^^^^^^^^^^^^^^^^^^^^^^^^^^^^^^^^^^^^^^^^^^^^^^^^^^^^^
  File "C:\Users\Hp\AppData\Local\Packages\PythonSoftwareFoundation.Python.3.11_qbz5n2kfra8p0\LocalCache\local-packages\Python311\site-packages\django\urls\base.py", line 98, in reverse
    resolved_url = resolver._reverse_with_prefix(view, prefix, *args, **kwargs)
                   ^^^^^^^^^^^^^^^^^^^^^^^^^^^^^^^^^^^^^^^^^^^^^^^^^^^^^^^^^^^^
  File "C:\Users\Hp\AppData\Local\Packages\PythonSoftwareFoundation.Python.3.11_qbz5n2kfra8p0\LocalCache\local-packages\Python311\site-packages\django\urls\resolvers.py", line 831, in _reverse_with_prefix
    raise NoReverseMatch(msg)
django.urls.exceptions.NoReverseMatch: Reverse for 'basket_detail' not found. 'basket_detail' is not a valid view function or pattern name.
ERROR 2026-07-14 22:57:02,892 log 26424 25380 Internal Server Error: /terms/
Traceback (most recent call last):
  File "C:\Users\Hp\AppData\Local\Packages\PythonSoftwareFoundation.Python.3.11_qbz5n2kfra8p0\LocalCache\local-packages\Python311\site-packages\django\core\handlers\exception.py", line 55, in inner
    response = get_response(request)
               ^^^^^^^^^^^^^^^^^^^^^
  File "C:\Users\Hp\AppData\Local\Packages\PythonSoftwareFoundation.Python.3.11_qbz5n2kfra8p0\LocalCache\local-packages\Python311\site-packages\django\core\handlers\base.py", line 197, in _get_response
    response = wrapped_callback(request, *callback_args, **callback_kwargs)
               ^^^^^^^^^^^^^^^^^^^^^^^^^^^^^^^^^^^^^^^^^^^^^^^^^^^^^^^^^^^^
  File "C:\Users\Hp\Desktop\ORAIMOTECH\shop\views.py", line 219, in terms_of_service
    return render(request, 'shop/terms_of_service.html')
           ^^^^^^^^^^^^^^^^^^^^^^^^^^^^^^^^^^^^^^^^^^^^^
  File "C:\Users\Hp\AppData\Local\Packages\PythonSoftwareFoundation.Python.3.11_qbz5n2kfra8p0\LocalCache\local-packages\Python311\site-packages\django\shortcuts.py", line 25, in render
    content = loader.render_to_string(template_name, context, request, using=using)
              ^^^^^^^^^^^^^^^^^^^^^^^^^^^^^^^^^^^^^^^^^^^^^^^^^^^^^^^^^^^^^^^^^^^^^
  File "C:\Users\Hp\AppData\Local\Packages\PythonSoftwareFoundation.Python.3.11_qbz5n2kfra8p0\LocalCache\local-packages\Python311\site-packages\django\template\loader.py", line 62, in render_to_string
    return template.render(context, request)
           ^^^^^^^^^^^^^^^^^^^^^^^^^^^^^^^^^
  File "C:\Users\Hp\AppData\Local\Packages\PythonSoftwareFoundation.Python.3.11_qbz5n2kfra8p0\LocalCache\local-packages\Python311\site-packages\django\template\backends\django.py", line 107, in render
    return self.template.render(context)
           ^^^^^^^^^^^^^^^^^^^^^^^^^^^^^
  File "C:\Users\Hp\AppData\Local\Packages\PythonSoftwareFoundation.Python.3.11_qbz5n2kfra8p0\LocalCache\local-packages\Python311\site-packages\django\template\base.py", line 172, in render
    return self._render(context)
           ^^^^^^^^^^^^^^^^^^^^^
  File "C:\Users\Hp\AppData\Local\Packages\PythonSoftwareFoundation.Python.3.11_qbz5n2kfra8p0\LocalCache\local-packages\Python311\site-packages\django\template\base.py", line 164, in _render
    return self.nodelist.render(context)
           ^^^^^^^^^^^^^^^^^^^^^^^^^^^^^
  File "C:\Users\Hp\AppData\Local\Packages\PythonSoftwareFoundation.Python.3.11_qbz5n2kfra8p0\LocalCache\local-packages\Python311\site-packages\django\template\base.py", line 1018, in render
    return SafeString("".join([node.render_annotated(context) for node in self]))
                              ^^^^^^^^^^^^^^^^^^^^^^^^^^^^^^^^^^^^^^^^^^^^^^^^^
  File "C:\Users\Hp\AppData\Local\Packages\PythonSoftwareFoundation.Python.3.11_qbz5n2kfra8p0\LocalCache\local-packages\Python311\site-packages\django\template\base.py", line 1018, in <listcomp>
    return SafeString("".join([node.render_annotated(context) for node in self]))
                               ^^^^^^^^^^^^^^^^^^^^^^^^^^^^^^
  File "C:\Users\Hp\AppData\Local\Packages\PythonSoftwareFoundation.Python.3.11_qbz5n2kfra8p0\LocalCache\local-packages\Python311\site-packages\django\template\base.py", line 979, in render_annotated
    return self.render(context)
           ^^^^^^^^^^^^^^^^^^^^
  File "C:\Users\Hp\AppData\Local\Packages\PythonSoftwareFoundation.Python.3.11_qbz5n2kfra8p0\LocalCache\local-packages\Python311\site-packages\django\template\loader_tags.py", line 159, in render
    return compiled_parent._render(context)
           ^^^^^^^^^^^^^^^^^^^^^^^^^^^^^^^^
  File "C:\Users\Hp\AppData\Local\Packages\PythonSoftwareFoundation.Python.3.11_qbz5n2kfra8p0\LocalCache\local-packages\Python311\site-packages\django\template\base.py", line 164, in _render
    return self.nodelist.render(context)
           ^^^^^^^^^^^^^^^^^^^^^^^^^^^^^
  File "C:\Users\Hp\AppData\Local\Packages\PythonSoftwareFoundation.Python.3.11_qbz5n2kfra8p0\LocalCache\local-packages\Python311\site-packages\django\template\base.py", line 1018, in render
    return SafeString("".join([node.render_annotated(context) for node in self]))
                              ^^^^^^^^^^^^^^^^^^^^^^^^^^^^^^^^^^^^^^^^^^^^^^^^^
  File "C:\Users\Hp\AppData\Local\Packages\PythonSoftwareFoundation.Python.3.11_qbz5n2kfra8p0\LocalCache\local-packages\Python311\site-packages\django\template\base.py", line 1018, in <listcomp>
    return SafeString("".join([node.render_annotated(context) for node in self]))
                               ^^^^^^^^^^^^^^^^^^^^^^^^^^^^^^
  File "C:\Users\Hp\AppData\Local\Packages\PythonSoftwareFoundation.Python.3.11_qbz5n2kfra8p0\LocalCache\local-packages\Python311\site-packages\django\template\base.py", line 979, in render_annotated
    return self.render(context)
           ^^^^^^^^^^^^^^^^^^^^
  File "C:\Users\Hp\AppData\Local\Packages\PythonSoftwareFoundation.Python.3.11_qbz5n2kfra8p0\LocalCache\local-packages\Python311\site-packages\django\template\defaulttags.py", line 480, in render
    url = reverse(view_name, args=args, kwargs=kwargs, current_app=current_app)
          ^^^^^^^^^^^^^^^^^^^^^^^^^^^^^^^^^^^^^^^^^^^^^^^^^^^^^^^^^^^^^^^^^^^^^
  File "C:\Users\Hp\AppData\Local\Packages\PythonSoftwareFoundation.Python.3.11_qbz5n2kfra8p0\LocalCache\local-packages\Python311\site-packages\django\urls\base.py", line 98, in reverse
    resolved_url = resolver._reverse_with_prefix(view, prefix, *args, **kwargs)
                   ^^^^^^^^^^^^^^^^^^^^^^^^^^^^^^^^^^^^^^^^^^^^^^^^^^^^^^^^^^^^
  File "C:\Users\Hp\AppData\Local\Packages\PythonSoftwareFoundation.Python.3.11_qbz5n2kfra8p0\LocalCache\local-packages\Python311\site-packages\django\urls\resolvers.py", line 831, in _reverse_with_prefix
    raise NoReverseMatch(msg)
django.urls.exceptions.NoReverseMatch: Reverse for 'basket_detail' not found. 'basket_detail' is not a valid view function or pattern name.
ERROR 2026-07-14 22:57:02,895 basehttp 26424 25380 "GET /terms/ HTTP/1.1" 500 161999
ERROR 2026-07-14 22:57:10,542 log 26424 25380 Internal Server Error: /terms/
Traceback (most recent call last):
  File "C:\Users\Hp\AppData\Local\Packages\PythonSoftwareFoundation.Python.3.11_qbz5n2kfra8p0\LocalCache\local-packages\Python311\site-packages\django\core\handlers\exception.py", line 55, in inner
    response = get_response(request)
               ^^^^^^^^^^^^^^^^^^^^^
  File "C:\Users\Hp\AppData\Local\Packages\PythonSoftwareFoundation.Python.3.11_qbz5n2kfra8p0\LocalCache\local-packages\Python311\site-packages\django\core\handlers\base.py", line 197, in _get_response
    response = wrapped_callback(request, *callback_args, **callback_kwargs)
               ^^^^^^^^^^^^^^^^^^^^^^^^^^^^^^^^^^^^^^^^^^^^^^^^^^^^^^^^^^^^
  File "C:\Users\Hp\Desktop\ORAIMOTECH\shop\views.py", line 219, in terms_of_service
    return render(request, 'shop/terms_of_service.html')
           ^^^^^^^^^^^^^^^^^^^^^^^^^^^^^^^^^^^^^^^^^^^^^
  File "C:\Users\Hp\AppData\Local\Packages\PythonSoftwareFoundation.Python.3.11_qbz5n2kfra8p0\LocalCache\local-packages\Python311\site-packages\django\shortcuts.py", line 25, in render
    content = loader.render_to_string(template_name, context, request, using=using)
              ^^^^^^^^^^^^^^^^^^^^^^^^^^^^^^^^^^^^^^^^^^^^^^^^^^^^^^^^^^^^^^^^^^^^^
  File "C:\Users\Hp\AppData\Local\Packages\PythonSoftwareFoundation.Python.3.11_qbz5n2kfra8p0\LocalCache\local-packages\Python311\site-packages\django\template\loader.py", line 62, in render_to_string
    return template.render(context, request)
           ^^^^^^^^^^^^^^^^^^^^^^^^^^^^^^^^^
  File "C:\Users\Hp\AppData\Local\Packages\PythonSoftwareFoundation.Python.3.11_qbz5n2kfra8p0\LocalCache\local-packages\Python311\site-packages\django\template\backends\django.py", line 107, in render
    return self.template.render(context)
           ^^^^^^^^^^^^^^^^^^^^^^^^^^^^^
  File "C:\Users\Hp\AppData\Local\Packages\PythonSoftwareFoundation.Python.3.11_qbz5n2kfra8p0\LocalCache\local-packages\Python311\site-packages\django\template\base.py", line 172, in render
    return self._render(context)
           ^^^^^^^^^^^^^^^^^^^^^
  File "C:\Users\Hp\AppData\Local\Packages\PythonSoftwareFoundation.Python.3.11_qbz5n2kfra8p0\LocalCache\local-packages\Python311\site-packages\django\template\base.py", line 164, in _render
    return self.nodelist.render(context)
           ^^^^^^^^^^^^^^^^^^^^^^^^^^^^^
  File "C:\Users\Hp\AppData\Local\Packages\PythonSoftwareFoundation.Python.3.11_qbz5n2kfra8p0\LocalCache\local-packages\Python311\site-packages\django\template\base.py", line 1018, in render
    return SafeString("".join([node.render_annotated(context) for node in self]))
                              ^^^^^^^^^^^^^^^^^^^^^^^^^^^^^^^^^^^^^^^^^^^^^^^^^
  File "C:\Users\Hp\AppData\Local\Packages\PythonSoftwareFoundation.Python.3.11_qbz5n2kfra8p0\LocalCache\local-packages\Python311\site-packages\django\template\base.py", line 1018, in <listcomp>
    return SafeString("".join([node.render_annotated(context) for node in self]))
                               ^^^^^^^^^^^^^^^^^^^^^^^^^^^^^^
  File "C:\Users\Hp\AppData\Local\Packages\PythonSoftwareFoundation.Python.3.11_qbz5n2kfra8p0\LocalCache\local-packages\Python311\site-packages\django\template\base.py", line 979, in render_annotated
    return self.render(context)
           ^^^^^^^^^^^^^^^^^^^^
  File "C:\Users\Hp\AppData\Local\Packages\PythonSoftwareFoundation.Python.3.11_qbz5n2kfra8p0\LocalCache\local-packages\Python311\site-packages\django\template\loader_tags.py", line 159, in render
    return compiled_parent._render(context)
           ^^^^^^^^^^^^^^^^^^^^^^^^^^^^^^^^
  File "C:\Users\Hp\AppData\Local\Packages\PythonSoftwareFoundation.Python.3.11_qbz5n2kfra8p0\LocalCache\local-packages\Python311\site-packages\django\template\base.py", line 164, in _render
    return self.nodelist.render(context)
           ^^^^^^^^^^^^^^^^^^^^^^^^^^^^^
  File "C:\Users\Hp\AppData\Local\Packages\PythonSoftwareFoundation.Python.3.11_qbz5n2kfra8p0\LocalCache\local-packages\Python311\site-packages\django\template\base.py", line 1018, in render
    return SafeString("".join([node.render_annotated(context) for node in self]))
                              ^^^^^^^^^^^^^^^^^^^^^^^^^^^^^^^^^^^^^^^^^^^^^^^^^
  File "C:\Users\Hp\AppData\Local\Packages\PythonSoftwareFoundation.Python.3.11_qbz5n2kfra8p0\LocalCache\local-packages\Python311\site-packages\django\template\base.py", line 1018, in <listcomp>
    return SafeString("".join([node.render_annotated(context) for node in self]))
                               ^^^^^^^^^^^^^^^^^^^^^^^^^^^^^^
  File "C:\Users\Hp\AppData\Local\Packages\PythonSoftwareFoundation.Python.3.11_qbz5n2kfra8p0\LocalCache\local-packages\Python311\site-packages\django\template\base.py", line 979, in render_annotated
    return self.render(context)
           ^^^^^^^^^^^^^^^^^^^^
  File "C:\Users\Hp\AppData\Local\Packages\PythonSoftwareFoundation.Python.3.11_qbz5n2kfra8p0\LocalCache\local-packages\Python311\site-packages\django\template\defaulttags.py", line 480, in render
    url = reverse(view_name, args=args, kwargs=kwargs, current_app=current_app)
          ^^^^^^^^^^^^^^^^^^^^^^^^^^^^^^^^^^^^^^^^^^^^^^^^^^^^^^^^^^^^^^^^^^^^^
  File "C:\Users\Hp\AppData\Local\Packages\PythonSoftwareFoundation.Python.3.11_qbz5n2kfra8p0\LocalCache\local-packages\Python311\site-packages\django\urls\base.py", line 98, in reverse
    resolved_url = resolver._reverse_with_prefix(view, prefix, *args, **kwargs)
                   ^^^^^^^^^^^^^^^^^^^^^^^^^^^^^^^^^^^^^^^^^^^^^^^^^^^^^^^^^^^^
  File "C:\Users\Hp\AppData\Local\Packages\PythonSoftwareFoundation.Python.3.11_qbz5n2kfra8p0\LocalCache\local-packages\Python311\site-packages\django\urls\resolvers.py", line 831, in _reverse_with_prefix
    raise NoReverseMatch(msg)
django.urls.exceptions.NoReverseMatch: Reverse for 'basket_detail' not found. 'basket_detail' is not a valid view function or pattern name.
ERROR 2026-07-14 22:57:10,542 log 26424 25380 Internal Server Error: /terms/
Traceback (most recent call last):
  File "C:\Users\Hp\AppData\Local\Packages\PythonSoftwareFoundation.Python.3.11_qbz5n2kfra8p0\LocalCache\local-packages\Python311\site-packages\django\core\handlers\exception.py", line 55, in inner
    response = get_response(request)
               ^^^^^^^^^^^^^^^^^^^^^
  File "C:\Users\Hp\AppData\Local\Packages\PythonSoftwareFoundation.Python.3.11_qbz5n2kfra8p0\LocalCache\local-packages\Python311\site-packages\django\core\handlers\base.py", line 197, in _get_response
    response = wrapped_callback(request, *callback_args, **callback_kwargs)
               ^^^^^^^^^^^^^^^^^^^^^^^^^^^^^^^^^^^^^^^^^^^^^^^^^^^^^^^^^^^^
  File "C:\Users\Hp\Desktop\ORAIMOTECH\shop\views.py", line 219, in terms_of_service
    return render(request, 'shop/terms_of_service.html')
           ^^^^^^^^^^^^^^^^^^^^^^^^^^^^^^^^^^^^^^^^^^^^^
  File "C:\Users\Hp\AppData\Local\Packages\PythonSoftwareFoundation.Python.3.11_qbz5n2kfra8p0\LocalCache\local-packages\Python311\site-packages\django\shortcuts.py", line 25, in render
    content = loader.render_to_string(template_name, context, request, using=using)
              ^^^^^^^^^^^^^^^^^^^^^^^^^^^^^^^^^^^^^^^^^^^^^^^^^^^^^^^^^^^^^^^^^^^^^
  File "C:\Users\Hp\AppData\Local\Packages\PythonSoftwareFoundation.Python.3.11_qbz5n2kfra8p0\LocalCache\local-packages\Python311\site-packages\django\template\loader.py", line 62, in render_to_string
    return template.render(context, request)
           ^^^^^^^^^^^^^^^^^^^^^^^^^^^^^^^^^
  File "C:\Users\Hp\AppData\Local\Packages\PythonSoftwareFoundation.Python.3.11_qbz5n2kfra8p0\LocalCache\local-packages\Python311\site-packages\django\template\backends\django.py", line 107, in render
    return self.template.render(context)
           ^^^^^^^^^^^^^^^^^^^^^^^^^^^^^
  File "C:\Users\Hp\AppData\Local\Packages\PythonSoftwareFoundation.Python.3.11_qbz5n2kfra8p0\LocalCache\local-packages\Python311\site-packages\django\template\base.py", line 172, in render
    return self._render(context)
           ^^^^^^^^^^^^^^^^^^^^^
  File "C:\Users\Hp\AppData\Local\Packages\PythonSoftwareFoundation.Python.3.11_qbz5n2kfra8p0\LocalCache\local-packages\Python311\site-packages\django\template\base.py", line 164, in _render
    return self.nodelist.render(context)
           ^^^^^^^^^^^^^^^^^^^^^^^^^^^^^
  File "C:\Users\Hp\AppData\Local\Packages\PythonSoftwareFoundation.Python.3.11_qbz5n2kfra8p0\LocalCache\local-packages\Python311\site-packages\django\template\base.py", line 1018, in render
    return SafeString("".join([node.render_annotated(context) for node in self]))
                              ^^^^^^^^^^^^^^^^^^^^^^^^^^^^^^^^^^^^^^^^^^^^^^^^^
  File "C:\Users\Hp\AppData\Local\Packages\PythonSoftwareFoundation.Python.3.11_qbz5n2kfra8p0\LocalCache\local-packages\Python311\site-packages\django\template\base.py", line 1018, in <listcomp>
    return SafeString("".join([node.render_annotated(context) for node in self]))
                               ^^^^^^^^^^^^^^^^^^^^^^^^^^^^^^
  File "C:\Users\Hp\AppData\Local\Packages\PythonSoftwareFoundation.Python.3.11_qbz5n2kfra8p0\LocalCache\local-packages\Python311\site-packages\django\template\base.py", line 979, in render_annotated
    return self.render(context)
           ^^^^^^^^^^^^^^^^^^^^
  File "C:\Users\Hp\AppData\Local\Packages\PythonSoftwareFoundation.Python.3.11_qbz5n2kfra8p0\LocalCache\local-packages\Python311\site-packages\django\template\loader_tags.py", line 159, in render
    return compiled_parent._render(context)
           ^^^^^^^^^^^^^^^^^^^^^^^^^^^^^^^^
  File "C:\Users\Hp\AppData\Local\Packages\PythonSoftwareFoundation.Python.3.11_qbz5n2kfra8p0\LocalCache\local-packages\Python311\site-packages\django\template\base.py", line 164, in _render
    return self.nodelist.render(context)
           ^^^^^^^^^^^^^^^^^^^^^^^^^^^^^
  File "C:\Users\Hp\AppData\Local\Packages\PythonSoftwareFoundation.Python.3.11_qbz5n2kfra8p0\LocalCache\local-packages\Python311\site-packages\django\template\base.py", line 1018, in render
    return SafeString("".join([node.render_annotated(context) for node in self]))
                              ^^^^^^^^^^^^^^^^^^^^^^^^^^^^^^^^^^^^^^^^^^^^^^^^^
  File "C:\Users\Hp\AppData\Local\Packages\PythonSoftwareFoundation.Python.3.11_qbz5n2kfra8p0\LocalCache\local-packages\Python311\site-packages\django\template\base.py", line 1018, in <listcomp>
    return SafeString("".join([node.render_annotated(context) for node in self]))
                               ^^^^^^^^^^^^^^^^^^^^^^^^^^^^^^
  File "C:\Users\Hp\AppData\Local\Packages\PythonSoftwareFoundation.Python.3.11_qbz5n2kfra8p0\LocalCache\local-packages\Python311\site-packages\django\template\base.py", line 979, in render_annotated
    return self.render(context)
           ^^^^^^^^^^^^^^^^^^^^
  File "C:\Users\Hp\AppData\Local\Packages\PythonSoftwareFoundation.Python.3.11_qbz5n2kfra8p0\LocalCache\local-packages\Python311\site-packages\django\template\defaulttags.py", line 480, in render
    url = reverse(view_name, args=args, kwargs=kwargs, current_app=current_app)
          ^^^^^^^^^^^^^^^^^^^^^^^^^^^^^^^^^^^^^^^^^^^^^^^^^^^^^^^^^^^^^^^^^^^^^
  File "C:\Users\Hp\AppData\Local\Packages\PythonSoftwareFoundation.Python.3.11_qbz5n2kfra8p0\LocalCache\local-packages\Python311\site-packages\django\urls\base.py", line 98, in reverse
    resolved_url = resolver._reverse_with_prefix(view, prefix, *args, **kwargs)
                   ^^^^^^^^^^^^^^^^^^^^^^^^^^^^^^^^^^^^^^^^^^^^^^^^^^^^^^^^^^^^
  File "C:\Users\Hp\AppData\Local\Packages\PythonSoftwareFoundation.Python.3.11_qbz5n2kfra8p0\LocalCache\local-packages\Python311\site-packages\django\urls\resolvers.py", line 831, in _reverse_with_prefix
    raise NoReverseMatch(msg)
django.urls.exceptions.NoReverseMatch: Reverse for 'basket_detail' not found. 'basket_detail' is not a valid view function or pattern name.
ERROR 2026-07-14 22:57:10,547 basehttp 26424 25380 "GET /terms/ HTTP/1.1" 500 161999
INFO 2026-07-14 22:58:09,544 autoreload 26424 25008 C:\Users\Hp\Desktop\ORAIMOTECH\basket\urls.py changed, reloading.
INFO 2026-07-14 22:58:10,814 autoreload 27892 12908 Watching for file changes with StatReloader
INFO 2026-07-14 22:58:25,261 autoreload 27892 12908 C:\Users\Hp\Desktop\ORAIMOTECH\basket\urls.py changed, reloading.
INFO 2026-07-14 22:58:26,164 autoreload 7848 1400 Watching for file changes with StatReloader
INFO 2026-07-14 22:58:35,087 autoreload 7848 1400 C:\Users\Hp\Desktop\ORAIMOTECH\basket\views.py changed, reloading.
INFO 2026-07-14 22:58:35,985 autoreload 18912 11036 Watching for file changes with StatReloader
INFO 2026-07-14 22:58:52,610 autoreload 18912 11036 C:\Users\Hp\Desktop\ORAIMOTECH\core\urls.py changed, reloading.
INFO 2026-07-14 22:58:53,515 autoreload 12612 26988 Watching for file changes with StatReloader
ERROR 2026-07-14 22:58:57,167 log 12612 18548 Internal Server Error: /terms/
Traceback (most recent call last):
  File "C:\Users\Hp\AppData\Local\Packages\PythonSoftwareFoundation.Python.3.11_qbz5n2kfra8p0\LocalCache\local-packages\Python311\site-packages\django\core\handlers\exception.py", line 55, in inner
    response = get_response(request)
               ^^^^^^^^^^^^^^^^^^^^^
  File "C:\Users\Hp\AppData\Local\Packages\PythonSoftwareFoundation.Python.3.11_qbz5n2kfra8p0\LocalCache\local-packages\Python311\site-packages\django\core\handlers\base.py", line 197, in _get_response
    response = wrapped_callback(request, *callback_args, **callback_kwargs)
               ^^^^^^^^^^^^^^^^^^^^^^^^^^^^^^^^^^^^^^^^^^^^^^^^^^^^^^^^^^^^
  File "C:\Users\Hp\Desktop\ORAIMOTECH\shop\views.py", line 219, in terms_of_service
    return render(request, 'shop/terms_of_service.html')
           ^^^^^^^^^^^^^^^^^^^^^^^^^^^^^^^^^^^^^^^^^^^^^
  File "C:\Users\Hp\AppData\Local\Packages\PythonSoftwareFoundation.Python.3.11_qbz5n2kfra8p0\LocalCache\local-packages\Python311\site-packages\django\shortcuts.py", line 25, in render
    content = loader.render_to_string(template_name, context, request, using=using)
              ^^^^^^^^^^^^^^^^^^^^^^^^^^^^^^^^^^^^^^^^^^^^^^^^^^^^^^^^^^^^^^^^^^^^^
  File "C:\Users\Hp\AppData\Local\Packages\PythonSoftwareFoundation.Python.3.11_qbz5n2kfra8p0\LocalCache\local-packages\Python311\site-packages\django\template\loader.py", line 62, in render_to_string
    return template.render(context, request)
           ^^^^^^^^^^^^^^^^^^^^^^^^^^^^^^^^^
  File "C:\Users\Hp\AppData\Local\Packages\PythonSoftwareFoundation.Python.3.11_qbz5n2kfra8p0\LocalCache\local-packages\Python311\site-packages\django\template\backends\django.py", line 107, in render
    return self.template.render(context)
           ^^^^^^^^^^^^^^^^^^^^^^^^^^^^^
  File "C:\Users\Hp\AppData\Local\Packages\PythonSoftwareFoundation.Python.3.11_qbz5n2kfra8p0\LocalCache\local-packages\Python311\site-packages\django\template\base.py", line 172, in render
    return self._render(context)
           ^^^^^^^^^^^^^^^^^^^^^
  File "C:\Users\Hp\AppData\Local\Packages\PythonSoftwareFoundation.Python.3.11_qbz5n2kfra8p0\LocalCache\local-packages\Python311\site-packages\django\template\base.py", line 164, in _render
    return self.nodelist.render(context)
           ^^^^^^^^^^^^^^^^^^^^^^^^^^^^^
  File "C:\Users\Hp\AppData\Local\Packages\PythonSoftwareFoundation.Python.3.11_qbz5n2kfra8p0\LocalCache\local-packages\Python311\site-packages\django\template\base.py", line 1018, in render
    return SafeString("".join([node.render_annotated(context) for node in self]))
                              ^^^^^^^^^^^^^^^^^^^^^^^^^^^^^^^^^^^^^^^^^^^^^^^^^
  File "C:\Users\Hp\AppData\Local\Packages\PythonSoftwareFoundation.Python.3.11_qbz5n2kfra8p0\LocalCache\local-packages\Python311\site-packages\django\template\base.py", line 1018, in <listcomp>
    return SafeString("".join([node.render_annotated(context) for node in self]))
                               ^^^^^^^^^^^^^^^^^^^^^^^^^^^^^^
  File "C:\Users\Hp\AppData\Local\Packages\PythonSoftwareFoundation.Python.3.11_qbz5n2kfra8p0\LocalCache\local-packages\Python311\site-packages\django\template\base.py", line 979, in render_annotated
    return self.render(context)
           ^^^^^^^^^^^^^^^^^^^^
  File "C:\Users\Hp\AppData\Local\Packages\PythonSoftwareFoundation.Python.3.11_qbz5n2kfra8p0\LocalCache\local-packages\Python311\site-packages\django\template\loader_tags.py", line 159, in render
    return compiled_parent._render(context)
           ^^^^^^^^^^^^^^^^^^^^^^^^^^^^^^^^
  File "C:\Users\Hp\AppData\Local\Packages\PythonSoftwareFoundation.Python.3.11_qbz5n2kfra8p0\LocalCache\local-packages\Python311\site-packages\django\template\base.py", line 164, in _render
    return self.nodelist.render(context)
           ^^^^^^^^^^^^^^^^^^^^^^^^^^^^^
  File "C:\Users\Hp\AppData\Local\Packages\PythonSoftwareFoundation.Python.3.11_qbz5n2kfra8p0\LocalCache\local-packages\Python311\site-packages\django\template\base.py", line 1018, in render
    return SafeString("".join([node.render_annotated(context) for node in self]))
                              ^^^^^^^^^^^^^^^^^^^^^^^^^^^^^^^^^^^^^^^^^^^^^^^^^
  File "C:\Users\Hp\AppData\Local\Packages\PythonSoftwareFoundation.Python.3.11_qbz5n2kfra8p0\LocalCache\local-packages\Python311\site-packages\django\template\base.py", line 1018, in <listcomp>
    return SafeString("".join([node.render_annotated(context) for node in self]))
                               ^^^^^^^^^^^^^^^^^^^^^^^^^^^^^^
  File "C:\Users\Hp\AppData\Local\Packages\PythonSoftwareFoundation.Python.3.11_qbz5n2kfra8p0\LocalCache\local-packages\Python311\site-packages\django\template\base.py", line 979, in render_annotated
    return self.render(context)
           ^^^^^^^^^^^^^^^^^^^^
  File "C:\Users\Hp\AppData\Local\Packages\PythonSoftwareFoundation.Python.3.11_qbz5n2kfra8p0\LocalCache\local-packages\Python311\site-packages\django\template\defaulttags.py", line 480, in render
    url = reverse(view_name, args=args, kwargs=kwargs, current_app=current_app)
          ^^^^^^^^^^^^^^^^^^^^^^^^^^^^^^^^^^^^^^^^^^^^^^^^^^^^^^^^^^^^^^^^^^^^^
  File "C:\Users\Hp\AppData\Local\Packages\PythonSoftwareFoundation.Python.3.11_qbz5n2kfra8p0\LocalCache\local-packages\Python311\site-packages\django\urls\base.py", line 98, in reverse
    resolved_url = resolver._reverse_with_prefix(view, prefix, *args, **kwargs)
                   ^^^^^^^^^^^^^^^^^^^^^^^^^^^^^^^^^^^^^^^^^^^^^^^^^^^^^^^^^^^^
  File "C:\Users\Hp\AppData\Local\Packages\PythonSoftwareFoundation.Python.3.11_qbz5n2kfra8p0\LocalCache\local-packages\Python311\site-packages\django\urls\resolvers.py", line 831, in _reverse_with_prefix
    raise NoReverseMatch(msg)
django.urls.exceptions.NoReverseMatch: Reverse for 'basket_detail' not found. 'basket_detail' is not a valid view function or pattern name.
ERROR 2026-07-14 22:58:57,167 log 12612 18548 Internal Server Error: /terms/
Traceback (most recent call last):
  File "C:\Users\Hp\AppData\Local\Packages\PythonSoftwareFoundation.Python.3.11_qbz5n2kfra8p0\LocalCache\local-packages\Python311\site-packages\django\core\handlers\exception.py", line 55, in inner
    response = get_response(request)
               ^^^^^^^^^^^^^^^^^^^^^
  File "C:\Users\Hp\AppData\Local\Packages\PythonSoftwareFoundation.Python.3.11_qbz5n2kfra8p0\LocalCache\local-packages\Python311\site-packages\django\core\handlers\base.py", line 197, in _get_response
    response = wrapped_callback(request, *callback_args, **callback_kwargs)
               ^^^^^^^^^^^^^^^^^^^^^^^^^^^^^^^^^^^^^^^^^^^^^^^^^^^^^^^^^^^^
  File "C:\Users\Hp\Desktop\ORAIMOTECH\shop\views.py", line 219, in terms_of_service
    return render(request, 'shop/terms_of_service.html')
           ^^^^^^^^^^^^^^^^^^^^^^^^^^^^^^^^^^^^^^^^^^^^^
  File "C:\Users\Hp\AppData\Local\Packages\PythonSoftwareFoundation.Python.3.11_qbz5n2kfra8p0\LocalCache\local-packages\Python311\site-packages\django\shortcuts.py", line 25, in render
    content = loader.render_to_string(template_name, context, request, using=using)
              ^^^^^^^^^^^^^^^^^^^^^^^^^^^^^^^^^^^^^^^^^^^^^^^^^^^^^^^^^^^^^^^^^^^^^
  File "C:\Users\Hp\AppData\Local\Packages\PythonSoftwareFoundation.Python.3.11_qbz5n2kfra8p0\LocalCache\local-packages\Python311\site-packages\django\template\loader.py", line 62, in render_to_string
    return template.render(context, request)
           ^^^^^^^^^^^^^^^^^^^^^^^^^^^^^^^^^
  File "C:\Users\Hp\AppData\Local\Packages\PythonSoftwareFoundation.Python.3.11_qbz5n2kfra8p0\LocalCache\local-packages\Python311\site-packages\django\template\backends\django.py", line 107, in render
    return self.template.render(context)
           ^^^^^^^^^^^^^^^^^^^^^^^^^^^^^
  File "C:\Users\Hp\AppData\Local\Packages\PythonSoftwareFoundation.Python.3.11_qbz5n2kfra8p0\LocalCache\local-packages\Python311\site-packages\django\template\base.py", line 172, in render
    return self._render(context)
           ^^^^^^^^^^^^^^^^^^^^^
  File "C:\Users\Hp\AppData\Local\Packages\PythonSoftwareFoundation.Python.3.11_qbz5n2kfra8p0\LocalCache\local-packages\Python311\site-packages\django\template\base.py", line 164, in _render
    return self.nodelist.render(context)
           ^^^^^^^^^^^^^^^^^^^^^^^^^^^^^
  File "C:\Users\Hp\AppData\Local\Packages\PythonSoftwareFoundation.Python.3.11_qbz5n2kfra8p0\LocalCache\local-packages\Python311\site-packages\django\template\base.py", line 1018, in render
    return SafeString("".join([node.render_annotated(context) for node in self]))
                              ^^^^^^^^^^^^^^^^^^^^^^^^^^^^^^^^^^^^^^^^^^^^^^^^^
  File "C:\Users\Hp\AppData\Local\Packages\PythonSoftwareFoundation.Python.3.11_qbz5n2kfra8p0\LocalCache\local-packages\Python311\site-packages\django\template\base.py", line 1018, in <listcomp>
    return SafeString("".join([node.render_annotated(context) for node in self]))
                               ^^^^^^^^^^^^^^^^^^^^^^^^^^^^^^
  File "C:\Users\Hp\AppData\Local\Packages\PythonSoftwareFoundation.Python.3.11_qbz5n2kfra8p0\LocalCache\local-packages\Python311\site-packages\django\template\base.py", line 979, in render_annotated
    return self.render(context)
           ^^^^^^^^^^^^^^^^^^^^
  File "C:\Users\Hp\AppData\Local\Packages\PythonSoftwareFoundation.Python.3.11_qbz5n2kfra8p0\LocalCache\local-packages\Python311\site-packages\django\template\loader_tags.py", line 159, in render
    return compiled_parent._render(context)
           ^^^^^^^^^^^^^^^^^^^^^^^^^^^^^^^^
  File "C:\Users\Hp\AppData\Local\Packages\PythonSoftwareFoundation.Python.3.11_qbz5n2kfra8p0\LocalCache\local-packages\Python311\site-packages\django\template\base.py", line 164, in _render
    return self.nodelist.render(context)
           ^^^^^^^^^^^^^^^^^^^^^^^^^^^^^
  File "C:\Users\Hp\AppData\Local\Packages\PythonSoftwareFoundation.Python.3.11_qbz5n2kfra8p0\LocalCache\local-packages\Python311\site-packages\django\template\base.py", line 1018, in render
    return SafeString("".join([node.render_annotated(context) for node in self]))
                              ^^^^^^^^^^^^^^^^^^^^^^^^^^^^^^^^^^^^^^^^^^^^^^^^^
  File "C:\Users\Hp\AppData\Local\Packages\PythonSoftwareFoundation.Python.3.11_qbz5n2kfra8p0\LocalCache\local-packages\Python311\site-packages\django\template\base.py", line 1018, in <listcomp>
    return SafeString("".join([node.render_annotated(context) for node in self]))
                               ^^^^^^^^^^^^^^^^^^^^^^^^^^^^^^
  File "C:\Users\Hp\AppData\Local\Packages\PythonSoftwareFoundation.Python.3.11_qbz5n2kfra8p0\LocalCache\local-packages\Python311\site-packages\django\template\base.py", line 979, in render_annotated
    return self.render(context)
           ^^^^^^^^^^^^^^^^^^^^
  File "C:\Users\Hp\AppData\Local\Packages\PythonSoftwareFoundation.Python.3.11_qbz5n2kfra8p0\LocalCache\local-packages\Python311\site-packages\django\template\defaulttags.py", line 480, in render
    url = reverse(view_name, args=args, kwargs=kwargs, current_app=current_app)
          ^^^^^^^^^^^^^^^^^^^^^^^^^^^^^^^^^^^^^^^^^^^^^^^^^^^^^^^^^^^^^^^^^^^^^
  File "C:\Users\Hp\AppData\Local\Packages\PythonSoftwareFoundation.Python.3.11_qbz5n2kfra8p0\LocalCache\local-packages\Python311\site-packages\django\urls\base.py", line 98, in reverse
    resolved_url = resolver._reverse_with_prefix(view, prefix, *args, **kwargs)
                   ^^^^^^^^^^^^^^^^^^^^^^^^^^^^^^^^^^^^^^^^^^^^^^^^^^^^^^^^^^^^
  File "C:\Users\Hp\AppData\Local\Packages\PythonSoftwareFoundation.Python.3.11_qbz5n2kfra8p0\LocalCache\local-packages\Python311\site-packages\django\urls\resolvers.py", line 831, in _reverse_with_prefix
    raise NoReverseMatch(msg)
django.urls.exceptions.NoReverseMatch: Reverse for 'basket_detail' not found. 'basket_detail' is not a valid view function or pattern name.
ERROR 2026-07-14 22:58:57,172 basehttp 12612 18548 "GET /terms/ HTTP/1.1" 500 162136
ERROR 2026-07-14 22:59:04,463 log 12612 18548 Internal Server Error: /faq/
Traceback (most recent call last):
  File "C:\Users\Hp\AppData\Local\Packages\PythonSoftwareFoundation.Python.3.11_qbz5n2kfra8p0\LocalCache\local-packages\Python311\site-packages\django\core\handlers\exception.py", line 55, in inner
    response = get_response(request)
               ^^^^^^^^^^^^^^^^^^^^^
  File "C:\Users\Hp\AppData\Local\Packages\PythonSoftwareFoundation.Python.3.11_qbz5n2kfra8p0\LocalCache\local-packages\Python311\site-packages\django\core\handlers\base.py", line 197, in _get_response
    response = wrapped_callback(request, *callback_args, **callback_kwargs)
               ^^^^^^^^^^^^^^^^^^^^^^^^^^^^^^^^^^^^^^^^^^^^^^^^^^^^^^^^^^^^
  File "C:\Users\Hp\Desktop\ORAIMOTECH\shop\views.py", line 227, in faq_page
    return render(request, 'shop/faq.html')
           ^^^^^^^^^^^^^^^^^^^^^^^^^^^^^^^^
  File "C:\Users\Hp\AppData\Local\Packages\PythonSoftwareFoundation.Python.3.11_qbz5n2kfra8p0\LocalCache\local-packages\Python311\site-packages\django\shortcuts.py", line 25, in render
    content = loader.render_to_string(template_name, context, request, using=using)
              ^^^^^^^^^^^^^^^^^^^^^^^^^^^^^^^^^^^^^^^^^^^^^^^^^^^^^^^^^^^^^^^^^^^^^
  File "C:\Users\Hp\AppData\Local\Packages\PythonSoftwareFoundation.Python.3.11_qbz5n2kfra8p0\LocalCache\local-packages\Python311\site-packages\django\template\loader.py", line 62, in render_to_string
    return template.render(context, request)
           ^^^^^^^^^^^^^^^^^^^^^^^^^^^^^^^^^
  File "C:\Users\Hp\AppData\Local\Packages\PythonSoftwareFoundation.Python.3.11_qbz5n2kfra8p0\LocalCache\local-packages\Python311\site-packages\django\template\backends\django.py", line 107, in render
    return self.template.render(context)
           ^^^^^^^^^^^^^^^^^^^^^^^^^^^^^
  File "C:\Users\Hp\AppData\Local\Packages\PythonSoftwareFoundation.Python.3.11_qbz5n2kfra8p0\LocalCache\local-packages\Python311\site-packages\django\template\base.py", line 172, in render
    return self._render(context)
           ^^^^^^^^^^^^^^^^^^^^^
  File "C:\Users\Hp\AppData\Local\Packages\PythonSoftwareFoundation.Python.3.11_qbz5n2kfra8p0\LocalCache\local-packages\Python311\site-packages\django\template\base.py", line 164, in _render
    return self.nodelist.render(context)
           ^^^^^^^^^^^^^^^^^^^^^^^^^^^^^
  File "C:\Users\Hp\AppData\Local\Packages\PythonSoftwareFoundation.Python.3.11_qbz5n2kfra8p0\LocalCache\local-packages\Python311\site-packages\django\template\base.py", line 1018, in render
    return SafeString("".join([node.render_annotated(context) for node in self]))
                              ^^^^^^^^^^^^^^^^^^^^^^^^^^^^^^^^^^^^^^^^^^^^^^^^^
  File "C:\Users\Hp\AppData\Local\Packages\PythonSoftwareFoundation.Python.3.11_qbz5n2kfra8p0\LocalCache\local-packages\Python311\site-packages\django\template\base.py", line 1018, in <listcomp>
    return SafeString("".join([node.render_annotated(context) for node in self]))
                               ^^^^^^^^^^^^^^^^^^^^^^^^^^^^^^
  File "C:\Users\Hp\AppData\Local\Packages\PythonSoftwareFoundation.Python.3.11_qbz5n2kfra8p0\LocalCache\local-packages\Python311\site-packages\django\template\base.py", line 979, in render_annotated
    return self.render(context)
           ^^^^^^^^^^^^^^^^^^^^
  File "C:\Users\Hp\AppData\Local\Packages\PythonSoftwareFoundation.Python.3.11_qbz5n2kfra8p0\LocalCache\local-packages\Python311\site-packages\django\template\loader_tags.py", line 159, in render
    return compiled_parent._render(context)
           ^^^^^^^^^^^^^^^^^^^^^^^^^^^^^^^^
  File "C:\Users\Hp\AppData\Local\Packages\PythonSoftwareFoundation.Python.3.11_qbz5n2kfra8p0\LocalCache\local-packages\Python311\site-packages\django\template\base.py", line 164, in _render
    return self.nodelist.render(context)
           ^^^^^^^^^^^^^^^^^^^^^^^^^^^^^
  File "C:\Users\Hp\AppData\Local\Packages\PythonSoftwareFoundation.Python.3.11_qbz5n2kfra8p0\LocalCache\local-packages\Python311\site-packages\django\template\base.py", line 1018, in render
    return SafeString("".join([node.render_annotated(context) for node in self]))
                              ^^^^^^^^^^^^^^^^^^^^^^^^^^^^^^^^^^^^^^^^^^^^^^^^^
  File "C:\Users\Hp\AppData\Local\Packages\PythonSoftwareFoundation.Python.3.11_qbz5n2kfra8p0\LocalCache\local-packages\Python311\site-packages\django\template\base.py", line 1018, in <listcomp>
    return SafeString("".join([node.render_annotated(context) for node in self]))
                               ^^^^^^^^^^^^^^^^^^^^^^^^^^^^^^
  File "C:\Users\Hp\AppData\Local\Packages\PythonSoftwareFoundation.Python.3.11_qbz5n2kfra8p0\LocalCache\local-packages\Python311\site-packages\django\template\base.py", line 979, in render_annotated
    return self.render(context)
           ^^^^^^^^^^^^^^^^^^^^
  File "C:\Users\Hp\AppData\Local\Packages\PythonSoftwareFoundation.Python.3.11_qbz5n2kfra8p0\LocalCache\local-packages\Python311\site-packages\django\template\defaulttags.py", line 480, in render
    url = reverse(view_name, args=args, kwargs=kwargs, current_app=current_app)
          ^^^^^^^^^^^^^^^^^^^^^^^^^^^^^^^^^^^^^^^^^^^^^^^^^^^^^^^^^^^^^^^^^^^^^
  File "C:\Users\Hp\AppData\Local\Packages\PythonSoftwareFoundation.Python.3.11_qbz5n2kfra8p0\LocalCache\local-packages\Python311\site-packages\django\urls\base.py", line 98, in reverse
    resolved_url = resolver._reverse_with_prefix(view, prefix, *args, **kwargs)
                   ^^^^^^^^^^^^^^^^^^^^^^^^^^^^^^^^^^^^^^^^^^^^^^^^^^^^^^^^^^^^
  File "C:\Users\Hp\AppData\Local\Packages\PythonSoftwareFoundation.Python.3.11_qbz5n2kfra8p0\LocalCache\local-packages\Python311\site-packages\django\urls\resolvers.py", line 831, in _reverse_with_prefix
    raise NoReverseMatch(msg)
django.urls.exceptions.NoReverseMatch: Reverse for 'basket_detail' not found. 'basket_detail' is not a valid view function or pattern name.
ERROR 2026-07-14 22:59:04,463 log 12612 18548 Internal Server Error: /faq/
Traceback (most recent call last):
  File "C:\Users\Hp\AppData\Local\Packages\PythonSoftwareFoundation.Python.3.11_qbz5n2kfra8p0\LocalCache\local-packages\Python311\site-packages\django\core\handlers\exception.py", line 55, in inner
    response = get_response(request)
               ^^^^^^^^^^^^^^^^^^^^^
  File "C:\Users\Hp\AppData\Local\Packages\PythonSoftwareFoundation.Python.3.11_qbz5n2kfra8p0\LocalCache\local-packages\Python311\site-packages\django\core\handlers\base.py", line 197, in _get_response
    response = wrapped_callback(request, *callback_args, **callback_kwargs)
               ^^^^^^^^^^^^^^^^^^^^^^^^^^^^^^^^^^^^^^^^^^^^^^^^^^^^^^^^^^^^
  File "C:\Users\Hp\Desktop\ORAIMOTECH\shop\views.py", line 227, in faq_page
    return render(request, 'shop/faq.html')
           ^^^^^^^^^^^^^^^^^^^^^^^^^^^^^^^^
  File "C:\Users\Hp\AppData\Local\Packages\PythonSoftwareFoundation.Python.3.11_qbz5n2kfra8p0\LocalCache\local-packages\Python311\site-packages\django\shortcuts.py", line 25, in render
    content = loader.render_to_string(template_name, context, request, using=using)
              ^^^^^^^^^^^^^^^^^^^^^^^^^^^^^^^^^^^^^^^^^^^^^^^^^^^^^^^^^^^^^^^^^^^^^
  File "C:\Users\Hp\AppData\Local\Packages\PythonSoftwareFoundation.Python.3.11_qbz5n2kfra8p0\LocalCache\local-packages\Python311\site-packages\django\template\loader.py", line 62, in render_to_string
    return template.render(context, request)
           ^^^^^^^^^^^^^^^^^^^^^^^^^^^^^^^^^
  File "C:\Users\Hp\AppData\Local\Packages\PythonSoftwareFoundation.Python.3.11_qbz5n2kfra8p0\LocalCache\local-packages\Python311\site-packages\django\template\backends\django.py", line 107, in render
    return self.template.render(context)
           ^^^^^^^^^^^^^^^^^^^^^^^^^^^^^
  File "C:\Users\Hp\AppData\Local\Packages\PythonSoftwareFoundation.Python.3.11_qbz5n2kfra8p0\LocalCache\local-packages\Python311\site-packages\django\template\base.py", line 172, in render
    return self._render(context)
           ^^^^^^^^^^^^^^^^^^^^^
  File "C:\Users\Hp\AppData\Local\Packages\PythonSoftwareFoundation.Python.3.11_qbz5n2kfra8p0\LocalCache\local-packages\Python311\site-packages\django\template\base.py", line 164, in _render
    return self.nodelist.render(context)
           ^^^^^^^^^^^^^^^^^^^^^^^^^^^^^
  File "C:\Users\Hp\AppData\Local\Packages\PythonSoftwareFoundation.Python.3.11_qbz5n2kfra8p0\LocalCache\local-packages\Python311\site-packages\django\template\base.py", line 1018, in render
    return SafeString("".join([node.render_annotated(context) for node in self]))
                              ^^^^^^^^^^^^^^^^^^^^^^^^^^^^^^^^^^^^^^^^^^^^^^^^^
  File "C:\Users\Hp\AppData\Local\Packages\PythonSoftwareFoundation.Python.3.11_qbz5n2kfra8p0\LocalCache\local-packages\Python311\site-packages\django\template\base.py", line 1018, in <listcomp>
    return SafeString("".join([node.render_annotated(context) for node in self]))
                               ^^^^^^^^^^^^^^^^^^^^^^^^^^^^^^
  File "C:\Users\Hp\AppData\Local\Packages\PythonSoftwareFoundation.Python.3.11_qbz5n2kfra8p0\LocalCache\local-packages\Python311\site-packages\django\template\base.py", line 979, in render_annotated
    return self.render(context)
           ^^^^^^^^^^^^^^^^^^^^
  File "C:\Users\Hp\AppData\Local\Packages\PythonSoftwareFoundation.Python.3.11_qbz5n2kfra8p0\LocalCache\local-packages\Python311\site-packages\django\template\loader_tags.py", line 159, in render
    return compiled_parent._render(context)
           ^^^^^^^^^^^^^^^^^^^^^^^^^^^^^^^^
  File "C:\Users\Hp\AppData\Local\Packages\PythonSoftwareFoundation.Python.3.11_qbz5n2kfra8p0\LocalCache\local-packages\Python311\site-packages\django\template\base.py", line 164, in _render
    return self.nodelist.render(context)
           ^^^^^^^^^^^^^^^^^^^^^^^^^^^^^
  File "C:\Users\Hp\AppData\Local\Packages\PythonSoftwareFoundation.Python.3.11_qbz5n2kfra8p0\LocalCache\local-packages\Python311\site-packages\django\template\base.py", line 1018, in render
    return SafeString("".join([node.render_annotated(context) for node in self]))
                              ^^^^^^^^^^^^^^^^^^^^^^^^^^^^^^^^^^^^^^^^^^^^^^^^^
  File "C:\Users\Hp\AppData\Local\Packages\PythonSoftwareFoundation.Python.3.11_qbz5n2kfra8p0\LocalCache\local-packages\Python311\site-packages\django\template\base.py", line 1018, in <listcomp>
    return SafeString("".join([node.render_annotated(context) for node in self]))
                               ^^^^^^^^^^^^^^^^^^^^^^^^^^^^^^
  File "C:\Users\Hp\AppData\Local\Packages\PythonSoftwareFoundation.Python.3.11_qbz5n2kfra8p0\LocalCache\local-packages\Python311\site-packages\django\template\base.py", line 979, in render_annotated
    return self.render(context)
           ^^^^^^^^^^^^^^^^^^^^
  File "C:\Users\Hp\AppData\Local\Packages\PythonSoftwareFoundation.Python.3.11_qbz5n2kfra8p0\LocalCache\local-packages\Python311\site-packages\django\template\defaulttags.py", line 480, in render
    url = reverse(view_name, args=args, kwargs=kwargs, current_app=current_app)
          ^^^^^^^^^^^^^^^^^^^^^^^^^^^^^^^^^^^^^^^^^^^^^^^^^^^^^^^^^^^^^^^^^^^^^
  File "C:\Users\Hp\AppData\Local\Packages\PythonSoftwareFoundation.Python.3.11_qbz5n2kfra8p0\LocalCache\local-packages\Python311\site-packages\django\urls\base.py", line 98, in reverse
    resolved_url = resolver._reverse_with_prefix(view, prefix, *args, **kwargs)
                   ^^^^^^^^^^^^^^^^^^^^^^^^^^^^^^^^^^^^^^^^^^^^^^^^^^^^^^^^^^^^
  File "C:\Users\Hp\AppData\Local\Packages\PythonSoftwareFoundation.Python.3.11_qbz5n2kfra8p0\LocalCache\local-packages\Python311\site-packages\django\urls\resolvers.py", line 831, in _reverse_with_prefix
    raise NoReverseMatch(msg)
django.urls.exceptions.NoReverseMatch: Reverse for 'basket_detail' not found. 'basket_detail' is not a valid view function or pattern name.
ERROR 2026-07-14 22:59:04,467 basehttp 12612 18548 "GET /faq/ HTTP/1.1" 500 161155
INFO 2026-07-14 22:59:55,291 autoreload 12612 26988 C:\Users\Hp\Desktop\ORAIMOTECH\basket\urls.py changed, reloading.
INFO 2026-07-14 22:59:56,798 autoreload 6668 25512 Watching for file changes with StatReloader
INFO 2026-07-14 23:00:25,808 autoreload 7552 15348 Watching for file changes with StatReloader
INFO 2026-07-14 23:01:47,915 autoreload 28236 11080 Watching for file changes with StatReloader
ERROR 2026-07-14 23:01:56,435 log 28236 27740 Internal Server Error: /privacy/
Traceback (most recent call last):
  File "C:\Users\Hp\AppData\Local\Packages\PythonSoftwareFoundation.Python.3.11_qbz5n2kfra8p0\LocalCache\local-packages\Python311\site-packages\django\core\handlers\exception.py", line 55, in inner
    response = get_response(request)
               ^^^^^^^^^^^^^^^^^^^^^
  File "C:\Users\Hp\AppData\Local\Packages\PythonSoftwareFoundation.Python.3.11_qbz5n2kfra8p0\LocalCache\local-packages\Python311\site-packages\django\core\handlers\base.py", line 197, in _get_response
    response = wrapped_callback(request, *callback_args, **callback_kwargs)
               ^^^^^^^^^^^^^^^^^^^^^^^^^^^^^^^^^^^^^^^^^^^^^^^^^^^^^^^^^^^^
  File "C:\Users\Hp\Desktop\ORAIMOTECH\shop\views.py", line 215, in privacy_policy
    return render(request, 'shop/privacy_policy.html')
           ^^^^^^^^^^^^^^^^^^^^^^^^^^^^^^^^^^^^^^^^^^^
  File "C:\Users\Hp\AppData\Local\Packages\PythonSoftwareFoundation.Python.3.11_qbz5n2kfra8p0\LocalCache\local-packages\Python311\site-packages\django\shortcuts.py", line 25, in render
    content = loader.render_to_string(template_name, context, request, using=using)
              ^^^^^^^^^^^^^^^^^^^^^^^^^^^^^^^^^^^^^^^^^^^^^^^^^^^^^^^^^^^^^^^^^^^^^
  File "C:\Users\Hp\AppData\Local\Packages\PythonSoftwareFoundation.Python.3.11_qbz5n2kfra8p0\LocalCache\local-packages\Python311\site-packages\django\template\loader.py", line 62, in render_to_string
    return template.render(context, request)
           ^^^^^^^^^^^^^^^^^^^^^^^^^^^^^^^^^
  File "C:\Users\Hp\AppData\Local\Packages\PythonSoftwareFoundation.Python.3.11_qbz5n2kfra8p0\LocalCache\local-packages\Python311\site-packages\django\template\backends\django.py", line 107, in render
    return self.template.render(context)
           ^^^^^^^^^^^^^^^^^^^^^^^^^^^^^
  File "C:\Users\Hp\AppData\Local\Packages\PythonSoftwareFoundation.Python.3.11_qbz5n2kfra8p0\LocalCache\local-packages\Python311\site-packages\django\template\base.py", line 172, in render
    return self._render(context)
           ^^^^^^^^^^^^^^^^^^^^^
  File "C:\Users\Hp\AppData\Local\Packages\PythonSoftwareFoundation.Python.3.11_qbz5n2kfra8p0\LocalCache\local-packages\Python311\site-packages\django\template\base.py", line 164, in _render
    return self.nodelist.render(context)
           ^^^^^^^^^^^^^^^^^^^^^^^^^^^^^
  File "C:\Users\Hp\AppData\Local\Packages\PythonSoftwareFoundation.Python.3.11_qbz5n2kfra8p0\LocalCache\local-packages\Python311\site-packages\django\template\base.py", line 1018, in render
    return SafeString("".join([node.render_annotated(context) for node in self]))
                              ^^^^^^^^^^^^^^^^^^^^^^^^^^^^^^^^^^^^^^^^^^^^^^^^^
  File "C:\Users\Hp\AppData\Local\Packages\PythonSoftwareFoundation.Python.3.11_qbz5n2kfra8p0\LocalCache\local-packages\Python311\site-packages\django\template\base.py", line 1018, in <listcomp>
    return SafeString("".join([node.render_annotated(context) for node in self]))
                               ^^^^^^^^^^^^^^^^^^^^^^^^^^^^^^
  File "C:\Users\Hp\AppData\Local\Packages\PythonSoftwareFoundation.Python.3.11_qbz5n2kfra8p0\LocalCache\local-packages\Python311\site-packages\django\template\base.py", line 979, in render_annotated
    return self.render(context)
           ^^^^^^^^^^^^^^^^^^^^
  File "C:\Users\Hp\AppData\Local\Packages\PythonSoftwareFoundation.Python.3.11_qbz5n2kfra8p0\LocalCache\local-packages\Python311\site-packages\django\template\loader_tags.py", line 159, in render
    return compiled_parent._render(context)
           ^^^^^^^^^^^^^^^^^^^^^^^^^^^^^^^^
  File "C:\Users\Hp\AppData\Local\Packages\PythonSoftwareFoundation.Python.3.11_qbz5n2kfra8p0\LocalCache\local-packages\Python311\site-packages\django\template\base.py", line 164, in _render
    return self.nodelist.render(context)
           ^^^^^^^^^^^^^^^^^^^^^^^^^^^^^
  File "C:\Users\Hp\AppData\Local\Packages\PythonSoftwareFoundation.Python.3.11_qbz5n2kfra8p0\LocalCache\local-packages\Python311\site-packages\django\template\base.py", line 1018, in render
    return SafeString("".join([node.render_annotated(context) for node in self]))
                              ^^^^^^^^^^^^^^^^^^^^^^^^^^^^^^^^^^^^^^^^^^^^^^^^^
  File "C:\Users\Hp\AppData\Local\Packages\PythonSoftwareFoundation.Python.3.11_qbz5n2kfra8p0\LocalCache\local-packages\Python311\site-packages\django\template\base.py", line 1018, in <listcomp>
    return SafeString("".join([node.render_annotated(context) for node in self]))
                               ^^^^^^^^^^^^^^^^^^^^^^^^^^^^^^
  File "C:\Users\Hp\AppData\Local\Packages\PythonSoftwareFoundation.Python.3.11_qbz5n2kfra8p0\LocalCache\local-packages\Python311\site-packages\django\template\base.py", line 979, in render_annotated
    return self.render(context)
           ^^^^^^^^^^^^^^^^^^^^
  File "C:\Users\Hp\AppData\Local\Packages\PythonSoftwareFoundation.Python.3.11_qbz5n2kfra8p0\LocalCache\local-packages\Python311\site-packages\django\template\defaulttags.py", line 480, in render
    url = reverse(view_name, args=args, kwargs=kwargs, current_app=current_app)
          ^^^^^^^^^^^^^^^^^^^^^^^^^^^^^^^^^^^^^^^^^^^^^^^^^^^^^^^^^^^^^^^^^^^^^
  File "C:\Users\Hp\AppData\Local\Packages\PythonSoftwareFoundation.Python.3.11_qbz5n2kfra8p0\LocalCache\local-packages\Python311\site-packages\django\urls\base.py", line 98, in reverse
    resolved_url = resolver._reverse_with_prefix(view, prefix, *args, **kwargs)
                   ^^^^^^^^^^^^^^^^^^^^^^^^^^^^^^^^^^^^^^^^^^^^^^^^^^^^^^^^^^^^
  File "C:\Users\Hp\AppData\Local\Packages\PythonSoftwareFoundation.Python.3.11_qbz5n2kfra8p0\LocalCache\local-packages\Python311\site-packages\django\urls\resolvers.py", line 831, in _reverse_with_prefix
    raise NoReverseMatch(msg)
django.urls.exceptions.NoReverseMatch: Reverse for 'basket_detail' not found. 'basket_detail' is not a valid view function or pattern name.
ERROR 2026-07-14 23:01:56,435 log 28236 27740 Internal Server Error: /privacy/
Traceback (most recent call last):
  File "C:\Users\Hp\AppData\Local\Packages\PythonSoftwareFoundation.Python.3.11_qbz5n2kfra8p0\LocalCache\local-packages\Python311\site-packages\django\core\handlers\exception.py", line 55, in inner
    response = get_response(request)
               ^^^^^^^^^^^^^^^^^^^^^
  File "C:\Users\Hp\AppData\Local\Packages\PythonSoftwareFoundation.Python.3.11_qbz5n2kfra8p0\LocalCache\local-packages\Python311\site-packages\django\core\handlers\base.py", line 197, in _get_response
    response = wrapped_callback(request, *callback_args, **callback_kwargs)
               ^^^^^^^^^^^^^^^^^^^^^^^^^^^^^^^^^^^^^^^^^^^^^^^^^^^^^^^^^^^^
  File "C:\Users\Hp\Desktop\ORAIMOTECH\shop\views.py", line 215, in privacy_policy
    return render(request, 'shop/privacy_policy.html')
           ^^^^^^^^^^^^^^^^^^^^^^^^^^^^^^^^^^^^^^^^^^^
  File "C:\Users\Hp\AppData\Local\Packages\PythonSoftwareFoundation.Python.3.11_qbz5n2kfra8p0\LocalCache\local-packages\Python311\site-packages\django\shortcuts.py", line 25, in render
    content = loader.render_to_string(template_name, context, request, using=using)
              ^^^^^^^^^^^^^^^^^^^^^^^^^^^^^^^^^^^^^^^^^^^^^^^^^^^^^^^^^^^^^^^^^^^^^
  File "C:\Users\Hp\AppData\Local\Packages\PythonSoftwareFoundation.Python.3.11_qbz5n2kfra8p0\LocalCache\local-packages\Python311\site-packages\django\template\loader.py", line 62, in render_to_string
    return template.render(context, request)
           ^^^^^^^^^^^^^^^^^^^^^^^^^^^^^^^^^
  File "C:\Users\Hp\AppData\Local\Packages\PythonSoftwareFoundation.Python.3.11_qbz5n2kfra8p0\LocalCache\local-packages\Python311\site-packages\django\template\backends\django.py", line 107, in render
    return self.template.render(context)
           ^^^^^^^^^^^^^^^^^^^^^^^^^^^^^
  File "C:\Users\Hp\AppData\Local\Packages\PythonSoftwareFoundation.Python.3.11_qbz5n2kfra8p0\LocalCache\local-packages\Python311\site-packages\django\template\base.py", line 172, in render
    return self._render(context)
           ^^^^^^^^^^^^^^^^^^^^^
  File "C:\Users\Hp\AppData\Local\Packages\PythonSoftwareFoundation.Python.3.11_qbz5n2kfra8p0\LocalCache\local-packages\Python311\site-packages\django\template\base.py", line 164, in _render
    return self.nodelist.render(context)
           ^^^^^^^^^^^^^^^^^^^^^^^^^^^^^
  File "C:\Users\Hp\AppData\Local\Packages\PythonSoftwareFoundation.Python.3.11_qbz5n2kfra8p0\LocalCache\local-packages\Python311\site-packages\django\template\base.py", line 1018, in render
    return SafeString("".join([node.render_annotated(context) for node in self]))
                              ^^^^^^^^^^^^^^^^^^^^^^^^^^^^^^^^^^^^^^^^^^^^^^^^^
  File "C:\Users\Hp\AppData\Local\Packages\PythonSoftwareFoundation.Python.3.11_qbz5n2kfra8p0\LocalCache\local-packages\Python311\site-packages\django\template\base.py", line 1018, in <listcomp>
    return SafeString("".join([node.render_annotated(context) for node in self]))
                               ^^^^^^^^^^^^^^^^^^^^^^^^^^^^^^
  File "C:\Users\Hp\AppData\Local\Packages\PythonSoftwareFoundation.Python.3.11_qbz5n2kfra8p0\LocalCache\local-packages\Python311\site-packages\django\template\base.py", line 979, in render_annotated
    return self.render(context)
           ^^^^^^^^^^^^^^^^^^^^
  File "C:\Users\Hp\AppData\Local\Packages\PythonSoftwareFoundation.Python.3.11_qbz5n2kfra8p0\LocalCache\local-packages\Python311\site-packages\django\template\loader_tags.py", line 159, in render
    return compiled_parent._render(context)
           ^^^^^^^^^^^^^^^^^^^^^^^^^^^^^^^^
  File "C:\Users\Hp\AppData\Local\Packages\PythonSoftwareFoundation.Python.3.11_qbz5n2kfra8p0\LocalCache\local-packages\Python311\site-packages\django\template\base.py", line 164, in _render
    return self.nodelist.render(context)
           ^^^^^^^^^^^^^^^^^^^^^^^^^^^^^
  File "C:\Users\Hp\AppData\Local\Packages\PythonSoftwareFoundation.Python.3.11_qbz5n2kfra8p0\LocalCache\local-packages\Python311\site-packages\django\template\base.py", line 1018, in render
    return SafeString("".join([node.render_annotated(context) for node in self]))
                              ^^^^^^^^^^^^^^^^^^^^^^^^^^^^^^^^^^^^^^^^^^^^^^^^^
  File "C:\Users\Hp\AppData\Local\Packages\PythonSoftwareFoundation.Python.3.11_qbz5n2kfra8p0\LocalCache\local-packages\Python311\site-packages\django\template\base.py", line 1018, in <listcomp>
    return SafeString("".join([node.render_annotated(context) for node in self]))
                               ^^^^^^^^^^^^^^^^^^^^^^^^^^^^^^
  File "C:\Users\Hp\AppData\Local\Packages\PythonSoftwareFoundation.Python.3.11_qbz5n2kfra8p0\LocalCache\local-packages\Python311\site-packages\django\template\base.py", line 979, in render_annotated
    return self.render(context)
           ^^^^^^^^^^^^^^^^^^^^
  File "C:\Users\Hp\AppData\Local\Packages\PythonSoftwareFoundation.Python.3.11_qbz5n2kfra8p0\LocalCache\local-packages\Python311\site-packages\django\template\defaulttags.py", line 480, in render
    url = reverse(view_name, args=args, kwargs=kwargs, current_app=current_app)
          ^^^^^^^^^^^^^^^^^^^^^^^^^^^^^^^^^^^^^^^^^^^^^^^^^^^^^^^^^^^^^^^^^^^^^
  File "C:\Users\Hp\AppData\Local\Packages\PythonSoftwareFoundation.Python.3.11_qbz5n2kfra8p0\LocalCache\local-packages\Python311\site-packages\django\urls\base.py", line 98, in reverse
    resolved_url = resolver._reverse_with_prefix(view, prefix, *args, **kwargs)
                   ^^^^^^^^^^^^^^^^^^^^^^^^^^^^^^^^^^^^^^^^^^^^^^^^^^^^^^^^^^^^
  File "C:\Users\Hp\AppData\Local\Packages\PythonSoftwareFoundation.Python.3.11_qbz5n2kfra8p0\LocalCache\local-packages\Python311\site-packages\django\urls\resolvers.py", line 831, in _reverse_with_prefix
    raise NoReverseMatch(msg)
django.urls.exceptions.NoReverseMatch: Reverse for 'basket_detail' not found. 'basket_detail' is not a valid view function or pattern name.
ERROR 2026-07-14 23:01:56,446 basehttp 28236 27740 "GET /privacy/ HTTP/1.1" 500 162014
INFO 2026-07-14 23:10:45,228 basehttp 28236 26268 "GET /privacy/ HTTP/1.1" 200 61612
INFO 2026-07-14 23:10:50,134 basehttp 28236 26268 "GET /contact/ HTTP/1.1" 200 60770
INFO 2026-07-14 23:10:50,208 basehttp 28236 26268 "GET /captcha/image/6aeaa2f36319b79b2b8c8bbdcd5a2ff0b2b9b4a6/ HTTP/1.1" 200 3589
INFO 2026-07-14 23:13:41,497 basehttp 28236 26268 "GET /contact/ HTTP/1.1" 200 60770
INFO 2026-07-14 23:13:41,541 basehttp 28236 26268 "GET /captcha/image/b476b0a795b698023ff06f2e79774151ea0681c8/ HTTP/1.1" 200 3937
INFO 2026-07-14 23:13:49,548 basehttp 28236 26268 "GET /shop/ HTTP/1.1" 200 77797
INFO 2026-07-14 23:13:55,643 basehttp 28236 26268 "GET /shop/?page=2 HTTP/1.1" 200 77910
INFO 2026-07-14 23:13:56,462 basehttp 28236 24096 "GET /media/products/1000525140.png HTTP/1.1" 200 157665
INFO 2026-07-14 23:13:56,507 basehttp 28236 13152 "GET /media/products/1000525141.png HTTP/1.1" 200 211286
INFO 2026-07-14 23:13:56,509 basehttp 28236 26268 "GET /media/products/1000525143.png HTTP/1.1" 200 213940
INFO 2026-07-14 23:13:56,536 basehttp 28236 1220 "GET /media/products/1000525137.png HTTP/1.1" 200 183780
INFO 2026-07-14 23:13:56,546 basehttp 28236 13152 "GET /media/products/1000525134.png HTTP/1.1" 200 185875
INFO 2026-07-14 23:13:56,547 basehttp 28236 24096 "GET /media/products/1000525136.png HTTP/1.1" 200 253871
INFO 2026-07-14 23:13:56,582 basehttp 28236 24096 "GET /media/products/1000533259.jpg HTTP/1.1" 200 75741
INFO 2026-07-14 23:13:56,586 basehttp 28236 13152 "GET /media/products/1000525605.png HTTP/1.1" 200 189304
INFO 2026-07-14 23:13:56,593 basehttp 28236 1220 "GET /media/products/1000520278.jpg HTTP/1.1" 200 520053
INFO 2026-07-14 23:13:56,602 basehttp 28236 26268 "GET /media/products/1000525135.png HTTP/1.1" 200 270097
INFO 2026-07-14 23:13:56,657 basehttp 28236 25508 "GET /media/products/1000525138.png HTTP/1.1" 200 249163
INFO 2026-07-14 23:13:56,660 basehttp 28236 22776 "GET /media/products/1000525139.png HTTP/1.1" 200 163867
INFO 2026-07-14 23:14:03,857 basehttp 28236 22776 "GET /shop/ HTTP/1.1" 200 77797
INFO 2026-07-14 23:14:04,793 basehttp 28236 22776 "GET / HTTP/1.1" 200 99916
INFO 2026-07-14 23:14:13,482 basehttp 28236 22776 "GET /shop/ HTTP/1.1" 200 77797
INFO 2026-07-14 23:25:59,413 basehttp 28236 26960 "GET /shop/?category=neckbands HTTP/1.1" 200 68079
INFO 2026-07-14 23:26:08,950 basehttp 28236 26960 "GET /shop/ HTTP/1.1" 200 83023
INFO 2026-07-14 23:26:13,033 basehttp 28236 26960 "GET /shop/ HTTP/1.1" 200 83023
INFO 2026-07-14 23:31:45,715 basehttp 28236 5776 "GET /shop/ HTTP/1.1" 200 78715
INFO 2026-07-14 23:31:59,165 basehttp 28236 5776 "GET / HTTP/1.1" 200 99916
INFO 2026-07-14 23:35:04,283 basehttp 28236 5776 "GET / HTTP/1.1" 200 99916
INFO 2026-07-14 23:35:07,956 basehttp 28236 5776 "GET /shop/ HTTP/1.1" 200 77349
INFO 2026-07-14 23:35:19,455 basehttp 28236 5776 "GET /shop/?page=3 HTTP/1.1" 200 77170
INFO 2026-07-14 23:35:19,576 basehttp 28236 5776 "GET /media/products/1000520279.jpg HTTP/1.1" 200 144846
INFO 2026-07-14 23:35:19,607 basehttp 28236 25680 "GET /media/products/1000520282.jpg HTTP/1.1" 200 177081
INFO 2026-07-14 23:35:19,609 basehttp 28236 20120 "GET /media/products/1000520281.jpg HTTP/1.1" 200 145300
INFO 2026-07-14 23:35:19,617 basehttp 28236 19368 "GET /media/products/1000520283.jpg HTTP/1.1" 200 163985
INFO 2026-07-14 23:35:19,619 basehttp 28236 20484 "GET /media/products/1000520284.jpg HTTP/1.1" 200 129782
INFO 2026-07-14 23:35:19,646 basehttp 28236 5776 "GET /media/products/1000520285.jpg HTTP/1.1" 200 160289
INFO 2026-07-14 23:35:19,648 basehttp 28236 22688 "GET /media/products/1000520280.jpg HTTP/1.1" 200 899316
INFO 2026-07-14 23:35:19,669 basehttp 28236 20120 "GET /media/products/1000520286.jpg HTTP/1.1" 200 129354
INFO 2026-07-14 23:35:19,694 basehttp 28236 19368 "GET /media/products/1000520287.jpg HTTP/1.1" 200 1024983
INFO 2026-07-14 23:37:47,354 basehttp 28236 19368 "GET /shop/ HTTP/1.1" 200 77595
INFO 2026-07-14 23:37:53,242 basehttp 28236 19368 "GET / HTTP/1.1" 200 99916
INFO 2026-07-14 23:39:53,253 basehttp 28236 19368 "GET / HTTP/1.1" 200 99916
INFO 2026-07-14 23:39:54,964 basehttp 28236 19368 "GET /shop/ HTTP/1.1" 200 77895
INFO 2026-07-14 23:45:42,477 basehttp 28236 17968 "GET /shop/ HTTP/1.1" 200 77384
INFO 2026-07-14 23:45:53,767 basehttp 28236 17968 "GET / HTTP/1.1" 200 99916
INFO 2026-07-14 23:45:56,178 basehttp 28236 17968 "GET /shop/ HTTP/1.1" 200 77384
INFO 2026-07-14 23:50:59,348 basehttp 28236 7428 "GET /accounts/profile/ HTTP/1.1" 200 58822
INFO 2026-07-14 23:51:05,734 basehttp 28236 7428 "GET /shop/ HTTP/1.1" 200 77384
INFO 2026-07-14 23:51:14,193 basehttp 28236 7428 "POST /accounts/logout/ HTTP/1.1" 302 0
INFO 2026-07-14 23:51:14,257 basehttp 28236 7428 "GET / HTTP/1.1" 200 99415
INFO 2026-07-14 23:51:19,487 basehttp 28236 7428 "GET /accounts/login/ HTTP/1.1" 200 59512
INFO 2026-07-14 23:51:24,481 basehttp 28236 7428 "POST /accounts/login/ HTTP/1.1" 302 0
INFO 2026-07-14 23:51:24,527 basehttp 28236 7428 "GET / HTTP/1.1" 200 99916
INFO 2026-07-14 23:51:39,300 basehttp 28236 7428 "GET /accounts/profile/ HTTP/1.1" 200 58822
INFO 2026-07-14 23:51:43,312 basehttp 28236 7428 "GET /shop/ HTTP/1.1" 200 77384
INFO 2026-07-14 23:51:45,741 basehttp 28236 7428 "POST /basket/add/37/ HTTP/1.1" 200 57
INFO 2026-07-14 23:51:45,804 basehttp 28236 19600 "POST /basket/add/37/ HTTP/1.1" 200 58
INFO 2026-07-14 23:51:52,572 basehttp 28236 19600 "GET /basket/ HTTP/1.1" 200 65418
INFO 2026-07-14 23:52:04,958 basehttp 28236 19600 "GET / HTTP/1.1" 200 99916
INFO 2026-07-14 23:52:08,636 basehttp 28236 19600 "POST /basket/add/37/ HTTP/1.1" 200 58
INFO 2026-07-14 23:52:08,704 basehttp 28236 7428 "POST /basket/add/37/ HTTP/1.1" 200 58
INFO 2026-07-14 23:52:16,688 basehttp 28236 7428 "GET /basket/ HTTP/1.1" 200 65418
INFO 2026-07-14 23:55:24,411 basehttp 28236 7428 "GET /basket/ HTTP/1.1" 200 74561
INFO 2026-07-14 23:55:29,901 basehttp 28236 7428 "GET / HTTP/1.1" 200 99921
INFO 2026-07-14 23:55:33,358 basehttp 28236 7428 "POST /basket/add/35/ HTTP/1.1" 200 59
INFO 2026-07-14 23:55:33,429 basehttp 28236 19600 "POST /basket/add/35/ HTTP/1.1" 200 59
INFO 2026-07-14 23:55:39,941 basehttp 28236 19600 "GET /basket/ HTTP/1.1" 200 76390
INFO 2026-07-14 23:55:44,360 basehttp 28236 19600 "GET /checkout/ HTTP/1.1" 200 74655
INFO 2026-07-14 23:56:00,772 basehttp 28236 19600 "POST /checkout/ HTTP/1.1" 302 0
INFO 2026-07-14 23:56:00,778 basehttp 28236 19600 "GET /checkout/ HTTP/1.1" 302 0
INFO 2026-07-14 23:56:00,842 basehttp 28236 19600 "GET /shop/ HTTP/1.1" 200 85899
INFO 2026-07-14 23:56:04,833 basehttp 28236 19600 "GET / HTTP/1.1" 200 99921
INFO 2026-07-14 23:58:30,418 basehttp 28236 19600 "GET / HTTP/1.1" 200 97963
INFO 2026-07-14 23:59:04,502 basehttp 28236 19600 "POST /basket/add/37/ HTTP/1.1" 200 57
INFO 2026-07-14 23:59:04,648 basehttp 28236 7428 "POST /basket/add/37/ HTTP/1.1" 200 58
INFO 2026-07-14 23:59:07,381 basehttp 28236 7428 "GET /shop/oraimo-safe-volt-surge-protector-tv-fridge-guard-1/ HTTP/1.1" 200 66580
INFO 2026-07-14 23:59:16,538 basehttp 28236 7428 "GET / HTTP/1.1" 200 97963
INFO 2026-07-15 00:01:21,139 basehttp 28236 7428 "GET / HTTP/1.1" 200 100564
INFO 2026-07-15 00:02:14,891 basehttp 28236 7428 "GET / HTTP/1.1" 200 100564
INFO 2026-07-15 00:03:42,453 basehttp 28236 18148 "GET / HTTP/1.1" 200 100063
INFO 2026-07-15 00:03:42,889 basehttp 28236 9628 "GET /media/CACHE/images/products/1000526987/a6d5a5e42638bdf81f7b75683fe48a56.jpg HTTP/1.1" 200 13196
INFO 2026-07-15 00:03:42,889 basehttp 28236 18148 "GET /media/CACHE/images/products/1000526988/297d1fbbf43ffd3ca8b68220c3a2f140.jpg HTTP/1.1" 200 13520
INFO 2026-07-15 00:03:42,899 basehttp 28236 14664 "GET /media/CACHE/images/products/1000526985/ea2101abe7212401b5af667637e000f4.jpg HTTP/1.1" 200 10022
INFO 2026-07-15 00:03:42,899 basehttp 28236 23176 "GET /media/CACHE/images/products/1000526986/4c42d7f070fd16fcc4c9e9e771277a3f.jpg HTTP/1.1" 200 11213
WARNING 2026-07-15 00:03:43,689 basehttp 28236 14664 "GET /favicon.ico HTTP/1.1" 404 4856
INFO 2026-07-15 00:03:44,411 basehttp 28236 14664 "GET /media/CACHE/images/products/1000526984/2679c5d1935863a487471bfaaebbd5f6.jpg HTTP/1.1" 200 11341
INFO 2026-07-15 00:03:44,413 basehttp 28236 23176 "GET /media/CACHE/images/products/1000526983/59a2f0e6a76fb3a0abaf510e68d6861f.jpg HTTP/1.1" 200 12454
INFO 2026-07-15 00:03:44,936 basehttp 28236 23176 "GET /media/CACHE/images/products/1000526975/d6f426988a94ff6a989535d30a8bdf11.jpg HTTP/1.1" 200 12139
INFO 2026-07-15 00:03:44,937 basehttp 28236 14664 "GET /media/CACHE/images/products/1000533260/cc9415acb28224a87fcc5efb6469a097.jpg HTTP/1.1" 200 13423
INFO 2026-07-15 00:04:05,469 basehttp 28236 14664 "GET /shop/oraimo-safe-volt-surge-protector-tv-fridge-guard-1/ HTTP/1.1" 200 66079
INFO 2026-07-15 00:04:07,100 basehttp 28236 14664 "GET /media/products/1000526988.jpg HTTP/1.1" 200 953641
INFO 2026-07-15 00:04:07,352 basehttp 28236 23176 "GET /media/products/1000533308.jpg HTTP/1.1" 200 1048906
INFO 2026-07-15 00:04:14,412 basehttp 28236 23176 "GET /shop/oraimo-nimbletype-wireless-keyboard-mouse-kit/ HTTP/1.1" 200 68394
INFO 2026-07-15 00:04:14,740 basehttp 28236 23176 "GET /media/products/1000526987.jpg HTTP/1.1" 200 200624
INFO 2026-07-15 00:04:14,930 basehttp 28236 9628 "GET /media/products/1000525140.png HTTP/1.1" 200 157665
INFO 2026-07-15 00:04:14,930 basehttp 28236 18148 "GET /media/products/1000525143.png HTTP/1.1" 200 213940
INFO 2026-07-15 00:04:15,851 basehttp 28236 14664 "GET /media/products/1000526968.jpg HTTP/1.1" 200 773432
INFO 2026-07-15 00:04:18,119 basehttp 28236 14664 "GET /shop/oraimo-powerjet-501-50000mah-85w-power-bank/ HTTP/1.1" 200 69637
INFO 2026-07-15 00:04:20,671 basehttp 28236 23176 "GET /media/products/1000526984.jpg HTTP/1.1" 200 453928
INFO 2026-07-15 00:04:20,870 basehttp 28236 18148 "GET /media/products/1000526986.jpg HTTP/1.1" 200 564906
INFO 2026-07-15 00:04:21,079 basehttp 28236 9628 "GET /media/products/1000526985.jpg HTTP/1.1" 200 587190
INFO 2026-07-15 00:04:21,286 basehttp 28236 14664 "GET /media/products/1000526983.jpg HTTP/1.1" 200 748398
INFO 2026-07-15 00:04:21,481 basehttp 28236 14940 "GET /media/products/1000533260.jpg HTTP/1.1" 200 748555
INFO 2026-07-15 00:04:21,741 basehttp 28236 14940 "GET /shop/oraimo-powerjet-130-27600mah-130w-power-bank/ HTTP/1.1" 200 69521
INFO 2026-07-15 00:04:24,361 basehttp 28236 14940 "GET /shop/oraimo-powernova-q31-30000mah-225w-fast-charging-p/ HTTP/1.1" 200 69432
INFO 2026-07-15 00:04:27,339 basehttp 28236 14940 "GET /shop/oraimo-traveler-link-20-20000mah-power-bank-with-b/ HTTP/1.1" 200 69611
INFO 2026-07-15 00:04:30,393 basehttp 28236 14940 "GET /shop/oraimo-safe-volt-surge-protector-tv-fridge-guard-1/ HTTP/1.1" 200 66079
INFO 2026-07-15 00:04:32,862 basehttp 28236 14940 "GET /shop/oraimo-nimbletype-wireless-keyboard-mouse-kit/ HTTP/1.1" 200 68394
INFO 2026-07-15 00:04:35,929 basehttp 28236 14940 "GET /shop/oraimo-powernova-q31-30000mah-225w-fast-charging-p/ HTTP/1.1" 200 69432
INFO 2026-07-15 00:04:38,390 basehttp 28236 14940 "GET /shop/oraimo-slice-link-10000mah-12w-power-bank-with-bui/ HTTP/1.1" 200 69517
INFO 2026-07-15 00:04:42,538 basehttp 28236 14940 "GET /shop/oraimo-slice-link-10000mah-12w-power-bank-with-bui/ HTTP/1.1" 200 69517
INFO 2026-07-15 00:04:46,441 basehttp 28236 14940 "GET /shop/ HTTP/1.1" 200 85016
INFO 2026-07-15 00:04:46,640 basehttp 28236 14940 "GET /media/products/1000526975.jpg HTTP/1.1" 200 166223
INFO 2026-07-15 00:04:47,776 basehttp 28236 14664 "GET /media/products/1000525144.png HTTP/1.1" 200 152901
INFO 2026-07-15 00:04:47,779 basehttp 28236 14940 "GET /media/products/1000525145.png HTTP/1.1" 200 203853
INFO 2026-07-15 00:04:59,994 basehttp 28236 14664 "GET /shop/oraimo-slice-link-10000mah-12w-power-bank-with-bui/ HTTP/1.1" 200 69517
INFO 2026-07-15 00:05:02,449 basehttp 28236 14664 "GET /shop/oraimo-powernova-q31-30000mah-225w-fast-charging-p/ HTTP/1.1" 200 69432
INFO 2026-07-15 00:05:08,440 basehttp 28236 14664 "GET /shop/oraimo-nimbletype-wireless-keyboard-mouse-kit/ HTTP/1.1" 200 68394
INFO 2026-07-15 00:05:13,296 basehttp 28236 14664 "GET /shop/?sort=price_desc HTTP/1.1" 200 85075
INFO 2026-07-15 00:05:13,480 basehttp 28236 23176 "GET /media/products/1000533259.jpg HTTP/1.1" 200 75741
INFO 2026-07-15 00:05:13,580 basehttp 28236 9628 "GET /media/products/1000458382_rsJgChZ.jpg HTTP/1.1" 200 139075
INFO 2026-07-15 00:05:13,580 basehttp 28236 18148 "GET /media/products/1000520281.jpg HTTP/1.1" 200 145300
INFO 2026-07-15 00:05:13,686 basehttp 28236 22752 "GET /media/products/1000520286.jpg HTTP/1.1" 200 129354
INFO 2026-07-15 00:05:13,691 basehttp 28236 14940 "GET /media/products/1000525136.png HTTP/1.1" 200 253871
INFO 2026-07-15 00:05:13,700 basehttp 28236 14664 "GET /media/products/1000525135.png HTTP/1.1" 200 270097
INFO 2026-07-15 00:05:13,789 basehttp 28236 23176 "GET /media/products/1000525605.png HTTP/1.1" 200 189304
INFO 2026-07-15 00:05:13,798 basehttp 28236 9628 "GET /media/products/1000525134.png HTTP/1.1" 200 185875
INFO 2026-07-15 00:05:14,610 basehttp 28236 23176 "GET /media/products/1000520284.jpg HTTP/1.1" 200 129782
INFO 2026-07-15 00:05:14,610 basehttp 28236 9628 "GET /media/products/1000525139.png HTTP/1.1" 200 163867
INFO 2026-07-15 00:05:17,864 basehttp 28236 9628 "GET /shop/?sort=price_asc HTTP/1.1" 200 85036
INFO 2026-07-15 00:05:18,639 basehttp 28236 14664 "GET /media/products/1000520234_SBppChd.jpg HTTP/1.1" 200 91304
INFO 2026-07-15 00:05:19,041 basehttp 28236 14940 "GET /media/products/1000520283.jpg HTTP/1.1" 200 163985
INFO 2026-07-15 00:05:19,050 basehttp 28236 18148 "GET /media/products/1000520282.jpg HTTP/1.1" 200 177081
INFO 2026-07-15 00:05:19,145 basehttp 28236 22752 "GET /media/products/1000525137.png HTTP/1.1" 200 183780
INFO 2026-07-15 00:05:19,348 basehttp 28236 9628 "GET /media/products/1000525141.png HTTP/1.1" 200 211286
INFO 2026-07-15 00:05:19,450 basehttp 28236 23176 "GET /media/products/1000525138.png HTTP/1.1" 200 249163
INFO 2026-07-15 00:05:20,064 basehttp 28236 14664 "GET /media/products/1000520278.jpg HTTP/1.1" 200 520053
INFO 2026-07-15 00:05:26,439 basehttp 28236 14664 "GET /shop/?page=2&sort=price_asc HTTP/1.1" 200 85423
INFO 2026-07-15 00:05:26,751 basehttp 28236 14664 "GET /media/products/1000520257.jpg HTTP/1.1" 200 106493
INFO 2026-07-15 00:05:26,965 basehttp 28236 9628 "GET /media/products/1000520279.jpg HTTP/1.1" 200 144846
INFO 2026-07-15 00:05:26,970 basehttp 28236 23176 "GET /media/products/1000520285.jpg HTTP/1.1" 200 160289
INFO 2026-07-15 00:05:29,892 basehttp 28236 23176 "GET /media/products/1000520280.jpg HTTP/1.1" 200 899316
INFO 2026-07-15 00:05:44,436 basehttp 28236 18148 - Broken pipe from ('192.168.0.100', 59132)
INFO 2026-07-15 00:05:44,436 basehttp 28236 23176 - Broken pipe from ('192.168.0.100', 59152)
INFO 2026-07-15 00:05:44,436 basehttp 28236 14664 - Broken pipe from ('192.168.0.100', 59166)
INFO 2026-07-15 00:05:44,437 basehttp 28236 22752 - Broken pipe from ('192.168.0.100', 34582)
INFO 2026-07-15 00:05:44,437 basehttp 28236 14940 - Broken pipe from ('192.168.0.100', 34576)
INFO 2026-07-15 00:05:44,437 basehttp 28236 9628 - Broken pipe from ('192.168.0.100', 59140)
WARNING 2026-07-15 00:07:12,863 basehttp 28236 7428 "GET /admin/checkout/order/ HTTP/1.1" 404 4882
INFO 2026-07-15 00:08:03,512 basehttp 28236 7428 "GET / HTTP/1.1" 200 100564
INFO 2026-07-15 00:08:12,116 basehttp 28236 7428 "GET /basket/ HTTP/1.1" 200 74561
INFO 2026-07-15 00:08:16,631 basehttp 28236 7428 "GET / HTTP/1.1" 200 100564
INFO 2026-07-15 00:08:26,532 basehttp 28236 24776 "GET /shop/?page=2&sort=price_asc HTTP/1.1" 200 84286
INFO 2026-07-15 00:08:33,614 basehttp 28236 24776 "GET /shop/?page=1&sort=price_asc HTTP/1.1" 200 83899
INFO 2026-07-15 00:08:43,691 basehttp 28236 24776 "GET /shop/?page=3&sort=price_asc HTTP/1.1" 200 83906
INFO 2026-07-15 00:08:48,520 basehttp 28236 24776 "GET /shop/?page=1&sort=price_asc HTTP/1.1" 200 83899
INFO 2026-07-15 00:08:55,750 basehttp 28236 24776 "GET /shop/?page=1&sort=price_asc HTTP/1.1" 200 83899
INFO 2026-07-15 00:08:56,995 basehttp 28236 24776 "GET / HTTP/1.1" 200 100063
INFO 2026-07-15 00:09:02,386 basehttp 28236 24776 "GET /shop/api/search/?q=Watch HTTP/1.1" 200 1371
INFO 2026-07-15 00:09:06,512 basehttp 28236 24776 "GET /shop/oraimo-watch-6r-139-tft-bluetooth-calling-smart-wa/ HTTP/1.1" 200 69685
INFO 2026-07-15 00:09:10,681 basehttp 28236 24776 "GET /shop/oraimo-watch-6r-139-tft-bluetooth-calling-smart-wa/ HTTP/1.1" 200 69685
INFO 2026-07-15 00:09:15,286 basehttp 28236 28560 "GET / HTTP/1.1" 200 100063
INFO 2026-07-15 00:09:27,150 basehttp 28236 28560 - Broken pipe from ('192.168.0.100', 59176)
INFO 2026-07-15 00:09:27,150 basehttp 28236 21756 - Broken pipe from ('192.168.0.100', 36146)
INFO 2026-07-15 00:10:43,931 basehttp 28236 7428 "GET / HTTP/1.1" 200 100564
INFO 2026-07-15 00:10:46,557 basehttp 28236 7428 "GET /shop/ HTTP/1.1" 200 84380
INFO 2026-07-15 00:10:53,031 basehttp 28236 7428 "GET /shop/ HTTP/1.1" 200 84380
INFO 2026-07-15 00:10:55,722 basehttp 28236 7428 "GET /basket/ HTTP/1.1" 200 74561
INFO 2026-07-15 00:10:58,422 basehttp 28236 7428 "GET /checkout/ HTTP/1.1" 200 74653
INFO 2026-07-15 00:11:03,672 basehttp 28236 7428 "GET /accounts/profile/ HTTP/1.1" 200 58827
INFO 2026-07-15 00:11:26,211 basehttp 28236 7428 "GET /adteddymin HTTP/1.1" 301 0
INFO 2026-07-15 00:11:26,515 basehttp 28236 10744 "GET /adteddymin/ HTTP/1.1" 200 10201
WARNING 2026-07-15 00:11:39,757 basehttp 28236 10744 "GET /dashboard HTTP/1.1" 404 4846
WARNING 2026-07-15 00:12:18,851 basehttp 28236 10744 "GET /dashboard HTTP/1.1" 404 4846
INFO 2026-07-15 00:12:20,723 basehttp 28236 10744 "GET /adteddymin/ HTTP/1.1" 200 10201
INFO 2026-07-15 00:12:24,703 basehttp 28236 10744 "GET / HTTP/1.1" 200 100564
WARNING 2026-07-15 00:12:32,742 basehttp 28236 10744 "GET /dashboard HTTP/1.1" 404 4846
WARNING 2026-07-15 00:13:22,006 basehttp 28236 10744 "GET /adteddymin/reports HTTP/1.1" 404 6804
WARNING 2026-07-15 00:13:38,177 basehttp 28236 10744 "GET /adteddymin/reports/ HTTP/1.1" 404 6807
WARNING 2026-07-15 00:14:05,200 basehttp 28236 10744 "GET /adteddymin/reports/ HTTP/1.1" 404 6807
INFO 2026-07-15 00:16:17,824 autoreload 28236 11080 C:\Users\Hp\Desktop\ORAIMOTECH\core\urls.py changed, reloading.
INFO 2026-07-15 00:16:25,352 autoreload 25008 17964 Watching for file changes with StatReloader
INFO 2026-07-15 00:16:50,696 autoreload 25008 17964 C:\Users\Hp\Desktop\ORAIMOTECH\shop\views.py changed, reloading.
INFO 2026-07-15 00:16:52,031 autoreload 2652 21468 Watching for file changes with StatReloader
INFO 2026-07-15 00:17:22,529 basehttp 2652 22812 "GET /adteddymin/reports/ HTTP/1.1" 200 7048
INFO 2026-07-15 00:17:40,422 basehttp 2652 22812 "GET /checkout/ HTTP/1.1" 200 74653
INFO 2026-07-15 00:18:00,632 basehttp 2652 22812 "POST /checkout/ HTTP/1.1" 302 0
INFO 2026-07-15 00:18:00,642 basehttp 2652 22812 "GET /checkout/ HTTP/1.1" 302 0
INFO 2026-07-15 00:18:00,705 basehttp 2652 22812 "GET /shop/ HTTP/1.1" 200 82935
INFO 2026-07-15 00:18:09,713 basehttp 2652 22812 "GET / HTTP/1.1" 200 100564
INFO 2026-07-15 00:21:26,965 basehttp 2652 22812 "GET / HTTP/1.1" 200 100594
INFO 2026-07-15 00:23:09,494 autoreload 2652 21468 C:\Users\Hp\Desktop\ORAIMOTECH\shop\views.py changed, reloading.
INFO 2026-07-15 00:23:10,982 autoreload 6812 9952 Watching for file changes with StatReloader
INFO 2026-07-15 00:23:14,502 autoreload 6812 9952 C:\Users\Hp\Desktop\ORAIMOTECH\shop\views.py changed, reloading.
INFO 2026-07-15 00:23:15,590 autoreload 23732 24432 Watching for file changes with StatReloader
INFO 2026-07-15 00:23:35,107 basehttp 23732 12908 "GET / HTTP/1.1" 200 100641
INFO 2026-07-15 00:23:35,816 basehttp 23732 18628 "GET /media/CACHE/images/products/1000525144/5e5e36fd76329969727589b2982273fa.jpg HTTP/1.1" 200 11712
INFO 2026-07-15 00:23:35,831 basehttp 23732 12908 "GET /media/CACHE/images/products/1000526968/02476a1d1a2f6c83ad55fc518197d54c.jpg HTTP/1.1" 200 12929
INFO 2026-07-15 00:23:35,846 basehttp 23732 18628 "GET /media/CACHE/images/products/1000525140/b6ce580056a4f7bf6bed510249a1d7ca.jpg HTTP/1.1" 200 14361
INFO 2026-07-15 00:23:35,853 basehttp 23732 13356 "GET /media/CACHE/images/products/1000533308/fc6d17f5b32815bb45102d95fb074d4c.jpg HTTP/1.1" 200 13965
INFO 2026-07-15 00:23:35,866 basehttp 23732 12908 "GET /media/CACHE/images/products/1000525139/e65d5659a406c50c9f3ccbddd26ed2ea.jpg HTTP/1.1" 200 13369
INFO 2026-07-15 00:23:35,870 basehttp 23732 24792 "GET /media/CACHE/images/products/1000525143/ec3192406c59c64742bd6703212d9588.jpg HTTP/1.1" 200 9515
INFO 2026-07-15 00:23:35,890 basehttp 23732 19796 "GET /media/CACHE/images/products/1000525141/173d05edb9fc28ed5a313e885994fb8d.jpg HTTP/1.1" 200 12026
INFO 2026-07-15 00:23:35,898 basehttp 23732 8932 "GET /media/CACHE/images/products/1000525145/b445642a1897efb9256f6606c12f861a.jpg HTTP/1.1" 200 16207
INFO 2026-07-15 00:23:54,156 basehttp 23732 8932 "GET /accounts/profile/ HTTP/1.1" 200 58827
WARNING 2026-07-15 00:23:56,610 basehttp 23732 8932 "GET /accounts/logout/ HTTP/1.1" 405 0
WARNING 2026-07-15 00:23:59,063 basehttp 23732 8932 "GET /accounts/logout/ HTTP/1.1" 405 0
WARNING 2026-07-15 00:24:18,182 basehttp 23732 8932 "GET /accounts/logout/ HTTP/1.1" 405 0
INFO 2026-07-15 00:26:47,553 basehttp 23732 8932 "GET /shop/ HTTP/1.1" 200 82553
INFO 2026-07-15 00:26:56,722 basehttp 23732 8932 "GET /shop/?category=home-appliances HTTP/1.1" 200 69709
INFO 2026-07-15 00:26:58,662 basehttp 23732 8932 "GET /shop/?category=smart-watches HTTP/1.1" 200 80807
INFO 2026-07-15 00:27:19,837 basehttp 23732 8932 "GET /accounts/profile/ HTTP/1.1" 200 58827
INFO 2026-07-15 00:27:32,101 basehttp 23732 8932 "GET / HTTP/1.1" 200 100641
INFO 2026-07-15 00:28:11,007 basehttp 23732 8932 "GET /basket/ HTTP/1.1" 200 71935
INFO 2026-07-15 00:28:12,906 basehttp 23732 8932 "GET /shop/ HTTP/1.1" 200 82553
INFO 2026-07-15 00:28:16,350 basehttp 23732 8932 "GET /basket/ HTTP/1.1" 200 71935
INFO 2026-07-15 00:28:18,713 basehttp 23732 8932 "GET /shop/ HTTP/1.1" 200 82553
INFO 2026-07-15 00:28:23,843 basehttp 23732 8932 "GET /accounts/profile/ HTTP/1.1" 200 58827
WARNING 2026-07-15 00:28:25,713 basehttp 23732 8932 "GET /accounts/logout/ HTTP/1.1" 405 0
INFO 2026-07-15 00:31:08,391 autoreload 23732 24432 C:\Users\Hp\Desktop\ORAIMOTECH\core\urls.py changed, reloading.
INFO 2026-07-15 00:31:10,224 autoreload 10168 11848 Watching for file changes with StatReloader
WARNING 2026-07-15 00:31:46,626 basehttp 10168 28544 "GET /accounts/logout/ HTTP/1.1" 405 0
WARNING 2026-07-15 00:31:47,518 basehttp 10168 28544 "GET /accounts/logout/ HTTP/1.1" 405 0
WARNING 2026-07-15 00:31:47,713 basehttp 10168 28544 "GET /accounts/logout/ HTTP/1.1" 405 0
WARNING 2026-07-15 00:31:47,949 basehttp 10168 28544 "GET /accounts/logout/ HTTP/1.1" 405 0
WARNING 2026-07-15 00:35:46,282 basehttp 10168 28544 "GET /accounts/logout/ HTTP/1.1" 405 0
INFO 2026-07-15 00:40:28,967 basehttp 10168 28544 "GET /accounts/profile/ HTTP/1.1" 200 59085
INFO 2026-07-15 00:40:31,366 basehttp 10168 28544 "POST /accounts/logout/ HTTP/1.1" 302 0
INFO 2026-07-15 00:40:31,465 basehttp 10168 28544 "GET / HTTP/1.1" 200 100140
INFO 2026-07-15 00:40:36,905 basehttp 10168 28544 "GET /accounts/register/ HTTP/1.1" 200 59760
INFO 2026-07-15 00:40:44,914 basehttp 10168 28544 "GET /accounts/login/ HTTP/1.1" 200 59517
INFO 2026-07-15 00:40:49,339 basehttp 10168 28544 "POST /accounts/login/ HTTP/1.1" 302 0
INFO 2026-07-15 00:40:49,415 basehttp 10168 28544 "GET / HTTP/1.1" 200 100641
INFO 2026-07-15 00:42:32,988 basehttp 10168 28544 "GET /basket/ HTTP/1.1" 200 71935
INFO 2026-07-15 00:42:37,390 basehttp 10168 28544 "GET /accounts/profile/ HTTP/1.1" 200 59085
INFO 2026-07-15 00:42:40,728 basehttp 10168 28544 "POST /accounts/logout/ HTTP/1.1" 302 0
INFO 2026-07-15 00:42:40,796 basehttp 10168 28544 "GET / HTTP/1.1" 200 100140
INFO 2026-07-15 00:42:44,477 basehttp 10168 28544 "GET /shop/?category=smart-watches HTTP/1.1" 200 80306
INFO 2026-07-15 00:42:46,948 basehttp 10168 28544 "POST /basket/add/31/ HTTP/1.1" 200 58
INFO 2026-07-15 00:42:47,005 basehttp 10168 16808 "POST /basket/add/31/ HTTP/1.1" 200 58
INFO 2026-07-15 00:42:51,287 basehttp 10168 16808 "GET /basket/ HTTP/1.1" 200 74052
INFO 2026-07-15 00:42:54,505 basehttp 10168 16808 "GET /checkout/ HTTP/1.1" 200 74152
INFO 2026-07-15 00:42:57,970 basehttp 10168 16808 "GET /accounts/login/ HTTP/1.1" 200 59517
INFO 2026-07-15 00:43:02,005 basehttp 10168 16808 "GET / HTTP/1.1" 200 100140
INFO 2026-07-15 00:43:16,764 basehttp 10168 16808 "GET /shop/ HTTP/1.1" 200 82052
INFO 2026-07-15 00:43:19,499 basehttp 10168 16808 "GET / HTTP/1.1" 200 100140
INFO 2026-07-15 00:43:37,884 basehttp 10168 16808 "GET / HTTP/1.1" 200 100140
INFO 2026-07-15 00:43:57,886 basehttp 10168 16808 "GET /shop/ HTTP/1.1" 200 82052
INFO 2026-07-15 00:44:00,112 basehttp 10168 16808 "GET / HTTP/1.1" 200 100140
INFO 2026-07-15 00:44:15,075 basehttp 10168 16808 "GET / HTTP/1.1" 200 100140
INFO 2026-07-15 00:44:41,190 basehttp 10168 16808 "GET /checkout/track/ HTTP/1.1" 200 62489
INFO 2026-07-15 00:44:44,565 basehttp 10168 16808 "GET /shop/ HTTP/1.1" 200 82052
INFO 2026-07-15 00:44:46,725 basehttp 10168 16808 "GET / HTTP/1.1" 200 100140
INFO 2026-07-15 00:46:59,537 basehttp 10168 16808 "GET / HTTP/1.1" 200 100140
INFO 2026-07-15 00:47:01,279 basehttp 10168 16808 "GET /basket/ HTTP/1.1" 200 74052
INFO 2026-07-15 00:47:06,835 basehttp 10168 16808 "GET /shop/ HTTP/1.1" 200 82052
INFO 2026-07-15 00:47:08,998 basehttp 10168 16808 "GET / HTTP/1.1" 200 100140
INFO 2026-07-15 19:15:49,296 autoreload 9732 17544 Watching for file changes with StatReloader
ERROR 2026-07-15 19:16:37,331 log 9732 21724 Internal Server Error: /
Traceback (most recent call last):
  File "C:\Users\Hp\Desktop\ORAIMOTECH\venv\Lib\site-packages\django\core\handlers\exception.py", line 55, in inner
    response = get_response(request)
               ^^^^^^^^^^^^^^^^^^^^^
  File "C:\Users\Hp\Desktop\ORAIMOTECH\venv\Lib\site-packages\django\core\handlers\base.py", line 197, in _get_response
    response = wrapped_callback(request, *callback_args, **callback_kwargs)
               ^^^^^^^^^^^^^^^^^^^^^^^^^^^^^^^^^^^^^^^^^^^^^^^^^^^^^^^^^^^^
  File "C:\Users\Hp\Desktop\ORAIMOTECH\shop\views.py", line 48, in home_page
    return render(request, 'shop/home.html', context)
           ^^^^^^^^^^^^^^^^^^^^^^^^^^^^^^^^^^^^^^^^^^
  File "C:\Users\Hp\Desktop\ORAIMOTECH\venv\Lib\site-packages\django\shortcuts.py", line 24, in render
    content = loader.render_to_string(template_name, context, request, using=using)
              ^^^^^^^^^^^^^^^^^^^^^^^^^^^^^^^^^^^^^^^^^^^^^^^^^^^^^^^^^^^^^^^^^^^^^
  File "C:\Users\Hp\Desktop\ORAIMOTECH\venv\Lib\site-packages\django\template\loader.py", line 62, in render_to_string
    return template.render(context, request)
           ^^^^^^^^^^^^^^^^^^^^^^^^^^^^^^^^^
  File "C:\Users\Hp\Desktop\ORAIMOTECH\venv\Lib\site-packages\django\template\backends\django.py", line 61, in render
    return self.template.render(context)
           ^^^^^^^^^^^^^^^^^^^^^^^^^^^^^
  File "C:\Users\Hp\Desktop\ORAIMOTECH\venv\Lib\site-packages\django\template\base.py", line 171, in render
    return self._render(context)
           ^^^^^^^^^^^^^^^^^^^^^
  File "C:\Users\Hp\Desktop\ORAIMOTECH\venv\Lib\site-packages\django\template\base.py", line 163, in _render
    return self.nodelist.render(context)
           ^^^^^^^^^^^^^^^^^^^^^^^^^^^^^
  File "C:\Users\Hp\Desktop\ORAIMOTECH\venv\Lib\site-packages\django\template\base.py", line 1000, in render
    return SafeString("".join([node.render_annotated(context) for node in self]))
                              ^^^^^^^^^^^^^^^^^^^^^^^^^^^^^^^^^^^^^^^^^^^^^^^^^
  File "C:\Users\Hp\Desktop\ORAIMOTECH\venv\Lib\site-packages\django\template\base.py", line 1000, in <listcomp>
    return SafeString("".join([node.render_annotated(context) for node in self]))
                               ^^^^^^^^^^^^^^^^^^^^^^^^^^^^^^
  File "C:\Users\Hp\Desktop\ORAIMOTECH\venv\Lib\site-packages\django\template\base.py", line 961, in render_annotated
    return self.render(context)
           ^^^^^^^^^^^^^^^^^^^^
  File "C:\Users\Hp\Desktop\ORAIMOTECH\venv\Lib\site-packages\django\template\loader_tags.py", line 159, in render
    return compiled_parent._render(context)
           ^^^^^^^^^^^^^^^^^^^^^^^^^^^^^^^^
  File "C:\Users\Hp\Desktop\ORAIMOTECH\venv\Lib\site-packages\django\template\base.py", line 163, in _render
    return self.nodelist.render(context)
           ^^^^^^^^^^^^^^^^^^^^^^^^^^^^^
  File "C:\Users\Hp\Desktop\ORAIMOTECH\venv\Lib\site-packages\django\template\base.py", line 1000, in render
    return SafeString("".join([node.render_annotated(context) for node in self]))
                              ^^^^^^^^^^^^^^^^^^^^^^^^^^^^^^^^^^^^^^^^^^^^^^^^^
  File "C:\Users\Hp\Desktop\ORAIMOTECH\venv\Lib\site-packages\django\template\base.py", line 1000, in <listcomp>
    return SafeString("".join([node.render_annotated(context) for node in self]))
                               ^^^^^^^^^^^^^^^^^^^^^^^^^^^^^^
  File "C:\Users\Hp\Desktop\ORAIMOTECH\venv\Lib\site-packages\django\template\base.py", line 961, in render_annotated
    return self.render(context)
           ^^^^^^^^^^^^^^^^^^^^
  File "C:\Users\Hp\Desktop\ORAIMOTECH\venv\Lib\site-packages\django\template\defaulttags.py", line 478, in render
    url = reverse(view_name, args=args, kwargs=kwargs, current_app=current_app)
          ^^^^^^^^^^^^^^^^^^^^^^^^^^^^^^^^^^^^^^^^^^^^^^^^^^^^^^^^^^^^^^^^^^^^^
  File "C:\Users\Hp\Desktop\ORAIMOTECH\venv\Lib\site-packages\django\urls\base.py", line 88, in reverse
    return resolver._reverse_with_prefix(view, prefix, *args, **kwargs)
           ^^^^^^^^^^^^^^^^^^^^^^^^^^^^^^^^^^^^^^^^^^^^^^^^^^^^^^^^^^^^
  File "C:\Users\Hp\Desktop\ORAIMOTECH\venv\Lib\site-packages\django\urls\resolvers.py", line 848, in _reverse_with_prefix
    raise NoReverseMatch(msg)
django.urls.exceptions.NoReverseMatch: Reverse for 'track_order' not found. 'track_order' is not a valid view function or pattern name.
ERROR 2026-07-15 19:16:37,331 log 9732 21724 Internal Server Error: /
Traceback (most recent call last):
  File "C:\Users\Hp\Desktop\ORAIMOTECH\venv\Lib\site-packages\django\core\handlers\exception.py", line 55, in inner
    response = get_response(request)
               ^^^^^^^^^^^^^^^^^^^^^
  File "C:\Users\Hp\Desktop\ORAIMOTECH\venv\Lib\site-packages\django\core\handlers\base.py", line 197, in _get_response
    response = wrapped_callback(request, *callback_args, **callback_kwargs)
               ^^^^^^^^^^^^^^^^^^^^^^^^^^^^^^^^^^^^^^^^^^^^^^^^^^^^^^^^^^^^
  File "C:\Users\Hp\Desktop\ORAIMOTECH\shop\views.py", line 48, in home_page
    return render(request, 'shop/home.html', context)
           ^^^^^^^^^^^^^^^^^^^^^^^^^^^^^^^^^^^^^^^^^^
  File "C:\Users\Hp\Desktop\ORAIMOTECH\venv\Lib\site-packages\django\shortcuts.py", line 24, in render
    content = loader.render_to_string(template_name, context, request, using=using)
              ^^^^^^^^^^^^^^^^^^^^^^^^^^^^^^^^^^^^^^^^^^^^^^^^^^^^^^^^^^^^^^^^^^^^^
  File "C:\Users\Hp\Desktop\ORAIMOTECH\venv\Lib\site-packages\django\template\loader.py", line 62, in render_to_string
    return template.render(context, request)
           ^^^^^^^^^^^^^^^^^^^^^^^^^^^^^^^^^
  File "C:\Users\Hp\Desktop\ORAIMOTECH\venv\Lib\site-packages\django\template\backends\django.py", line 61, in render
    return self.template.render(context)
           ^^^^^^^^^^^^^^^^^^^^^^^^^^^^^
  File "C:\Users\Hp\Desktop\ORAIMOTECH\venv\Lib\site-packages\django\template\base.py", line 171, in render
    return self._render(context)
           ^^^^^^^^^^^^^^^^^^^^^
  File "C:\Users\Hp\Desktop\ORAIMOTECH\venv\Lib\site-packages\django\template\base.py", line 163, in _render
    return self.nodelist.render(context)
           ^^^^^^^^^^^^^^^^^^^^^^^^^^^^^
  File "C:\Users\Hp\Desktop\ORAIMOTECH\venv\Lib\site-packages\django\template\base.py", line 1000, in render
    return SafeString("".join([node.render_annotated(context) for node in self]))
                              ^^^^^^^^^^^^^^^^^^^^^^^^^^^^^^^^^^^^^^^^^^^^^^^^^
  File "C:\Users\Hp\Desktop\ORAIMOTECH\venv\Lib\site-packages\django\template\base.py", line 1000, in <listcomp>
    return SafeString("".join([node.render_annotated(context) for node in self]))
                               ^^^^^^^^^^^^^^^^^^^^^^^^^^^^^^
  File "C:\Users\Hp\Desktop\ORAIMOTECH\venv\Lib\site-packages\django\template\base.py", line 961, in render_annotated
    return self.render(context)
           ^^^^^^^^^^^^^^^^^^^^
  File "C:\Users\Hp\Desktop\ORAIMOTECH\venv\Lib\site-packages\django\template\loader_tags.py", line 159, in render
    return compiled_parent._render(context)
           ^^^^^^^^^^^^^^^^^^^^^^^^^^^^^^^^
  File "C:\Users\Hp\Desktop\ORAIMOTECH\venv\Lib\site-packages\django\template\base.py", line 163, in _render
    return self.nodelist.render(context)
           ^^^^^^^^^^^^^^^^^^^^^^^^^^^^^
  File "C:\Users\Hp\Desktop\ORAIMOTECH\venv\Lib\site-packages\django\template\base.py", line 1000, in render
    return SafeString("".join([node.render_annotated(context) for node in self]))
                              ^^^^^^^^^^^^^^^^^^^^^^^^^^^^^^^^^^^^^^^^^^^^^^^^^
  File "C:\Users\Hp\Desktop\ORAIMOTECH\venv\Lib\site-packages\django\template\base.py", line 1000, in <listcomp>
    return SafeString("".join([node.render_annotated(context) for node in self]))
                               ^^^^^^^^^^^^^^^^^^^^^^^^^^^^^^
  File "C:\Users\Hp\Desktop\ORAIMOTECH\venv\Lib\site-packages\django\template\base.py", line 961, in render_annotated
    return self.render(context)
           ^^^^^^^^^^^^^^^^^^^^
  File "C:\Users\Hp\Desktop\ORAIMOTECH\venv\Lib\site-packages\django\template\defaulttags.py", line 478, in render
    url = reverse(view_name, args=args, kwargs=kwargs, current_app=current_app)
          ^^^^^^^^^^^^^^^^^^^^^^^^^^^^^^^^^^^^^^^^^^^^^^^^^^^^^^^^^^^^^^^^^^^^^
  File "C:\Users\Hp\Desktop\ORAIMOTECH\venv\Lib\site-packages\django\urls\base.py", line 88, in reverse
    return resolver._reverse_with_prefix(view, prefix, *args, **kwargs)
           ^^^^^^^^^^^^^^^^^^^^^^^^^^^^^^^^^^^^^^^^^^^^^^^^^^^^^^^^^^^^
  File "C:\Users\Hp\Desktop\ORAIMOTECH\venv\Lib\site-packages\django\urls\resolvers.py", line 848, in _reverse_with_prefix
    raise NoReverseMatch(msg)
django.urls.exceptions.NoReverseMatch: Reverse for 'track_order' not found. 'track_order' is not a valid view function or pattern name.
ERROR 2026-07-15 19:16:37,459 basehttp 9732 21724 "GET / HTTP/1.1" 500 186831
WARNING 2026-07-15 19:16:37,912 basehttp 9732 21724 "GET /favicon.ico HTTP/1.1" 404 4188
INFO 2026-07-15 19:17:31,959 autoreload 9732 17544 C:\Users\Hp\Desktop\ORAIMOTECH\checkout\urls.py changed, reloading.
INFO 2026-07-15 19:17:34,092 autoreload 11152 4012 Watching for file changes with StatReloader
INFO 2026-07-15 19:18:29,361 autoreload 11152 4012 C:\Users\Hp\Desktop\ORAIMOTECH\checkout\urls.py changed, reloading.
INFO 2026-07-15 19:18:30,847 autoreload 652 19300 Watching for file changes with StatReloader
ERROR 2026-07-15 19:18:45,676 log 652 15712 Internal Server Error: /
Traceback (most recent call last):
  File "C:\Users\Hp\Desktop\ORAIMOTECH\venv\Lib\site-packages\django\core\handlers\exception.py", line 55, in inner
    response = get_response(request)
               ^^^^^^^^^^^^^^^^^^^^^
  File "C:\Users\Hp\Desktop\ORAIMOTECH\venv\Lib\site-packages\django\core\handlers\base.py", line 197, in _get_response
    response = wrapped_callback(request, *callback_args, **callback_kwargs)
               ^^^^^^^^^^^^^^^^^^^^^^^^^^^^^^^^^^^^^^^^^^^^^^^^^^^^^^^^^^^^
  File "C:\Users\Hp\Desktop\ORAIMOTECH\shop\views.py", line 48, in home_page
    return render(request, 'shop/home.html', context)
           ^^^^^^^^^^^^^^^^^^^^^^^^^^^^^^^^^^^^^^^^^^
  File "C:\Users\Hp\Desktop\ORAIMOTECH\venv\Lib\site-packages\django\shortcuts.py", line 24, in render
    content = loader.render_to_string(template_name, context, request, using=using)
              ^^^^^^^^^^^^^^^^^^^^^^^^^^^^^^^^^^^^^^^^^^^^^^^^^^^^^^^^^^^^^^^^^^^^^
  File "C:\Users\Hp\Desktop\ORAIMOTECH\venv\Lib\site-packages\django\template\loader.py", line 62, in render_to_string
    return template.render(context, request)
           ^^^^^^^^^^^^^^^^^^^^^^^^^^^^^^^^^
  File "C:\Users\Hp\Desktop\ORAIMOTECH\venv\Lib\site-packages\django\template\backends\django.py", line 61, in render
    return self.template.render(context)
           ^^^^^^^^^^^^^^^^^^^^^^^^^^^^^
  File "C:\Users\Hp\Desktop\ORAIMOTECH\venv\Lib\site-packages\django\template\base.py", line 171, in render
    return self._render(context)
           ^^^^^^^^^^^^^^^^^^^^^
  File "C:\Users\Hp\Desktop\ORAIMOTECH\venv\Lib\site-packages\django\template\base.py", line 163, in _render
    return self.nodelist.render(context)
           ^^^^^^^^^^^^^^^^^^^^^^^^^^^^^
  File "C:\Users\Hp\Desktop\ORAIMOTECH\venv\Lib\site-packages\django\template\base.py", line 1000, in render
    return SafeString("".join([node.render_annotated(context) for node in self]))
                              ^^^^^^^^^^^^^^^^^^^^^^^^^^^^^^^^^^^^^^^^^^^^^^^^^
  File "C:\Users\Hp\Desktop\ORAIMOTECH\venv\Lib\site-packages\django\template\base.py", line 1000, in <listcomp>
    return SafeString("".join([node.render_annotated(context) for node in self]))
                               ^^^^^^^^^^^^^^^^^^^^^^^^^^^^^^
  File "C:\Users\Hp\Desktop\ORAIMOTECH\venv\Lib\site-packages\django\template\base.py", line 961, in render_annotated
    return self.render(context)
           ^^^^^^^^^^^^^^^^^^^^
  File "C:\Users\Hp\Desktop\ORAIMOTECH\venv\Lib\site-packages\django\template\loader_tags.py", line 159, in render
    return compiled_parent._render(context)
           ^^^^^^^^^^^^^^^^^^^^^^^^^^^^^^^^
  File "C:\Users\Hp\Desktop\ORAIMOTECH\venv\Lib\site-packages\django\template\base.py", line 163, in _render
    return self.nodelist.render(context)
           ^^^^^^^^^^^^^^^^^^^^^^^^^^^^^
  File "C:\Users\Hp\Desktop\ORAIMOTECH\venv\Lib\site-packages\django\template\base.py", line 1000, in render
    return SafeString("".join([node.render_annotated(context) for node in self]))
                              ^^^^^^^^^^^^^^^^^^^^^^^^^^^^^^^^^^^^^^^^^^^^^^^^^
  File "C:\Users\Hp\Desktop\ORAIMOTECH\venv\Lib\site-packages\django\template\base.py", line 1000, in <listcomp>
    return SafeString("".join([node.render_annotated(context) for node in self]))
                               ^^^^^^^^^^^^^^^^^^^^^^^^^^^^^^
  File "C:\Users\Hp\Desktop\ORAIMOTECH\venv\Lib\site-packages\django\template\base.py", line 961, in render_annotated
    return self.render(context)
           ^^^^^^^^^^^^^^^^^^^^
  File "C:\Users\Hp\Desktop\ORAIMOTECH\venv\Lib\site-packages\django\template\defaulttags.py", line 478, in render
    url = reverse(view_name, args=args, kwargs=kwargs, current_app=current_app)
          ^^^^^^^^^^^^^^^^^^^^^^^^^^^^^^^^^^^^^^^^^^^^^^^^^^^^^^^^^^^^^^^^^^^^^
  File "C:\Users\Hp\Desktop\ORAIMOTECH\venv\Lib\site-packages\django\urls\base.py", line 88, in reverse
    return resolver._reverse_with_prefix(view, prefix, *args, **kwargs)
           ^^^^^^^^^^^^^^^^^^^^^^^^^^^^^^^^^^^^^^^^^^^^^^^^^^^^^^^^^^^^
  File "C:\Users\Hp\Desktop\ORAIMOTECH\venv\Lib\site-packages\django\urls\resolvers.py", line 848, in _reverse_with_prefix
    raise NoReverseMatch(msg)
django.urls.exceptions.NoReverseMatch: Reverse for 'track_order' not found. 'track_order' is not a valid view function or pattern name.
ERROR 2026-07-15 19:18:45,676 log 652 15712 Internal Server Error: /
Traceback (most recent call last):
  File "C:\Users\Hp\Desktop\ORAIMOTECH\venv\Lib\site-packages\django\core\handlers\exception.py", line 55, in inner
    response = get_response(request)
               ^^^^^^^^^^^^^^^^^^^^^
  File "C:\Users\Hp\Desktop\ORAIMOTECH\venv\Lib\site-packages\django\core\handlers\base.py", line 197, in _get_response
    response = wrapped_callback(request, *callback_args, **callback_kwargs)
               ^^^^^^^^^^^^^^^^^^^^^^^^^^^^^^^^^^^^^^^^^^^^^^^^^^^^^^^^^^^^
  File "C:\Users\Hp\Desktop\ORAIMOTECH\shop\views.py", line 48, in home_page
    return render(request, 'shop/home.html', context)
           ^^^^^^^^^^^^^^^^^^^^^^^^^^^^^^^^^^^^^^^^^^
  File "C:\Users\Hp\Desktop\ORAIMOTECH\venv\Lib\site-packages\django\shortcuts.py", line 24, in render
    content = loader.render_to_string(template_name, context, request, using=using)
              ^^^^^^^^^^^^^^^^^^^^^^^^^^^^^^^^^^^^^^^^^^^^^^^^^^^^^^^^^^^^^^^^^^^^^
  File "C:\Users\Hp\Desktop\ORAIMOTECH\venv\Lib\site-packages\django\template\loader.py", line 62, in render_to_string
    return template.render(context, request)
           ^^^^^^^^^^^^^^^^^^^^^^^^^^^^^^^^^
  File "C:\Users\Hp\Desktop\ORAIMOTECH\venv\Lib\site-packages\django\template\backends\django.py", line 61, in render
    return self.template.render(context)
           ^^^^^^^^^^^^^^^^^^^^^^^^^^^^^
  File "C:\Users\Hp\Desktop\ORAIMOTECH\venv\Lib\site-packages\django\template\base.py", line 171, in render
    return self._render(context)
           ^^^^^^^^^^^^^^^^^^^^^
  File "C:\Users\Hp\Desktop\ORAIMOTECH\venv\Lib\site-packages\django\template\base.py", line 163, in _render
    return self.nodelist.render(context)
           ^^^^^^^^^^^^^^^^^^^^^^^^^^^^^
  File "C:\Users\Hp\Desktop\ORAIMOTECH\venv\Lib\site-packages\django\template\base.py", line 1000, in render
    return SafeString("".join([node.render_annotated(context) for node in self]))
                              ^^^^^^^^^^^^^^^^^^^^^^^^^^^^^^^^^^^^^^^^^^^^^^^^^
  File "C:\Users\Hp\Desktop\ORAIMOTECH\venv\Lib\site-packages\django\template\base.py", line 1000, in <listcomp>
    return SafeString("".join([node.render_annotated(context) for node in self]))
                               ^^^^^^^^^^^^^^^^^^^^^^^^^^^^^^
  File "C:\Users\Hp\Desktop\ORAIMOTECH\venv\Lib\site-packages\django\template\base.py", line 961, in render_annotated
    return self.render(context)
           ^^^^^^^^^^^^^^^^^^^^
  File "C:\Users\Hp\Desktop\ORAIMOTECH\venv\Lib\site-packages\django\template\loader_tags.py", line 159, in render
    return compiled_parent._render(context)
           ^^^^^^^^^^^^^^^^^^^^^^^^^^^^^^^^
  File "C:\Users\Hp\Desktop\ORAIMOTECH\venv\Lib\site-packages\django\template\base.py", line 163, in _render
    return self.nodelist.render(context)
           ^^^^^^^^^^^^^^^^^^^^^^^^^^^^^
  File "C:\Users\Hp\Desktop\ORAIMOTECH\venv\Lib\site-packages\django\template\base.py", line 1000, in render
    return SafeString("".join([node.render_annotated(context) for node in self]))
                              ^^^^^^^^^^^^^^^^^^^^^^^^^^^^^^^^^^^^^^^^^^^^^^^^^
  File "C:\Users\Hp\Desktop\ORAIMOTECH\venv\Lib\site-packages\django\template\base.py", line 1000, in <listcomp>
    return SafeString("".join([node.render_annotated(context) for node in self]))
                               ^^^^^^^^^^^^^^^^^^^^^^^^^^^^^^
  File "C:\Users\Hp\Desktop\ORAIMOTECH\venv\Lib\site-packages\django\template\base.py", line 961, in render_annotated
    return self.render(context)
           ^^^^^^^^^^^^^^^^^^^^
  File "C:\Users\Hp\Desktop\ORAIMOTECH\venv\Lib\site-packages\django\template\defaulttags.py", line 478, in render
    url = reverse(view_name, args=args, kwargs=kwargs, current_app=current_app)
          ^^^^^^^^^^^^^^^^^^^^^^^^^^^^^^^^^^^^^^^^^^^^^^^^^^^^^^^^^^^^^^^^^^^^^
  File "C:\Users\Hp\Desktop\ORAIMOTECH\venv\Lib\site-packages\django\urls\base.py", line 88, in reverse
    return resolver._reverse_with_prefix(view, prefix, *args, **kwargs)
           ^^^^^^^^^^^^^^^^^^^^^^^^^^^^^^^^^^^^^^^^^^^^^^^^^^^^^^^^^^^^
  File "C:\Users\Hp\Desktop\ORAIMOTECH\venv\Lib\site-packages\django\urls\resolvers.py", line 848, in _reverse_with_prefix
    raise NoReverseMatch(msg)
django.urls.exceptions.NoReverseMatch: Reverse for 'track_order' not found. 'track_order' is not a valid view function or pattern name.
ERROR 2026-07-15 19:18:45,750 basehttp 652 15712 "GET / HTTP/1.1" 500 186968
ERROR 2026-07-15 19:18:51,311 log 652 15712 Internal Server Error: /
Traceback (most recent call last):
  File "C:\Users\Hp\Desktop\ORAIMOTECH\venv\Lib\site-packages\django\core\handlers\exception.py", line 55, in inner
    response = get_response(request)
               ^^^^^^^^^^^^^^^^^^^^^
  File "C:\Users\Hp\Desktop\ORAIMOTECH\venv\Lib\site-packages\django\core\handlers\base.py", line 197, in _get_response
    response = wrapped_callback(request, *callback_args, **callback_kwargs)
               ^^^^^^^^^^^^^^^^^^^^^^^^^^^^^^^^^^^^^^^^^^^^^^^^^^^^^^^^^^^^
  File "C:\Users\Hp\Desktop\ORAIMOTECH\shop\views.py", line 48, in home_page
    return render(request, 'shop/home.html', context)
           ^^^^^^^^^^^^^^^^^^^^^^^^^^^^^^^^^^^^^^^^^^
  File "C:\Users\Hp\Desktop\ORAIMOTECH\venv\Lib\site-packages\django\shortcuts.py", line 24, in render
    content = loader.render_to_string(template_name, context, request, using=using)
              ^^^^^^^^^^^^^^^^^^^^^^^^^^^^^^^^^^^^^^^^^^^^^^^^^^^^^^^^^^^^^^^^^^^^^
  File "C:\Users\Hp\Desktop\ORAIMOTECH\venv\Lib\site-packages\django\template\loader.py", line 62, in render_to_string
    return template.render(context, request)
           ^^^^^^^^^^^^^^^^^^^^^^^^^^^^^^^^^
  File "C:\Users\Hp\Desktop\ORAIMOTECH\venv\Lib\site-packages\django\template\backends\django.py", line 61, in render
    return self.template.render(context)
           ^^^^^^^^^^^^^^^^^^^^^^^^^^^^^
  File "C:\Users\Hp\Desktop\ORAIMOTECH\venv\Lib\site-packages\django\template\base.py", line 171, in render
    return self._render(context)
           ^^^^^^^^^^^^^^^^^^^^^
  File "C:\Users\Hp\Desktop\ORAIMOTECH\venv\Lib\site-packages\django\template\base.py", line 163, in _render
    return self.nodelist.render(context)
           ^^^^^^^^^^^^^^^^^^^^^^^^^^^^^
  File "C:\Users\Hp\Desktop\ORAIMOTECH\venv\Lib\site-packages\django\template\base.py", line 1000, in render
    return SafeString("".join([node.render_annotated(context) for node in self]))
                              ^^^^^^^^^^^^^^^^^^^^^^^^^^^^^^^^^^^^^^^^^^^^^^^^^
  File "C:\Users\Hp\Desktop\ORAIMOTECH\venv\Lib\site-packages\django\template\base.py", line 1000, in <listcomp>
    return SafeString("".join([node.render_annotated(context) for node in self]))
                               ^^^^^^^^^^^^^^^^^^^^^^^^^^^^^^
  File "C:\Users\Hp\Desktop\ORAIMOTECH\venv\Lib\site-packages\django\template\base.py", line 961, in render_annotated
    return self.render(context)
           ^^^^^^^^^^^^^^^^^^^^
  File "C:\Users\Hp\Desktop\ORAIMOTECH\venv\Lib\site-packages\django\template\loader_tags.py", line 159, in render
    return compiled_parent._render(context)
           ^^^^^^^^^^^^^^^^^^^^^^^^^^^^^^^^
  File "C:\Users\Hp\Desktop\ORAIMOTECH\venv\Lib\site-packages\django\template\base.py", line 163, in _render
    return self.nodelist.render(context)
           ^^^^^^^^^^^^^^^^^^^^^^^^^^^^^
  File "C:\Users\Hp\Desktop\ORAIMOTECH\venv\Lib\site-packages\django\template\base.py", line 1000, in render
    return SafeString("".join([node.render_annotated(context) for node in self]))
                              ^^^^^^^^^^^^^^^^^^^^^^^^^^^^^^^^^^^^^^^^^^^^^^^^^
  File "C:\Users\Hp\Desktop\ORAIMOTECH\venv\Lib\site-packages\django\template\base.py", line 1000, in <listcomp>
    return SafeString("".join([node.render_annotated(context) for node in self]))
                               ^^^^^^^^^^^^^^^^^^^^^^^^^^^^^^
  File "C:\Users\Hp\Desktop\ORAIMOTECH\venv\Lib\site-packages\django\template\base.py", line 961, in render_annotated
    return self.render(context)
           ^^^^^^^^^^^^^^^^^^^^
  File "C:\Users\Hp\Desktop\ORAIMOTECH\venv\Lib\site-packages\django\template\defaulttags.py", line 478, in render
    url = reverse(view_name, args=args, kwargs=kwargs, current_app=current_app)
          ^^^^^^^^^^^^^^^^^^^^^^^^^^^^^^^^^^^^^^^^^^^^^^^^^^^^^^^^^^^^^^^^^^^^^
  File "C:\Users\Hp\Desktop\ORAIMOTECH\venv\Lib\site-packages\django\urls\base.py", line 88, in reverse
    return resolver._reverse_with_prefix(view, prefix, *args, **kwargs)
           ^^^^^^^^^^^^^^^^^^^^^^^^^^^^^^^^^^^^^^^^^^^^^^^^^^^^^^^^^^^^
  File "C:\Users\Hp\Desktop\ORAIMOTECH\venv\Lib\site-packages\django\urls\resolvers.py", line 848, in _reverse_with_prefix
    raise NoReverseMatch(msg)
django.urls.exceptions.NoReverseMatch: Reverse for 'track_order' not found. 'track_order' is not a valid view function or pattern name.
ERROR 2026-07-15 19:18:51,311 log 652 15712 Internal Server Error: /
Traceback (most recent call last):
  File "C:\Users\Hp\Desktop\ORAIMOTECH\venv\Lib\site-packages\django\core\handlers\exception.py", line 55, in inner
    response = get_response(request)
               ^^^^^^^^^^^^^^^^^^^^^
  File "C:\Users\Hp\Desktop\ORAIMOTECH\venv\Lib\site-packages\django\core\handlers\base.py", line 197, in _get_response
    response = wrapped_callback(request, *callback_args, **callback_kwargs)
               ^^^^^^^^^^^^^^^^^^^^^^^^^^^^^^^^^^^^^^^^^^^^^^^^^^^^^^^^^^^^
  File "C:\Users\Hp\Desktop\ORAIMOTECH\shop\views.py", line 48, in home_page
    return render(request, 'shop/home.html', context)
           ^^^^^^^^^^^^^^^^^^^^^^^^^^^^^^^^^^^^^^^^^^
  File "C:\Users\Hp\Desktop\ORAIMOTECH\venv\Lib\site-packages\django\shortcuts.py", line 24, in render
    content = loader.render_to_string(template_name, context, request, using=using)
              ^^^^^^^^^^^^^^^^^^^^^^^^^^^^^^^^^^^^^^^^^^^^^^^^^^^^^^^^^^^^^^^^^^^^^
  File "C:\Users\Hp\Desktop\ORAIMOTECH\venv\Lib\site-packages\django\template\loader.py", line 62, in render_to_string
    return template.render(context, request)
           ^^^^^^^^^^^^^^^^^^^^^^^^^^^^^^^^^
  File "C:\Users\Hp\Desktop\ORAIMOTECH\venv\Lib\site-packages\django\template\backends\django.py", line 61, in render
    return self.template.render(context)
           ^^^^^^^^^^^^^^^^^^^^^^^^^^^^^
  File "C:\Users\Hp\Desktop\ORAIMOTECH\venv\Lib\site-packages\django\template\base.py", line 171, in render
    return self._render(context)
           ^^^^^^^^^^^^^^^^^^^^^
  File "C:\Users\Hp\Desktop\ORAIMOTECH\venv\Lib\site-packages\django\template\base.py", line 163, in _render
    return self.nodelist.render(context)
           ^^^^^^^^^^^^^^^^^^^^^^^^^^^^^
  File "C:\Users\Hp\Desktop\ORAIMOTECH\venv\Lib\site-packages\django\template\base.py", line 1000, in render
    return SafeString("".join([node.render_annotated(context) for node in self]))
                              ^^^^^^^^^^^^^^^^^^^^^^^^^^^^^^^^^^^^^^^^^^^^^^^^^
  File "C:\Users\Hp\Desktop\ORAIMOTECH\venv\Lib\site-packages\django\template\base.py", line 1000, in <listcomp>
    return SafeString("".join([node.render_annotated(context) for node in self]))
                               ^^^^^^^^^^^^^^^^^^^^^^^^^^^^^^
  File "C:\Users\Hp\Desktop\ORAIMOTECH\venv\Lib\site-packages\django\template\base.py", line 961, in render_annotated
    return self.render(context)
           ^^^^^^^^^^^^^^^^^^^^
  File "C:\Users\Hp\Desktop\ORAIMOTECH\venv\Lib\site-packages\django\template\loader_tags.py", line 159, in render
    return compiled_parent._render(context)
           ^^^^^^^^^^^^^^^^^^^^^^^^^^^^^^^^
  File "C:\Users\Hp\Desktop\ORAIMOTECH\venv\Lib\site-packages\django\template\base.py", line 163, in _render
    return self.nodelist.render(context)
           ^^^^^^^^^^^^^^^^^^^^^^^^^^^^^
  File "C:\Users\Hp\Desktop\ORAIMOTECH\venv\Lib\site-packages\django\template\base.py", line 1000, in render
    return SafeString("".join([node.render_annotated(context) for node in self]))
                              ^^^^^^^^^^^^^^^^^^^^^^^^^^^^^^^^^^^^^^^^^^^^^^^^^
  File "C:\Users\Hp\Desktop\ORAIMOTECH\venv\Lib\site-packages\django\template\base.py", line 1000, in <listcomp>
    return SafeString("".join([node.render_annotated(context) for node in self]))
                               ^^^^^^^^^^^^^^^^^^^^^^^^^^^^^^
  File "C:\Users\Hp\Desktop\ORAIMOTECH\venv\Lib\site-packages\django\template\base.py", line 961, in render_annotated
    return self.render(context)
           ^^^^^^^^^^^^^^^^^^^^
  File "C:\Users\Hp\Desktop\ORAIMOTECH\venv\Lib\site-packages\django\template\defaulttags.py", line 478, in render
    url = reverse(view_name, args=args, kwargs=kwargs, current_app=current_app)
          ^^^^^^^^^^^^^^^^^^^^^^^^^^^^^^^^^^^^^^^^^^^^^^^^^^^^^^^^^^^^^^^^^^^^^
  File "C:\Users\Hp\Desktop\ORAIMOTECH\venv\Lib\site-packages\django\urls\base.py", line 88, in reverse
    return resolver._reverse_with_prefix(view, prefix, *args, **kwargs)
           ^^^^^^^^^^^^^^^^^^^^^^^^^^^^^^^^^^^^^^^^^^^^^^^^^^^^^^^^^^^^
  File "C:\Users\Hp\Desktop\ORAIMOTECH\venv\Lib\site-packages\django\urls\resolvers.py", line 848, in _reverse_with_prefix
    raise NoReverseMatch(msg)
django.urls.exceptions.NoReverseMatch: Reverse for 'track_order' not found. 'track_order' is not a valid view function or pattern name.
ERROR 2026-07-15 19:18:51,393 basehttp 652 15712 "GET / HTTP/1.1" 500 186968
INFO 2026-07-15 19:19:15,989 autoreload 652 19300 C:\Users\Hp\Desktop\ORAIMOTECH\checkout\urls.py changed, reloading.
INFO 2026-07-15 19:19:18,237 autoreload 15816 208 Watching for file changes with StatReloader
ERROR 2026-07-15 19:19:21,435 log 15816 9756 Internal Server Error: /
Traceback (most recent call last):
  File "C:\Users\Hp\Desktop\ORAIMOTECH\venv\Lib\site-packages\django\core\handlers\exception.py", line 55, in inner
    response = get_response(request)
               ^^^^^^^^^^^^^^^^^^^^^
  File "C:\Users\Hp\Desktop\ORAIMOTECH\venv\Lib\site-packages\django\core\handlers\base.py", line 197, in _get_response
    response = wrapped_callback(request, *callback_args, **callback_kwargs)
               ^^^^^^^^^^^^^^^^^^^^^^^^^^^^^^^^^^^^^^^^^^^^^^^^^^^^^^^^^^^^
  File "C:\Users\Hp\Desktop\ORAIMOTECH\shop\views.py", line 48, in home_page
    return render(request, 'shop/home.html', context)
           ^^^^^^^^^^^^^^^^^^^^^^^^^^^^^^^^^^^^^^^^^^
  File "C:\Users\Hp\Desktop\ORAIMOTECH\venv\Lib\site-packages\django\shortcuts.py", line 24, in render
    content = loader.render_to_string(template_name, context, request, using=using)
              ^^^^^^^^^^^^^^^^^^^^^^^^^^^^^^^^^^^^^^^^^^^^^^^^^^^^^^^^^^^^^^^^^^^^^
  File "C:\Users\Hp\Desktop\ORAIMOTECH\venv\Lib\site-packages\django\template\loader.py", line 62, in render_to_string
    return template.render(context, request)
           ^^^^^^^^^^^^^^^^^^^^^^^^^^^^^^^^^
  File "C:\Users\Hp\Desktop\ORAIMOTECH\venv\Lib\site-packages\django\template\backends\django.py", line 61, in render
    return self.template.render(context)
           ^^^^^^^^^^^^^^^^^^^^^^^^^^^^^
  File "C:\Users\Hp\Desktop\ORAIMOTECH\venv\Lib\site-packages\django\template\base.py", line 171, in render
    return self._render(context)
           ^^^^^^^^^^^^^^^^^^^^^
  File "C:\Users\Hp\Desktop\ORAIMOTECH\venv\Lib\site-packages\django\template\base.py", line 163, in _render
    return self.nodelist.render(context)
           ^^^^^^^^^^^^^^^^^^^^^^^^^^^^^
  File "C:\Users\Hp\Desktop\ORAIMOTECH\venv\Lib\site-packages\django\template\base.py", line 1000, in render
    return SafeString("".join([node.render_annotated(context) for node in self]))
                              ^^^^^^^^^^^^^^^^^^^^^^^^^^^^^^^^^^^^^^^^^^^^^^^^^
  File "C:\Users\Hp\Desktop\ORAIMOTECH\venv\Lib\site-packages\django\template\base.py", line 1000, in <listcomp>
    return SafeString("".join([node.render_annotated(context) for node in self]))
                               ^^^^^^^^^^^^^^^^^^^^^^^^^^^^^^
  File "C:\Users\Hp\Desktop\ORAIMOTECH\venv\Lib\site-packages\django\template\base.py", line 961, in render_annotated
    return self.render(context)
           ^^^^^^^^^^^^^^^^^^^^
  File "C:\Users\Hp\Desktop\ORAIMOTECH\venv\Lib\site-packages\django\template\loader_tags.py", line 159, in render
    return compiled_parent._render(context)
           ^^^^^^^^^^^^^^^^^^^^^^^^^^^^^^^^
  File "C:\Users\Hp\Desktop\ORAIMOTECH\venv\Lib\site-packages\django\template\base.py", line 163, in _render
    return self.nodelist.render(context)
           ^^^^^^^^^^^^^^^^^^^^^^^^^^^^^
  File "C:\Users\Hp\Desktop\ORAIMOTECH\venv\Lib\site-packages\django\template\base.py", line 1000, in render
    return SafeString("".join([node.render_annotated(context) for node in self]))
                              ^^^^^^^^^^^^^^^^^^^^^^^^^^^^^^^^^^^^^^^^^^^^^^^^^
  File "C:\Users\Hp\Desktop\ORAIMOTECH\venv\Lib\site-packages\django\template\base.py", line 1000, in <listcomp>
    return SafeString("".join([node.render_annotated(context) for node in self]))
                               ^^^^^^^^^^^^^^^^^^^^^^^^^^^^^^
  File "C:\Users\Hp\Desktop\ORAIMOTECH\venv\Lib\site-packages\django\template\base.py", line 961, in render_annotated
    return self.render(context)
           ^^^^^^^^^^^^^^^^^^^^
  File "C:\Users\Hp\Desktop\ORAIMOTECH\venv\Lib\site-packages\django\template\defaulttags.py", line 478, in render
    url = reverse(view_name, args=args, kwargs=kwargs, current_app=current_app)
          ^^^^^^^^^^^^^^^^^^^^^^^^^^^^^^^^^^^^^^^^^^^^^^^^^^^^^^^^^^^^^^^^^^^^^
  File "C:\Users\Hp\Desktop\ORAIMOTECH\venv\Lib\site-packages\django\urls\base.py", line 88, in reverse
    return resolver._reverse_with_prefix(view, prefix, *args, **kwargs)
           ^^^^^^^^^^^^^^^^^^^^^^^^^^^^^^^^^^^^^^^^^^^^^^^^^^^^^^^^^^^^
  File "C:\Users\Hp\Desktop\ORAIMOTECH\venv\Lib\site-packages\django\urls\resolvers.py", line 848, in _reverse_with_prefix
    raise NoReverseMatch(msg)
django.urls.exceptions.NoReverseMatch: Reverse for 'track_order' not found. 'track_order' is not a valid view function or pattern name.
ERROR 2026-07-15 19:19:21,435 log 15816 9756 Internal Server Error: /
Traceback (most recent call last):
  File "C:\Users\Hp\Desktop\ORAIMOTECH\venv\Lib\site-packages\django\core\handlers\exception.py", line 55, in inner
    response = get_response(request)
               ^^^^^^^^^^^^^^^^^^^^^
  File "C:\Users\Hp\Desktop\ORAIMOTECH\venv\Lib\site-packages\django\core\handlers\base.py", line 197, in _get_response
    response = wrapped_callback(request, *callback_args, **callback_kwargs)
               ^^^^^^^^^^^^^^^^^^^^^^^^^^^^^^^^^^^^^^^^^^^^^^^^^^^^^^^^^^^^
  File "C:\Users\Hp\Desktop\ORAIMOTECH\shop\views.py", line 48, in home_page
    return render(request, 'shop/home.html', context)
           ^^^^^^^^^^^^^^^^^^^^^^^^^^^^^^^^^^^^^^^^^^
  File "C:\Users\Hp\Desktop\ORAIMOTECH\venv\Lib\site-packages\django\shortcuts.py", line 24, in render
    content = loader.render_to_string(template_name, context, request, using=using)
              ^^^^^^^^^^^^^^^^^^^^^^^^^^^^^^^^^^^^^^^^^^^^^^^^^^^^^^^^^^^^^^^^^^^^^
  File "C:\Users\Hp\Desktop\ORAIMOTECH\venv\Lib\site-packages\django\template\loader.py", line 62, in render_to_string
    return template.render(context, request)
           ^^^^^^^^^^^^^^^^^^^^^^^^^^^^^^^^^
  File "C:\Users\Hp\Desktop\ORAIMOTECH\venv\Lib\site-packages\django\template\backends\django.py", line 61, in render
    return self.template.render(context)
           ^^^^^^^^^^^^^^^^^^^^^^^^^^^^^
  File "C:\Users\Hp\Desktop\ORAIMOTECH\venv\Lib\site-packages\django\template\base.py", line 171, in render
    return self._render(context)
           ^^^^^^^^^^^^^^^^^^^^^
  File "C:\Users\Hp\Desktop\ORAIMOTECH\venv\Lib\site-packages\django\template\base.py", line 163, in _render
    return self.nodelist.render(context)
           ^^^^^^^^^^^^^^^^^^^^^^^^^^^^^
  File "C:\Users\Hp\Desktop\ORAIMOTECH\venv\Lib\site-packages\django\template\base.py", line 1000, in render
    return SafeString("".join([node.render_annotated(context) for node in self]))
                              ^^^^^^^^^^^^^^^^^^^^^^^^^^^^^^^^^^^^^^^^^^^^^^^^^
  File "C:\Users\Hp\Desktop\ORAIMOTECH\venv\Lib\site-packages\django\template\base.py", line 1000, in <listcomp>
    return SafeString("".join([node.render_annotated(context) for node in self]))
                               ^^^^^^^^^^^^^^^^^^^^^^^^^^^^^^
  File "C:\Users\Hp\Desktop\ORAIMOTECH\venv\Lib\site-packages\django\template\base.py", line 961, in render_annotated
    return self.render(context)
           ^^^^^^^^^^^^^^^^^^^^
  File "C:\Users\Hp\Desktop\ORAIMOTECH\venv\Lib\site-packages\django\template\loader_tags.py", line 159, in render
    return compiled_parent._render(context)
           ^^^^^^^^^^^^^^^^^^^^^^^^^^^^^^^^
  File "C:\Users\Hp\Desktop\ORAIMOTECH\venv\Lib\site-packages\django\template\base.py", line 163, in _render
    return self.nodelist.render(context)
           ^^^^^^^^^^^^^^^^^^^^^^^^^^^^^
  File "C:\Users\Hp\Desktop\ORAIMOTECH\venv\Lib\site-packages\django\template\base.py", line 1000, in render
    return SafeString("".join([node.render_annotated(context) for node in self]))
                              ^^^^^^^^^^^^^^^^^^^^^^^^^^^^^^^^^^^^^^^^^^^^^^^^^
  File "C:\Users\Hp\Desktop\ORAIMOTECH\venv\Lib\site-packages\django\template\base.py", line 1000, in <listcomp>
    return SafeString("".join([node.render_annotated(context) for node in self]))
                               ^^^^^^^^^^^^^^^^^^^^^^^^^^^^^^
  File "C:\Users\Hp\Desktop\ORAIMOTECH\venv\Lib\site-packages\django\template\base.py", line 961, in render_annotated
    return self.render(context)
           ^^^^^^^^^^^^^^^^^^^^
  File "C:\Users\Hp\Desktop\ORAIMOTECH\venv\Lib\site-packages\django\template\defaulttags.py", line 478, in render
    url = reverse(view_name, args=args, kwargs=kwargs, current_app=current_app)
          ^^^^^^^^^^^^^^^^^^^^^^^^^^^^^^^^^^^^^^^^^^^^^^^^^^^^^^^^^^^^^^^^^^^^^
  File "C:\Users\Hp\Desktop\ORAIMOTECH\venv\Lib\site-packages\django\urls\base.py", line 88, in reverse
    return resolver._reverse_with_prefix(view, prefix, *args, **kwargs)
           ^^^^^^^^^^^^^^^^^^^^^^^^^^^^^^^^^^^^^^^^^^^^^^^^^^^^^^^^^^^^
  File "C:\Users\Hp\Desktop\ORAIMOTECH\venv\Lib\site-packages\django\urls\resolvers.py", line 848, in _reverse_with_prefix
    raise NoReverseMatch(msg)
django.urls.exceptions.NoReverseMatch: Reverse for 'track_order' not found. 'track_order' is not a valid view function or pattern name.
ERROR 2026-07-15 19:19:21,504 basehttp 15816 9756 "GET / HTTP/1.1" 500 186831
INFO 2026-07-15 19:19:43,017 autoreload 15816 208 C:\Users\Hp\Desktop\ORAIMOTECH\checkout\urls.py changed, reloading.
INFO 2026-07-15 19:19:45,003 autoreload 12972 1336 Watching for file changes with StatReloader
ERROR 2026-07-15 19:19:53,443 log 12972 19804 Internal Server Error: /
Traceback (most recent call last):
  File "C:\Users\Hp\Desktop\ORAIMOTECH\venv\Lib\site-packages\django\core\handlers\exception.py", line 55, in inner
    response = get_response(request)
               ^^^^^^^^^^^^^^^^^^^^^
  File "C:\Users\Hp\Desktop\ORAIMOTECH\venv\Lib\site-packages\django\core\handlers\base.py", line 197, in _get_response
    response = wrapped_callback(request, *callback_args, **callback_kwargs)
               ^^^^^^^^^^^^^^^^^^^^^^^^^^^^^^^^^^^^^^^^^^^^^^^^^^^^^^^^^^^^
  File "C:\Users\Hp\Desktop\ORAIMOTECH\shop\views.py", line 48, in home_page
    return render(request, 'shop/home.html', context)
           ^^^^^^^^^^^^^^^^^^^^^^^^^^^^^^^^^^^^^^^^^^
  File "C:\Users\Hp\Desktop\ORAIMOTECH\venv\Lib\site-packages\django\shortcuts.py", line 24, in render
    content = loader.render_to_string(template_name, context, request, using=using)
              ^^^^^^^^^^^^^^^^^^^^^^^^^^^^^^^^^^^^^^^^^^^^^^^^^^^^^^^^^^^^^^^^^^^^^
  File "C:\Users\Hp\Desktop\ORAIMOTECH\venv\Lib\site-packages\django\template\loader.py", line 62, in render_to_string
    return template.render(context, request)
           ^^^^^^^^^^^^^^^^^^^^^^^^^^^^^^^^^
  File "C:\Users\Hp\Desktop\ORAIMOTECH\venv\Lib\site-packages\django\template\backends\django.py", line 61, in render
    return self.template.render(context)
           ^^^^^^^^^^^^^^^^^^^^^^^^^^^^^
  File "C:\Users\Hp\Desktop\ORAIMOTECH\venv\Lib\site-packages\django\template\base.py", line 171, in render
    return self._render(context)
           ^^^^^^^^^^^^^^^^^^^^^
  File "C:\Users\Hp\Desktop\ORAIMOTECH\venv\Lib\site-packages\django\template\base.py", line 163, in _render
    return self.nodelist.render(context)
           ^^^^^^^^^^^^^^^^^^^^^^^^^^^^^
  File "C:\Users\Hp\Desktop\ORAIMOTECH\venv\Lib\site-packages\django\template\base.py", line 1000, in render
    return SafeString("".join([node.render_annotated(context) for node in self]))
                              ^^^^^^^^^^^^^^^^^^^^^^^^^^^^^^^^^^^^^^^^^^^^^^^^^
  File "C:\Users\Hp\Desktop\ORAIMOTECH\venv\Lib\site-packages\django\template\base.py", line 1000, in <listcomp>
    return SafeString("".join([node.render_annotated(context) for node in self]))
                               ^^^^^^^^^^^^^^^^^^^^^^^^^^^^^^
  File "C:\Users\Hp\Desktop\ORAIMOTECH\venv\Lib\site-packages\django\template\base.py", line 961, in render_annotated
    return self.render(context)
           ^^^^^^^^^^^^^^^^^^^^
  File "C:\Users\Hp\Desktop\ORAIMOTECH\venv\Lib\site-packages\django\template\loader_tags.py", line 159, in render
    return compiled_parent._render(context)
           ^^^^^^^^^^^^^^^^^^^^^^^^^^^^^^^^
  File "C:\Users\Hp\Desktop\ORAIMOTECH\venv\Lib\site-packages\django\template\base.py", line 163, in _render
    return self.nodelist.render(context)
           ^^^^^^^^^^^^^^^^^^^^^^^^^^^^^
  File "C:\Users\Hp\Desktop\ORAIMOTECH\venv\Lib\site-packages\django\template\base.py", line 1000, in render
    return SafeString("".join([node.render_annotated(context) for node in self]))
                              ^^^^^^^^^^^^^^^^^^^^^^^^^^^^^^^^^^^^^^^^^^^^^^^^^
  File "C:\Users\Hp\Desktop\ORAIMOTECH\venv\Lib\site-packages\django\template\base.py", line 1000, in <listcomp>
    return SafeString("".join([node.render_annotated(context) for node in self]))
                               ^^^^^^^^^^^^^^^^^^^^^^^^^^^^^^
  File "C:\Users\Hp\Desktop\ORAIMOTECH\venv\Lib\site-packages\django\template\base.py", line 961, in render_annotated
    return self.render(context)
           ^^^^^^^^^^^^^^^^^^^^
  File "C:\Users\Hp\Desktop\ORAIMOTECH\venv\Lib\site-packages\django\template\defaulttags.py", line 478, in render
    url = reverse(view_name, args=args, kwargs=kwargs, current_app=current_app)
          ^^^^^^^^^^^^^^^^^^^^^^^^^^^^^^^^^^^^^^^^^^^^^^^^^^^^^^^^^^^^^^^^^^^^^
  File "C:\Users\Hp\Desktop\ORAIMOTECH\venv\Lib\site-packages\django\urls\base.py", line 88, in reverse
    return resolver._reverse_with_prefix(view, prefix, *args, **kwargs)
           ^^^^^^^^^^^^^^^^^^^^^^^^^^^^^^^^^^^^^^^^^^^^^^^^^^^^^^^^^^^^
  File "C:\Users\Hp\Desktop\ORAIMOTECH\venv\Lib\site-packages\django\urls\resolvers.py", line 848, in _reverse_with_prefix
    raise NoReverseMatch(msg)
django.urls.exceptions.NoReverseMatch: Reverse for 'track_order' not found. 'track_order' is not a valid view function or pattern name.
ERROR 2026-07-15 19:19:53,443 log 12972 19804 Internal Server Error: /
Traceback (most recent call last):
  File "C:\Users\Hp\Desktop\ORAIMOTECH\venv\Lib\site-packages\django\core\handlers\exception.py", line 55, in inner
    response = get_response(request)
               ^^^^^^^^^^^^^^^^^^^^^
  File "C:\Users\Hp\Desktop\ORAIMOTECH\venv\Lib\site-packages\django\core\handlers\base.py", line 197, in _get_response
    response = wrapped_callback(request, *callback_args, **callback_kwargs)
               ^^^^^^^^^^^^^^^^^^^^^^^^^^^^^^^^^^^^^^^^^^^^^^^^^^^^^^^^^^^^
  File "C:\Users\Hp\Desktop\ORAIMOTECH\shop\views.py", line 48, in home_page
    return render(request, 'shop/home.html', context)
           ^^^^^^^^^^^^^^^^^^^^^^^^^^^^^^^^^^^^^^^^^^
  File "C:\Users\Hp\Desktop\ORAIMOTECH\venv\Lib\site-packages\django\shortcuts.py", line 24, in render
    content = loader.render_to_string(template_name, context, request, using=using)
              ^^^^^^^^^^^^^^^^^^^^^^^^^^^^^^^^^^^^^^^^^^^^^^^^^^^^^^^^^^^^^^^^^^^^^
  File "C:\Users\Hp\Desktop\ORAIMOTECH\venv\Lib\site-packages\django\template\loader.py", line 62, in render_to_string
    return template.render(context, request)
           ^^^^^^^^^^^^^^^^^^^^^^^^^^^^^^^^^
  File "C:\Users\Hp\Desktop\ORAIMOTECH\venv\Lib\site-packages\django\template\backends\django.py", line 61, in render
    return self.template.render(context)
           ^^^^^^^^^^^^^^^^^^^^^^^^^^^^^
  File "C:\Users\Hp\Desktop\ORAIMOTECH\venv\Lib\site-packages\django\template\base.py", line 171, in render
    return self._render(context)
           ^^^^^^^^^^^^^^^^^^^^^
  File "C:\Users\Hp\Desktop\ORAIMOTECH\venv\Lib\site-packages\django\template\base.py", line 163, in _render
    return self.nodelist.render(context)
           ^^^^^^^^^^^^^^^^^^^^^^^^^^^^^
  File "C:\Users\Hp\Desktop\ORAIMOTECH\venv\Lib\site-packages\django\template\base.py", line 1000, in render
    return SafeString("".join([node.render_annotated(context) for node in self]))
                              ^^^^^^^^^^^^^^^^^^^^^^^^^^^^^^^^^^^^^^^^^^^^^^^^^
  File "C:\Users\Hp\Desktop\ORAIMOTECH\venv\Lib\site-packages\django\template\base.py", line 1000, in <listcomp>
    return SafeString("".join([node.render_annotated(context) for node in self]))
                               ^^^^^^^^^^^^^^^^^^^^^^^^^^^^^^
  File "C:\Users\Hp\Desktop\ORAIMOTECH\venv\Lib\site-packages\django\template\base.py", line 961, in render_annotated
    return self.render(context)
           ^^^^^^^^^^^^^^^^^^^^
  File "C:\Users\Hp\Desktop\ORAIMOTECH\venv\Lib\site-packages\django\template\loader_tags.py", line 159, in render
    return compiled_parent._render(context)
           ^^^^^^^^^^^^^^^^^^^^^^^^^^^^^^^^
  File "C:\Users\Hp\Desktop\ORAIMOTECH\venv\Lib\site-packages\django\template\base.py", line 163, in _render
    return self.nodelist.render(context)
           ^^^^^^^^^^^^^^^^^^^^^^^^^^^^^
  File "C:\Users\Hp\Desktop\ORAIMOTECH\venv\Lib\site-packages\django\template\base.py", line 1000, in render
    return SafeString("".join([node.render_annotated(context) for node in self]))
                              ^^^^^^^^^^^^^^^^^^^^^^^^^^^^^^^^^^^^^^^^^^^^^^^^^
  File "C:\Users\Hp\Desktop\ORAIMOTECH\venv\Lib\site-packages\django\template\base.py", line 1000, in <listcomp>
    return SafeString("".join([node.render_annotated(context) for node in self]))
                               ^^^^^^^^^^^^^^^^^^^^^^^^^^^^^^
  File "C:\Users\Hp\Desktop\ORAIMOTECH\venv\Lib\site-packages\django\template\base.py", line 961, in render_annotated
    return self.render(context)
           ^^^^^^^^^^^^^^^^^^^^
  File "C:\Users\Hp\Desktop\ORAIMOTECH\venv\Lib\site-packages\django\template\defaulttags.py", line 478, in render
    url = reverse(view_name, args=args, kwargs=kwargs, current_app=current_app)
          ^^^^^^^^^^^^^^^^^^^^^^^^^^^^^^^^^^^^^^^^^^^^^^^^^^^^^^^^^^^^^^^^^^^^^
  File "C:\Users\Hp\Desktop\ORAIMOTECH\venv\Lib\site-packages\django\urls\base.py", line 88, in reverse
    return resolver._reverse_with_prefix(view, prefix, *args, **kwargs)
           ^^^^^^^^^^^^^^^^^^^^^^^^^^^^^^^^^^^^^^^^^^^^^^^^^^^^^^^^^^^^
  File "C:\Users\Hp\Desktop\ORAIMOTECH\venv\Lib\site-packages\django\urls\resolvers.py", line 848, in _reverse_with_prefix
    raise NoReverseMatch(msg)
django.urls.exceptions.NoReverseMatch: Reverse for 'track_order' not found. 'track_order' is not a valid view function or pattern name.
ERROR 2026-07-15 19:19:53,532 basehttp 12972 19804 "GET / HTTP/1.1" 500 186968
INFO 2026-07-15 19:20:37,364 autoreload 12972 1336 C:\Users\Hp\Desktop\ORAIMOTECH\checkout\urls.py changed, reloading.
INFO 2026-07-15 19:20:38,917 autoreload 19156 2844 Watching for file changes with StatReloader
INFO 2026-07-15 19:20:39,937 basehttp 19156 19036 "GET / HTTP/1.1" 200 100140
INFO 2026-07-15 19:20:41,178 basehttp 19156 19036 "GET /media/CACHE/images/products/1000526988/297d1fbbf43ffd3ca8b68220c3a2f140.jpg HTTP/1.1" 200 13520
INFO 2026-07-15 19:20:41,180 basehttp 19156 844 "GET /media/CACHE/images/products/1000526987/a6d5a5e42638bdf81f7b75683fe48a56.jpg HTTP/1.1" 200 13196
INFO 2026-07-15 19:20:43,728 basehttp 19156 844 "GET /media/CACHE/images/products/1000526986/4c42d7f070fd16fcc4c9e9e771277a3f.jpg HTTP/1.1" 200 11213
INFO 2026-07-15 19:20:43,729 basehttp 19156 19036 "GET /media/CACHE/images/products/1000526985/ea2101abe7212401b5af667637e000f4.jpg HTTP/1.1" 200 10022
INFO 2026-07-15 19:20:44,208 basehttp 19156 19036 "GET /media/CACHE/images/products/1000526984/2679c5d1935863a487471bfaaebbd5f6.jpg HTTP/1.1" 200 11341
INFO 2026-07-15 19:20:44,210 basehttp 19156 844 "GET /media/CACHE/images/products/1000526983/59a2f0e6a76fb3a0abaf510e68d6861f.jpg HTTP/1.1" 200 12454
INFO 2026-07-15 19:20:44,393 basehttp 19156 844 "GET /media/CACHE/images/products/1000526975/d6f426988a94ff6a989535d30a8bdf11.jpg HTTP/1.1" 200 12139
INFO 2026-07-15 19:20:44,394 basehttp 19156 19036 "GET /media/CACHE/images/products/1000533260/cc9415acb28224a87fcc5efb6469a097.jpg HTTP/1.1" 200 13423
INFO 2026-07-15 19:20:46,412 basehttp 19156 18768 "GET /media/CACHE/images/products/1000525143/ec3192406c59c64742bd6703212d9588.jpg HTTP/1.1" 200 9515
INFO 2026-07-15 19:20:46,419 basehttp 19156 844 "GET /media/CACHE/images/products/1000533308/fc6d17f5b32815bb45102d95fb074d4c.jpg HTTP/1.1" 200 13965
INFO 2026-07-15 19:20:46,429 basehttp 19156 19036 "GET /media/CACHE/images/products/1000526968/02476a1d1a2f6c83ad55fc518197d54c.jpg HTTP/1.1" 200 12929
INFO 2026-07-15 19:20:46,438 basehttp 19156 17508 "GET /media/CACHE/images/products/1000525144/5e5e36fd76329969727589b2982273fa.jpg HTTP/1.1" 200 11712
INFO 2026-07-15 19:20:46,443 basehttp 19156 2676 "GET /media/CACHE/images/products/1000525145/b445642a1897efb9256f6606c12f861a.jpg HTTP/1.1" 200 16207
INFO 2026-07-15 19:20:46,464 basehttp 19156 3340 "GET /media/CACHE/images/products/1000525141/173d05edb9fc28ed5a313e885994fb8d.jpg HTTP/1.1" 200 12026
INFO 2026-07-15 19:20:46,468 basehttp 19156 18768 "GET /media/CACHE/images/products/1000525139/e65d5659a406c50c9f3ccbddd26ed2ea.jpg HTTP/1.1" 200 13369
INFO 2026-07-15 19:20:46,473 basehttp 19156 844 "GET /media/CACHE/images/products/1000525140/b6ce580056a4f7bf6bed510249a1d7ca.jpg HTTP/1.1" 200 14361
INFO 2026-07-15 19:21:01,209 basehttp 19156 844 "GET /basket/ HTTP/1.1" 200 74052
INFO 2026-07-15 19:21:01,259 basehttp 19156 844 "GET /media/products/1000526975.jpg HTTP/1.1" 200 166223
INFO 2026-07-15 19:21:03,788 basehttp 19156 844 "GET /checkout/ HTTP/1.1" 200 75337
INFO 2026-07-15 19:21:47,820 basehttp 19156 844 "POST /checkout/ HTTP/1.1" 302 0
INFO 2026-07-15 19:21:47,854 basehttp 19156 844 "GET /checkout/success/OR-B6E5FA44/ HTTP/1.1" 200 64065
INFO 2026-07-15 19:21:56,824 basehttp 19156 844 "GET /checkout/receipt/OR-B6E5FA44/ HTTP/1.1" 200 2829
INFO 2026-07-15 19:21:57,252 basehttp 19156 19520 "GET /checkout/receipt/OR-B6E5FA44/ HTTP/1.1" 200 2829
INFO 2026-07-15 19:22:05,498 basehttp 19156 18768 "GET /checkout/receipt/OR-B6E5FA44/ HTTP/1.1" 200 2828
INFO 2026-07-15 19:22:15,841 basehttp 19156 844 - Broken pipe from ('127.0.0.1', 53571)
INFO 2026-07-15 19:22:24,441 basehttp 19156 18768 - Broken pipe from ('127.0.0.1', 54705)
INFO 2026-07-15 19:22:50,535 basehttp 19156 3340 "GET /checkout/track/OR-B6E5FA44/ HTTP/1.1" 200 64478
INFO 2026-07-15 19:23:06,710 basehttp 19156 3340 "GET /checkout/track/OR-B6E5FA44/?order_id=OR-B6E5FA44 HTTP/1.1" 200 64478
INFO 2026-07-15 19:23:14,842 basehttp 19156 3340 "GET /checkout/track/ HTTP/1.1" 200 62489
INFO 2026-07-15 19:23:17,644 basehttp 19156 3340 "GET /checkout/track/?order_id=OR-B6E5FA44 HTTP/1.1" 200 64478
INFO 2026-07-15 19:24:04,354 basehttp 19156 3340 "GET /adteddymin HTTP/1.1" 301 0
INFO 2026-07-15 19:24:04,440 basehttp 19156 17508 "GET /adteddymin/ HTTP/1.1" 302 0
INFO 2026-07-15 19:24:04,910 basehttp 19156 17508 "GET /adteddymin/login/?next=/adteddymin/ HTTP/1.1" 200 4182
INFO 2026-07-15 19:24:04,960 basehttp 19156 2676 "GET /static/admin/css/dark_mode.css HTTP/1.1" 200 2682
INFO 2026-07-15 19:24:04,961 basehttp 19156 19036 "GET /static/admin/css/nav_sidebar.css HTTP/1.1" 200 2810
INFO 2026-07-15 19:24:04,964 basehttp 19156 22068 "GET /static/admin/css/login.css HTTP/1.1" 200 958
INFO 2026-07-15 19:24:04,993 basehttp 19156 17508 "GET /static/admin/css/base.css HTTP/1.1" 200 21544
INFO 2026-07-15 19:24:04,996 basehttp 19156 21408 "GET /static/admin/css/responsive.css HTTP/1.1" 200 17905
INFO 2026-07-15 19:24:04,999 basehttp 19156 19036 "GET /static/admin/js/nav_sidebar.js HTTP/1.1" 200 3063
INFO 2026-07-15 19:24:04,999 basehttp 19156 22068 "GET /static/admin/js/theme.js HTTP/1.1" 200 1943
INFO 2026-07-15 19:24:08,238 basehttp 19156 22068 "POST /adteddymin/login/?next=/adteddymin/ HTTP/1.1" 302 0
INFO 2026-07-15 19:24:08,461 basehttp 19156 16224 "GET /adteddymin/ HTTP/1.1" 200 8298
INFO 2026-07-15 19:24:08,513 basehttp 19156 16224 "GET /static/admin/css/dashboard.css HTTP/1.1" 200 441
INFO 2026-07-15 19:24:08,546 basehttp 19156 16224 "GET /static/admin/img/icon-addlink.svg HTTP/1.1" 200 331
INFO 2026-07-15 19:24:08,549 basehttp 19156 14680 "GET /static/admin/img/icon-changelink.svg HTTP/1.1" 200 380
INFO 2026-07-15 19:24:12,530 basehttp 19156 14680 "GET /adteddymin/checkout/order/ HTTP/1.1" 200 16371
INFO 2026-07-15 19:24:12,574 basehttp 19156 14680 "GET /static/admin/css/changelists.css HTTP/1.1" 200 6811
INFO 2026-07-15 19:24:12,600 basehttp 19156 21968 "GET /static/admin/js/core.js HTTP/1.1" 200 6208
INFO 2026-07-15 19:24:12,656 basehttp 19156 21968 "GET /static/admin/js/urlify.js HTTP/1.1" 200 7887
INFO 2026-07-15 19:24:12,656 basehttp 19156 21040 "GET /static/admin/js/jquery.init.js HTTP/1.1" 200 347
INFO 2026-07-15 19:24:12,660 basehttp 19156 16224 "GET /adteddymin/jsi18n/ HTTP/1.1" 200 3342
INFO 2026-07-15 19:24:12,677 basehttp 19156 14680 "GET /static/admin/js/actions.js HTTP/1.1" 200 8067
INFO 2026-07-15 19:24:12,714 basehttp 19156 21968 "GET /static/admin/js/prepopulate.js HTTP/1.1" 200 1531
INFO 2026-07-15 19:24:12,728 basehttp 19156 14680 "GET /static/admin/img/search.svg HTTP/1.1" 200 458
INFO 2026-07-15 19:24:12,733 basehttp 19156 7944 "GET /static/admin/js/admin/RelatedObjectLookups.js HTTP/1.1" 200 9042
INFO 2026-07-15 19:24:12,769 basehttp 19156 19028 "GET /static/admin/js/vendor/jquery/jquery.js HTTP/1.1" 200 285314
INFO 2026-07-15 19:24:12,784 basehttp 19156 19028 "GET /static/admin/js/filters.js HTTP/1.1" 200 978
INFO 2026-07-15 19:24:12,849 basehttp 19156 21040 "GET /static/admin/js/vendor/xregexp/xregexp.js HTTP/1.1" 200 325171
INFO 2026-07-15 19:24:12,890 basehttp 19156 21040 "GET /static/admin/img/tooltag-add.svg HTTP/1.1" 200 331
INFO 2026-07-15 19:24:12,891 basehttp 19156 19028 "GET /static/admin/img/icon-viewlink.svg HTTP/1.1" 200 581
INFO 2026-07-15 19:24:25,531 basehttp 19156 19028 "GET /adteddymin/checkout/order/6/change/ HTTP/1.1" 200 32219
INFO 2026-07-15 19:24:25,598 basehttp 19156 19028 "GET /static/admin/css/forms.css HTTP/1.1" 200 9048
INFO 2026-07-15 19:24:25,609 basehttp 19156 16224 "GET /static/admin/js/prepopulate_init.js HTTP/1.1" 200 586
INFO 2026-07-15 19:24:25,630 basehttp 19156 14680 "GET /static/admin/js/admin/DateTimeShortcuts.js HTTP/1.1" 200 19319
INFO 2026-07-15 19:24:25,630 basehttp 19156 21040 "GET /static/admin/js/calendar.js HTTP/1.1" 200 9141
INFO 2026-07-15 19:24:25,638 basehttp 19156 21968 "GET /static/admin/js/inlines.js HTTP/1.1" 200 15526
INFO 2026-07-15 19:24:25,662 basehttp 19156 14680 "GET /static/admin/css/widgets.css HTTP/1.1" 200 11800
INFO 2026-07-15 19:24:25,683 basehttp 19156 7944 "GET /adteddymin/jsi18n/ HTTP/1.1" 200 3342
INFO 2026-07-15 19:24:25,756 basehttp 19156 7944 "GET /static/admin/img/icon-deletelink.svg HTTP/1.1" 200 392
INFO 2026-07-15 19:24:25,790 basehttp 19156 14680 "GET /static/admin/js/change_form.js HTTP/1.1" 200 606
INFO 2026-07-15 19:24:25,877 basehttp 19156 7944 "GET /static/admin/img/icon-clock.svg HTTP/1.1" 200 677
INFO 2026-07-15 19:24:25,877 basehttp 19156 14680 "GET /static/admin/img/icon-calendar.svg HTTP/1.1" 200 1086
INFO 2026-07-15 19:24:54,596 basehttp 19156 14680 "GET / HTTP/1.1" 200 100644
ERROR 2026-07-15 19:30:32,637 log 19156 17312 Internal Server Error: /
Traceback (most recent call last):
  File "C:\Users\Hp\Desktop\ORAIMOTECH\venv\Lib\site-packages\django\urls\base.py", line 71, in reverse
    extra, resolver = resolver.namespace_dict[ns]
                      ~~~~~~~~~~~~~~~~~~~~~~~^^^^
KeyError: 'checkout'

During handling of the above exception, another exception occurred:

Traceback (most recent call last):
  File "C:\Users\Hp\Desktop\ORAIMOTECH\venv\Lib\site-packages\django\core\handlers\exception.py", line 55, in inner
    response = get_response(request)
               ^^^^^^^^^^^^^^^^^^^^^
  File "C:\Users\Hp\Desktop\ORAIMOTECH\venv\Lib\site-packages\django\core\handlers\base.py", line 197, in _get_response
    response = wrapped_callback(request, *callback_args, **callback_kwargs)
               ^^^^^^^^^^^^^^^^^^^^^^^^^^^^^^^^^^^^^^^^^^^^^^^^^^^^^^^^^^^^
  File "C:\Users\Hp\Desktop\ORAIMOTECH\shop\views.py", line 48, in home_page
    return render(request, 'shop/home.html', context)
           ^^^^^^^^^^^^^^^^^^^^^^^^^^^^^^^^^^^^^^^^^^
  File "C:\Users\Hp\Desktop\ORAIMOTECH\venv\Lib\site-packages\django\shortcuts.py", line 24, in render
    content = loader.render_to_string(template_name, context, request, using=using)
              ^^^^^^^^^^^^^^^^^^^^^^^^^^^^^^^^^^^^^^^^^^^^^^^^^^^^^^^^^^^^^^^^^^^^^
  File "C:\Users\Hp\Desktop\ORAIMOTECH\venv\Lib\site-packages\django\template\loader.py", line 62, in render_to_string
    return template.render(context, request)
           ^^^^^^^^^^^^^^^^^^^^^^^^^^^^^^^^^
  File "C:\Users\Hp\Desktop\ORAIMOTECH\venv\Lib\site-packages\django\template\backends\django.py", line 61, in render
    return self.template.render(context)
           ^^^^^^^^^^^^^^^^^^^^^^^^^^^^^
  File "C:\Users\Hp\Desktop\ORAIMOTECH\venv\Lib\site-packages\django\template\base.py", line 171, in render
    return self._render(context)
           ^^^^^^^^^^^^^^^^^^^^^
  File "C:\Users\Hp\Desktop\ORAIMOTECH\venv\Lib\site-packages\django\template\base.py", line 163, in _render
    return self.nodelist.render(context)
           ^^^^^^^^^^^^^^^^^^^^^^^^^^^^^
  File "C:\Users\Hp\Desktop\ORAIMOTECH\venv\Lib\site-packages\django\template\base.py", line 1000, in render
    return SafeString("".join([node.render_annotated(context) for node in self]))
                              ^^^^^^^^^^^^^^^^^^^^^^^^^^^^^^^^^^^^^^^^^^^^^^^^^
  File "C:\Users\Hp\Desktop\ORAIMOTECH\venv\Lib\site-packages\django\template\base.py", line 1000, in <listcomp>
    return SafeString("".join([node.render_annotated(context) for node in self]))
                               ^^^^^^^^^^^^^^^^^^^^^^^^^^^^^^
  File "C:\Users\Hp\Desktop\ORAIMOTECH\venv\Lib\site-packages\django\template\base.py", line 961, in render_annotated
    return self.render(context)
           ^^^^^^^^^^^^^^^^^^^^
  File "C:\Users\Hp\Desktop\ORAIMOTECH\venv\Lib\site-packages\django\template\loader_tags.py", line 159, in render
    return compiled_parent._render(context)
           ^^^^^^^^^^^^^^^^^^^^^^^^^^^^^^^^
  File "C:\Users\Hp\Desktop\ORAIMOTECH\venv\Lib\site-packages\django\template\base.py", line 163, in _render
    return self.nodelist.render(context)
           ^^^^^^^^^^^^^^^^^^^^^^^^^^^^^
  File "C:\Users\Hp\Desktop\ORAIMOTECH\venv\Lib\site-packages\django\template\base.py", line 1000, in render
    return SafeString("".join([node.render_annotated(context) for node in self]))
                              ^^^^^^^^^^^^^^^^^^^^^^^^^^^^^^^^^^^^^^^^^^^^^^^^^
  File "C:\Users\Hp\Desktop\ORAIMOTECH\venv\Lib\site-packages\django\template\base.py", line 1000, in <listcomp>
    return SafeString("".join([node.render_annotated(context) for node in self]))
                               ^^^^^^^^^^^^^^^^^^^^^^^^^^^^^^
  File "C:\Users\Hp\Desktop\ORAIMOTECH\venv\Lib\site-packages\django\template\base.py", line 961, in render_annotated
    return self.render(context)
           ^^^^^^^^^^^^^^^^^^^^
  File "C:\Users\Hp\Desktop\ORAIMOTECH\venv\Lib\site-packages\django\template\defaulttags.py", line 478, in render
    url = reverse(view_name, args=args, kwargs=kwargs, current_app=current_app)
          ^^^^^^^^^^^^^^^^^^^^^^^^^^^^^^^^^^^^^^^^^^^^^^^^^^^^^^^^^^^^^^^^^^^^^
  File "C:\Users\Hp\Desktop\ORAIMOTECH\venv\Lib\site-packages\django\urls\base.py", line 82, in reverse
    raise NoReverseMatch("%s is not a registered namespace" % key)
django.urls.exceptions.NoReverseMatch: 'checkout' is not a registered namespace
ERROR 2026-07-15 19:30:32,637 log 19156 17312 Internal Server Error: /
Traceback (most recent call last):
  File "C:\Users\Hp\Desktop\ORAIMOTECH\venv\Lib\site-packages\django\urls\base.py", line 71, in reverse
    extra, resolver = resolver.namespace_dict[ns]
                      ~~~~~~~~~~~~~~~~~~~~~~~^^^^
KeyError: 'checkout'

During handling of the above exception, another exception occurred:

Traceback (most recent call last):
  File "C:\Users\Hp\Desktop\ORAIMOTECH\venv\Lib\site-packages\django\core\handlers\exception.py", line 55, in inner
    response = get_response(request)
               ^^^^^^^^^^^^^^^^^^^^^
  File "C:\Users\Hp\Desktop\ORAIMOTECH\venv\Lib\site-packages\django\core\handlers\base.py", line 197, in _get_response
    response = wrapped_callback(request, *callback_args, **callback_kwargs)
               ^^^^^^^^^^^^^^^^^^^^^^^^^^^^^^^^^^^^^^^^^^^^^^^^^^^^^^^^^^^^
  File "C:\Users\Hp\Desktop\ORAIMOTECH\shop\views.py", line 48, in home_page
    return render(request, 'shop/home.html', context)
           ^^^^^^^^^^^^^^^^^^^^^^^^^^^^^^^^^^^^^^^^^^
  File "C:\Users\Hp\Desktop\ORAIMOTECH\venv\Lib\site-packages\django\shortcuts.py", line 24, in render
    content = loader.render_to_string(template_name, context, request, using=using)
              ^^^^^^^^^^^^^^^^^^^^^^^^^^^^^^^^^^^^^^^^^^^^^^^^^^^^^^^^^^^^^^^^^^^^^
  File "C:\Users\Hp\Desktop\ORAIMOTECH\venv\Lib\site-packages\django\template\loader.py", line 62, in render_to_string
    return template.render(context, request)
           ^^^^^^^^^^^^^^^^^^^^^^^^^^^^^^^^^
  File "C:\Users\Hp\Desktop\ORAIMOTECH\venv\Lib\site-packages\django\template\backends\django.py", line 61, in render
    return self.template.render(context)
           ^^^^^^^^^^^^^^^^^^^^^^^^^^^^^
  File "C:\Users\Hp\Desktop\ORAIMOTECH\venv\Lib\site-packages\django\template\base.py", line 171, in render
    return self._render(context)
           ^^^^^^^^^^^^^^^^^^^^^
  File "C:\Users\Hp\Desktop\ORAIMOTECH\venv\Lib\site-packages\django\template\base.py", line 163, in _render
    return self.nodelist.render(context)
           ^^^^^^^^^^^^^^^^^^^^^^^^^^^^^
  File "C:\Users\Hp\Desktop\ORAIMOTECH\venv\Lib\site-packages\django\template\base.py", line 1000, in render
    return SafeString("".join([node.render_annotated(context) for node in self]))
                              ^^^^^^^^^^^^^^^^^^^^^^^^^^^^^^^^^^^^^^^^^^^^^^^^^
  File "C:\Users\Hp\Desktop\ORAIMOTECH\venv\Lib\site-packages\django\template\base.py", line 1000, in <listcomp>
    return SafeString("".join([node.render_annotated(context) for node in self]))
                               ^^^^^^^^^^^^^^^^^^^^^^^^^^^^^^
  File "C:\Users\Hp\Desktop\ORAIMOTECH\venv\Lib\site-packages\django\template\base.py", line 961, in render_annotated
    return self.render(context)
           ^^^^^^^^^^^^^^^^^^^^
  File "C:\Users\Hp\Desktop\ORAIMOTECH\venv\Lib\site-packages\django\template\loader_tags.py", line 159, in render
    return compiled_parent._render(context)
           ^^^^^^^^^^^^^^^^^^^^^^^^^^^^^^^^
  File "C:\Users\Hp\Desktop\ORAIMOTECH\venv\Lib\site-packages\django\template\base.py", line 163, in _render
    return self.nodelist.render(context)
           ^^^^^^^^^^^^^^^^^^^^^^^^^^^^^
  File "C:\Users\Hp\Desktop\ORAIMOTECH\venv\Lib\site-packages\django\template\base.py", line 1000, in render
    return SafeString("".join([node.render_annotated(context) for node in self]))
                              ^^^^^^^^^^^^^^^^^^^^^^^^^^^^^^^^^^^^^^^^^^^^^^^^^
  File "C:\Users\Hp\Desktop\ORAIMOTECH\venv\Lib\site-packages\django\template\base.py", line 1000, in <listcomp>
    return SafeString("".join([node.render_annotated(context) for node in self]))
                               ^^^^^^^^^^^^^^^^^^^^^^^^^^^^^^
  File "C:\Users\Hp\Desktop\ORAIMOTECH\venv\Lib\site-packages\django\template\base.py", line 961, in render_annotated
    return self.render(context)
           ^^^^^^^^^^^^^^^^^^^^
  File "C:\Users\Hp\Desktop\ORAIMOTECH\venv\Lib\site-packages\django\template\defaulttags.py", line 478, in render
    url = reverse(view_name, args=args, kwargs=kwargs, current_app=current_app)
          ^^^^^^^^^^^^^^^^^^^^^^^^^^^^^^^^^^^^^^^^^^^^^^^^^^^^^^^^^^^^^^^^^^^^^
  File "C:\Users\Hp\Desktop\ORAIMOTECH\venv\Lib\site-packages\django\urls\base.py", line 82, in reverse
    raise NoReverseMatch("%s is not a registered namespace" % key)
django.urls.exceptions.NoReverseMatch: 'checkout' is not a registered namespace
ERROR 2026-07-15 19:30:32,726 basehttp 19156 17312 "GET / HTTP/1.1" 500 189616
INFO 2026-07-15 19:31:20,619 autoreload 19156 2844 C:\Users\Hp\Desktop\ORAIMOTECH\checkout\urls.py changed, reloading.
INFO 2026-07-15 19:31:22,474 autoreload 3684 12828 Watching for file changes with StatReloader
INFO 2026-07-15 19:31:34,884 basehttp 3684 14032 "GET / HTTP/1.1" 200 100979
INFO 2026-07-15 19:31:52,054 basehttp 3684 14032 "GET /adteddymin/ HTTP/1.1" 200 8298
WARNING 2026-07-15 19:32:02,106 basehttp 3684 14032 "GET /2 HTTP/1.1" 404 4158
INFO 2026-07-15 19:32:04,917 basehttp 3684 14032 "GET /adteddymin/ HTTP/1.1" 200 8298
INFO 2026-07-15 19:42:24,693 autoreload 18664 20476 Watching for file changes with StatReloader
INFO 2026-07-15 20:03:28,622 autoreload 16388 17424 Watching for file changes with StatReloader
INFO 2026-07-15 20:03:41,573 basehttp 16388 8892 "GET / HTTP/1.1" 200 100979
INFO 2026-07-15 20:11:31,598 basehttp 16388 20320 "GET / HTTP/1.1" 200 100979
INFO 2026-07-15 20:19:47,038 basehttp 16388 10204 "GET /adteddymin/ HTTP/1.1" 200 8298
INFO 2026-07-15 20:20:44,629 basehttp 16388 10204 "GET / HTTP/1.1" 200 100979
INFO 2026-07-15 20:22:43,658 autoreload 10000 18464 Watching for file changes with StatReloader
ERROR 2026-07-15 21:10:37,067 exception 10000 9384 Invalid HTTP_HOST header: 'feed-impose-truck.ngrok-free.dev'. You may need to add 'feed-impose-truck.ngrok-free.dev' to ALLOWED_HOSTS.
Traceback (most recent call last):
  File "C:\Users\Hp\Desktop\ORAIMOTECH\venv\Lib\site-packages\django\core\handlers\exception.py", line 55, in inner
    response = get_response(request)
               ^^^^^^^^^^^^^^^^^^^^^
  File "C:\Users\Hp\Desktop\ORAIMOTECH\venv\Lib\site-packages\django\utils\deprecation.py", line 133, in __call__
    response = self.process_request(request)
               ^^^^^^^^^^^^^^^^^^^^^^^^^^^^^
  File "C:\Users\Hp\Desktop\ORAIMOTECH\venv\Lib\site-packages\django\middleware\common.py", line 48, in process_request
    host = request.get_host()
           ^^^^^^^^^^^^^^^^^^
  File "C:\Users\Hp\Desktop\ORAIMOTECH\venv\Lib\site-packages\django\http\request.py", line 151, in get_host
    raise DisallowedHost(msg)
django.core.exceptions.DisallowedHost: Invalid HTTP_HOST header: 'feed-impose-truck.ngrok-free.dev'. You may need to add 'feed-impose-truck.ngrok-free.dev' to ALLOWED_HOSTS.
WARNING 2026-07-15 21:10:38,102 basehttp 10000 9384 "GET / HTTP/1.1" 400 85363
ERROR 2026-07-15 21:10:39,934 exception 10000 26068 Invalid HTTP_HOST header: 'feed-impose-truck.ngrok-free.dev'. You may need to add 'feed-impose-truck.ngrok-free.dev' to ALLOWED_HOSTS.
Traceback (most recent call last):
  File "C:\Users\Hp\Desktop\ORAIMOTECH\venv\Lib\site-packages\django\core\handlers\exception.py", line 55, in inner
    response = get_response(request)
               ^^^^^^^^^^^^^^^^^^^^^
  File "C:\Users\Hp\Desktop\ORAIMOTECH\venv\Lib\site-packages\django\utils\deprecation.py", line 133, in __call__
    response = self.process_request(request)
               ^^^^^^^^^^^^^^^^^^^^^^^^^^^^^
  File "C:\Users\Hp\Desktop\ORAIMOTECH\venv\Lib\site-packages\django\middleware\common.py", line 48, in process_request
    host = request.get_host()
           ^^^^^^^^^^^^^^^^^^
  File "C:\Users\Hp\Desktop\ORAIMOTECH\venv\Lib\site-packages\django\http\request.py", line 151, in get_host
    raise DisallowedHost(msg)
django.core.exceptions.DisallowedHost: Invalid HTTP_HOST header: 'feed-impose-truck.ngrok-free.dev'. You may need to add 'feed-impose-truck.ngrok-free.dev' to ALLOWED_HOSTS.
WARNING 2026-07-15 21:10:39,954 basehttp 10000 26068 "GET /favicon.ico HTTP/1.1" 400 85077
ERROR 2026-07-15 21:10:45,609 exception 10000 19436 Invalid HTTP_HOST header: 'feed-impose-truck.ngrok-free.dev'. You may need to add 'feed-impose-truck.ngrok-free.dev' to ALLOWED_HOSTS.
Traceback (most recent call last):
  File "C:\Users\Hp\Desktop\ORAIMOTECH\venv\Lib\site-packages\django\core\handlers\exception.py", line 55, in inner
    response = get_response(request)
               ^^^^^^^^^^^^^^^^^^^^^
  File "C:\Users\Hp\Desktop\ORAIMOTECH\venv\Lib\site-packages\django\utils\deprecation.py", line 133, in __call__
    response = self.process_request(request)
               ^^^^^^^^^^^^^^^^^^^^^^^^^^^^^
  File "C:\Users\Hp\Desktop\ORAIMOTECH\venv\Lib\site-packages\django\middleware\common.py", line 48, in process_request
    host = request.get_host()
           ^^^^^^^^^^^^^^^^^^
  File "C:\Users\Hp\Desktop\ORAIMOTECH\venv\Lib\site-packages\django\http\request.py", line 151, in get_host
    raise DisallowedHost(msg)
django.core.exceptions.DisallowedHost: Invalid HTTP_HOST header: 'feed-impose-truck.ngrok-free.dev'. You may need to add 'feed-impose-truck.ngrok-free.dev' to ALLOWED_HOSTS.
WARNING 2026-07-15 21:10:45,754 basehttp 10000 19436 "GET / HTTP/1.1" 400 85363
ERROR 2026-07-15 21:10:47,345 exception 10000 23288 Invalid HTTP_HOST header: 'feed-impose-truck.ngrok-free.dev'. You may need to add 'feed-impose-truck.ngrok-free.dev' to ALLOWED_HOSTS.
Traceback (most recent call last):
  File "C:\Users\Hp\Desktop\ORAIMOTECH\venv\Lib\site-packages\django\core\handlers\exception.py", line 55, in inner
    response = get_response(request)
               ^^^^^^^^^^^^^^^^^^^^^
  File "C:\Users\Hp\Desktop\ORAIMOTECH\venv\Lib\site-packages\django\utils\deprecation.py", line 133, in __call__
    response = self.process_request(request)
               ^^^^^^^^^^^^^^^^^^^^^^^^^^^^^
  File "C:\Users\Hp\Desktop\ORAIMOTECH\venv\Lib\site-packages\django\middleware\common.py", line 48, in process_request
    host = request.get_host()
           ^^^^^^^^^^^^^^^^^^
  File "C:\Users\Hp\Desktop\ORAIMOTECH\venv\Lib\site-packages\django\http\request.py", line 151, in get_host
    raise DisallowedHost(msg)
django.core.exceptions.DisallowedHost: Invalid HTTP_HOST header: 'feed-impose-truck.ngrok-free.dev'. You may need to add 'feed-impose-truck.ngrok-free.dev' to ALLOWED_HOSTS.
WARNING 2026-07-15 21:10:47,366 basehttp 10000 23288 "GET /favicon.ico HTTP/1.1" 400 85077
ERROR 2026-07-15 21:10:50,328 exception 10000 4068 Invalid HTTP_HOST header: 'feed-impose-truck.ngrok-free.dev'. You may need to add 'feed-impose-truck.ngrok-free.dev' to ALLOWED_HOSTS.
Traceback (most recent call last):
  File "C:\Users\Hp\Desktop\ORAIMOTECH\venv\Lib\site-packages\django\core\handlers\exception.py", line 55, in inner
    response = get_response(request)
               ^^^^^^^^^^^^^^^^^^^^^
  File "C:\Users\Hp\Desktop\ORAIMOTECH\venv\Lib\site-packages\django\utils\deprecation.py", line 133, in __call__
    response = self.process_request(request)
               ^^^^^^^^^^^^^^^^^^^^^^^^^^^^^
  File "C:\Users\Hp\Desktop\ORAIMOTECH\venv\Lib\site-packages\django\middleware\common.py", line 48, in process_request
    host = request.get_host()
           ^^^^^^^^^^^^^^^^^^
  File "C:\Users\Hp\Desktop\ORAIMOTECH\venv\Lib\site-packages\django\http\request.py", line 151, in get_host
    raise DisallowedHost(msg)
django.core.exceptions.DisallowedHost: Invalid HTTP_HOST header: 'feed-impose-truck.ngrok-free.dev'. You may need to add 'feed-impose-truck.ngrok-free.dev' to ALLOWED_HOSTS.
WARNING 2026-07-15 21:10:50,346 basehttp 10000 4068 "GET /favicon.ico HTTP/1.1" 400 85077
INFO 2026-07-15 21:12:44,111 basehttp 10000 6776 "GET /adteddymin/ HTTP/1.1" 200 8298
ERROR 2026-07-15 21:12:52,302 exception 10000 22540 Invalid HTTP_HOST header: 'feed-impose-truck.ngrok-free.dev'. You may need to add 'feed-impose-truck.ngrok-free.dev' to ALLOWED_HOSTS.
Traceback (most recent call last):
  File "C:\Users\Hp\Desktop\ORAIMOTECH\venv\Lib\site-packages\django\core\handlers\exception.py", line 55, in inner
    response = get_response(request)
               ^^^^^^^^^^^^^^^^^^^^^
  File "C:\Users\Hp\Desktop\ORAIMOTECH\venv\Lib\site-packages\django\utils\deprecation.py", line 133, in __call__
    response = self.process_request(request)
               ^^^^^^^^^^^^^^^^^^^^^^^^^^^^^
  File "C:\Users\Hp\Desktop\ORAIMOTECH\venv\Lib\site-packages\django\middleware\common.py", line 48, in process_request
    host = request.get_host()
           ^^^^^^^^^^^^^^^^^^
  File "C:\Users\Hp\Desktop\ORAIMOTECH\venv\Lib\site-packages\django\http\request.py", line 151, in get_host
    raise DisallowedHost(msg)
django.core.exceptions.DisallowedHost: Invalid HTTP_HOST header: 'feed-impose-truck.ngrok-free.dev'. You may need to add 'feed-impose-truck.ngrok-free.dev' to ALLOWED_HOSTS.
WARNING 2026-07-15 21:12:52,322 basehttp 10000 22540 "GET / HTTP/1.1" 400 85363
ERROR 2026-07-15 21:12:55,092 exception 10000 25976 Invalid HTTP_HOST header: 'feed-impose-truck.ngrok-free.dev'. You may need to add 'feed-impose-truck.ngrok-free.dev' to ALLOWED_HOSTS.
Traceback (most recent call last):
  File "C:\Users\Hp\Desktop\ORAIMOTECH\venv\Lib\site-packages\django\core\handlers\exception.py", line 55, in inner
    response = get_response(request)
               ^^^^^^^^^^^^^^^^^^^^^
  File "C:\Users\Hp\Desktop\ORAIMOTECH\venv\Lib\site-packages\django\utils\deprecation.py", line 133, in __call__
    response = self.process_request(request)
               ^^^^^^^^^^^^^^^^^^^^^^^^^^^^^
  File "C:\Users\Hp\Desktop\ORAIMOTECH\venv\Lib\site-packages\django\middleware\common.py", line 48, in process_request
    host = request.get_host()
           ^^^^^^^^^^^^^^^^^^
  File "C:\Users\Hp\Desktop\ORAIMOTECH\venv\Lib\site-packages\django\http\request.py", line 151, in get_host
    raise DisallowedHost(msg)
django.core.exceptions.DisallowedHost: Invalid HTTP_HOST header: 'feed-impose-truck.ngrok-free.dev'. You may need to add 'feed-impose-truck.ngrok-free.dev' to ALLOWED_HOSTS.
WARNING 2026-07-15 21:12:55,114 basehttp 10000 25976 "GET /favicon.ico HTTP/1.1" 400 85077
INFO 2026-07-15 21:15:31,798 autoreload 10000 18464 C:\Users\Hp\Desktop\ORAIMOTECH\core\settings.py changed, reloading.
INFO 2026-07-15 21:15:36,119 autoreload 20116 25904 Watching for file changes with StatReloader
INFO 2026-07-15 21:16:01,209 basehttp 20116 5156 "GET / HTTP/1.1" 200 100475
INFO 2026-07-15 21:16:03,216 basehttp 20116 5156 "GET /media/CACHE/images/products/1000526988/297d1fbbf43ffd3ca8b68220c3a2f140.jpg HTTP/1.1" 200 13520
INFO 2026-07-15 21:16:03,521 basehttp 20116 3792 "GET /media/CACHE/images/products/1000526987/a6d5a5e42638bdf81f7b75683fe48a56.jpg HTTP/1.1" 200 13196
INFO 2026-07-15 21:16:04,030 basehttp 20116 5156 "GET /media/CACHE/images/products/1000526986/4c42d7f070fd16fcc4c9e9e771277a3f.jpg HTTP/1.1" 200 11213
WARNING 2026-07-15 21:16:04,111 basehttp 20116 3792 "GET /favicon.ico HTTP/1.1" 404 4207
INFO 2026-07-15 21:16:04,351 basehttp 20116 17980 "GET /media/CACHE/images/products/1000526985/ea2101abe7212401b5af667637e000f4.jpg HTTP/1.1" 200 10022
INFO 2026-07-15 21:16:04,355 basehttp 20116 20980 "GET /media/CACHE/images/products/1000526975/d6f426988a94ff6a989535d30a8bdf11.jpg HTTP/1.1" 200 12139
INFO 2026-07-15 21:16:04,358 basehttp 20116 22664 "GET /media/CACHE/images/products/1000526984/2679c5d1935863a487471bfaaebbd5f6.jpg HTTP/1.1" 200 11341
INFO 2026-07-15 21:16:04,360 basehttp 20116 25560 "GET /media/CACHE/images/products/1000526983/59a2f0e6a76fb3a0abaf510e68d6861f.jpg HTTP/1.1" 200 12454
INFO 2026-07-15 21:16:04,554 basehttp 20116 22096 "GET /media/CACHE/images/products/1000526968/02476a1d1a2f6c83ad55fc518197d54c.jpg HTTP/1.1" 200 12929
INFO 2026-07-15 21:16:04,556 basehttp 20116 25592 "GET /media/CACHE/images/products/1000533308/fc6d17f5b32815bb45102d95fb074d4c.jpg HTTP/1.1" 200 13965
INFO 2026-07-15 21:16:04,558 basehttp 20116 22080 "GET /media/CACHE/images/products/1000533260/cc9415acb28224a87fcc5efb6469a097.jpg HTTP/1.1" 200 13423
INFO 2026-07-15 21:16:04,858 basehttp 20116 13600 "GET /media/CACHE/images/products/1000525143/ec3192406c59c64742bd6703212d9588.jpg HTTP/1.1" 200 9515
INFO 2026-07-15 21:16:04,859 basehttp 20116 24944 "GET /media/CACHE/images/products/1000525140/b6ce580056a4f7bf6bed510249a1d7ca.jpg HTTP/1.1" 200 14361
INFO 2026-07-15 21:16:04,859 basehttp 20116 17312 "GET /media/CACHE/images/products/1000525139/e65d5659a406c50c9f3ccbddd26ed2ea.jpg HTTP/1.1" 200 13369
INFO 2026-07-15 21:16:04,859 basehttp 20116 22668 "GET /media/CACHE/images/products/1000525141/173d05edb9fc28ed5a313e885994fb8d.jpg HTTP/1.1" 200 12026
INFO 2026-07-15 21:16:04,862 basehttp 20116 14356 "GET /media/CACHE/images/products/1000525145/b445642a1897efb9256f6606c12f861a.jpg HTTP/1.1" 200 16207
INFO 2026-07-15 21:16:04,863 basehttp 20116 20044 "GET /media/CACHE/images/products/1000525144/5e5e36fd76329969727589b2982273fa.jpg HTTP/1.1" 200 11712
INFO 2026-07-15 21:16:37,133 basehttp 20116 23808 "GET / HTTP/1.1" 200 100475
INFO 2026-07-15 21:17:01,036 basehttp 20116 20148 "GET / HTTP/1.1" 200 100475
WARNING 2026-07-15 21:17:03,852 basehttp 20116 20148 "GET /favicon.ico HTTP/1.1" 404 4207
INFO 2026-07-15 21:17:04,260 basehttp 20116 20148 "GET /media/CACHE/images/products/1000526987/a6d5a5e42638bdf81f7b75683fe48a56.jpg HTTP/1.1" 200 13196
INFO 2026-07-15 21:17:04,263 basehttp 20116 25932 "GET /media/CACHE/images/products/1000526988/297d1fbbf43ffd3ca8b68220c3a2f140.jpg HTTP/1.1" 200 13520
INFO 2026-07-15 21:17:25,747 basehttp 20116 25932 "GET /media/CACHE/images/products/1000526985/ea2101abe7212401b5af667637e000f4.jpg HTTP/1.1" 200 10022
INFO 2026-07-15 21:17:25,748 basehttp 20116 20148 "GET /media/CACHE/images/products/1000526986/4c42d7f070fd16fcc4c9e9e771277a3f.jpg HTTP/1.1" 200 11213
INFO 2026-07-15 21:17:30,333 basehttp 20116 20148 "GET /shop/ HTTP/1.1" 200 82387
INFO 2026-07-15 21:17:31,503 basehttp 20116 25932 "GET /media/products/1000526987.jpg HTTP/1.1" 200 200624
INFO 2026-07-15 21:17:36,445 basehttp 20116 25344 - Broken pipe from ('127.0.0.1', 55537)
INFO 2026-07-15 21:17:36,446 basehttp 20116 24956 - Broken pipe from ('127.0.0.1', 55533)
INFO 2026-07-15 21:17:36,446 basehttp 20116 17204 - Broken pipe from ('127.0.0.1', 55536)
INFO 2026-07-15 21:17:36,446 basehttp 20116 20148 - Broken pipe from ('127.0.0.1', 49888)
INFO 2026-07-15 21:17:36,447 basehttp 20116 8092 - Broken pipe from ('127.0.0.1', 55532)
INFO 2026-07-15 21:17:36,537 basehttp 20116 25932 "GET /shop/?category=smart-watches HTTP/1.1" 200 80641
INFO 2026-07-15 21:17:38,200 basehttp 20116 25932 "GET /media/products/1000526975.jpg HTTP/1.1" 200 166223
INFO 2026-07-15 21:17:38,209 basehttp 20116 13064 "GET /media/products/1000525139.png HTTP/1.1" 200 163867
INFO 2026-07-15 21:17:38,210 basehttp 20116 24620 "GET /media/products/1000525144.png HTTP/1.1" 200 152901
INFO 2026-07-15 21:17:38,490 basehttp 20116 16480 "GET /media/products/1000533259.jpg HTTP/1.1" 200 75741
INFO 2026-07-15 21:17:38,491 basehttp 20116 18452 "GET /media/products/1000525137.png HTTP/1.1" 200 183780
INFO 2026-07-15 21:17:38,518 basehttp 20116 16968 "GET /media/products/1000525605.png HTTP/1.1" 200 189304
INFO 2026-07-15 21:17:39,099 basehttp 20116 23204 "GET /media/products/1000525136.png HTTP/1.1" 200 253871
INFO 2026-07-15 21:17:42,702 basehttp 20116 16480 "GET /media/products/1000520279.jpg HTTP/1.1" 200 144846
INFO 2026-07-15 21:17:45,166 basehttp 20116 4568 "GET /media/products/1000520278.jpg HTTP/1.1" 200 520053
INFO 2026-07-15 21:17:45,886 basehttp 20116 13064 "POST /basket/add/26/ HTTP/1.1" 200 58
INFO 2026-07-15 21:17:45,886 basehttp 20116 18452 "POST /basket/add/26/ HTTP/1.1" 200 58
INFO 2026-07-15 21:17:48,985 basehttp 20116 25932 "GET /media/products/1000520280.jpg HTTP/1.1" 200 899316
WARNING 2026-07-15 21:17:49,411 basehttp 20116 8012 "GET /adteddmin HTTP/1.1" 404 4201
INFO 2026-07-15 21:17:50,829 basehttp 20116 18452 "GET /media/products/1000520281.jpg HTTP/1.1" 200 145300
ERROR 2026-07-15 21:18:01,496 log 20116 25932 Internal Server Error: /basket/
Traceback (most recent call last):
  File "C:\Users\Hp\Desktop\ORAIMOTECH\venv\Lib\site-packages\django\core\handlers\exception.py", line 55, in inner
    response = get_response(request)
               ^^^^^^^^^^^^^^^^^^^^^
  File "C:\Users\Hp\Desktop\ORAIMOTECH\venv\Lib\site-packages\django\core\handlers\base.py", line 197, in _get_response
    response = wrapped_callback(request, *callback_args, **callback_kwargs)
               ^^^^^^^^^^^^^^^^^^^^^^^^^^^^^^^^^^^^^^^^^^^^^^^^^^^^^^^^^^^^
  File "C:\Users\Hp\Desktop\ORAIMOTECH\basket\views.py", line 10, in basket_detail
    return render(request, 'basket/detail.html', {'basket': basket})
           ^^^^^^^^^^^^^^^^^^^^^^^^^^^^^^^^^^^^^^^^^^^^^^^^^^^^^^^^^
  File "C:\Users\Hp\Desktop\ORAIMOTECH\venv\Lib\site-packages\django\shortcuts.py", line 24, in render
    content = loader.render_to_string(template_name, context, request, using=using)
              ^^^^^^^^^^^^^^^^^^^^^^^^^^^^^^^^^^^^^^^^^^^^^^^^^^^^^^^^^^^^^^^^^^^^^
  File "C:\Users\Hp\Desktop\ORAIMOTECH\venv\Lib\site-packages\django\template\loader.py", line 62, in render_to_string
    return template.render(context, request)
           ^^^^^^^^^^^^^^^^^^^^^^^^^^^^^^^^^
  File "C:\Users\Hp\Desktop\ORAIMOTECH\venv\Lib\site-packages\django\template\backends\django.py", line 61, in render
    return self.template.render(context)
           ^^^^^^^^^^^^^^^^^^^^^^^^^^^^^
  File "C:\Users\Hp\Desktop\ORAIMOTECH\venv\Lib\site-packages\django\template\base.py", line 171, in render
    return self._render(context)
           ^^^^^^^^^^^^^^^^^^^^^
  File "C:\Users\Hp\Desktop\ORAIMOTECH\venv\Lib\site-packages\django\template\base.py", line 163, in _render
    return self.nodelist.render(context)
           ^^^^^^^^^^^^^^^^^^^^^^^^^^^^^
  File "C:\Users\Hp\Desktop\ORAIMOTECH\venv\Lib\site-packages\django\template\base.py", line 1000, in render
    return SafeString("".join([node.render_annotated(context) for node in self]))
                              ^^^^^^^^^^^^^^^^^^^^^^^^^^^^^^^^^^^^^^^^^^^^^^^^^
  File "C:\Users\Hp\Desktop\ORAIMOTECH\venv\Lib\site-packages\django\template\base.py", line 1000, in <listcomp>
    return SafeString("".join([node.render_annotated(context) for node in self]))
                               ^^^^^^^^^^^^^^^^^^^^^^^^^^^^^^
  File "C:\Users\Hp\Desktop\ORAIMOTECH\venv\Lib\site-packages\django\template\base.py", line 961, in render_annotated
    return self.render(context)
           ^^^^^^^^^^^^^^^^^^^^
  File "C:\Users\Hp\Desktop\ORAIMOTECH\venv\Lib\site-packages\django\template\loader_tags.py", line 159, in render
    return compiled_parent._render(context)
           ^^^^^^^^^^^^^^^^^^^^^^^^^^^^^^^^
  File "C:\Users\Hp\Desktop\ORAIMOTECH\venv\Lib\site-packages\django\template\base.py", line 163, in _render
    return self.nodelist.render(context)
           ^^^^^^^^^^^^^^^^^^^^^^^^^^^^^
  File "C:\Users\Hp\Desktop\ORAIMOTECH\venv\Lib\site-packages\django\template\base.py", line 1000, in render
    return SafeString("".join([node.render_annotated(context) for node in self]))
                              ^^^^^^^^^^^^^^^^^^^^^^^^^^^^^^^^^^^^^^^^^^^^^^^^^
  File "C:\Users\Hp\Desktop\ORAIMOTECH\venv\Lib\site-packages\django\template\base.py", line 1000, in <listcomp>
    return SafeString("".join([node.render_annotated(context) for node in self]))
                               ^^^^^^^^^^^^^^^^^^^^^^^^^^^^^^
  File "C:\Users\Hp\Desktop\ORAIMOTECH\venv\Lib\site-packages\django\template\base.py", line 961, in render_annotated
    return self.render(context)
           ^^^^^^^^^^^^^^^^^^^^
  File "C:\Users\Hp\Desktop\ORAIMOTECH\venv\Lib\site-packages\django\template\loader_tags.py", line 65, in render
    result = block.nodelist.render(context)
             ^^^^^^^^^^^^^^^^^^^^^^^^^^^^^^
  File "C:\Users\Hp\Desktop\ORAIMOTECH\venv\Lib\site-packages\django\template\base.py", line 1000, in render
    return SafeString("".join([node.render_annotated(context) for node in self]))
                              ^^^^^^^^^^^^^^^^^^^^^^^^^^^^^^^^^^^^^^^^^^^^^^^^^
  File "C:\Users\Hp\Desktop\ORAIMOTECH\venv\Lib\site-packages\django\template\base.py", line 1000, in <listcomp>
    return SafeString("".join([node.render_annotated(context) for node in self]))
                               ^^^^^^^^^^^^^^^^^^^^^^^^^^^^^^
  File "C:\Users\Hp\Desktop\ORAIMOTECH\venv\Lib\site-packages\django\template\base.py", line 961, in render_annotated
    return self.render(context)
           ^^^^^^^^^^^^^^^^^^^^
  File "C:\Users\Hp\Desktop\ORAIMOTECH\venv\Lib\site-packages\django\template\defaulttags.py", line 325, in render
    return nodelist.render(context)
           ^^^^^^^^^^^^^^^^^^^^^^^^
  File "C:\Users\Hp\Desktop\ORAIMOTECH\venv\Lib\site-packages\django\template\base.py", line 1000, in render
    return SafeString("".join([node.render_annotated(context) for node in self]))
                              ^^^^^^^^^^^^^^^^^^^^^^^^^^^^^^^^^^^^^^^^^^^^^^^^^
  File "C:\Users\Hp\Desktop\ORAIMOTECH\venv\Lib\site-packages\django\template\base.py", line 1000, in <listcomp>
    return SafeString("".join([node.render_annotated(context) for node in self]))
                               ^^^^^^^^^^^^^^^^^^^^^^^^^^^^^^
  File "C:\Users\Hp\Desktop\ORAIMOTECH\venv\Lib\site-packages\django\template\base.py", line 961, in render_annotated
    return self.render(context)
           ^^^^^^^^^^^^^^^^^^^^
  File "C:\Users\Hp\Desktop\ORAIMOTECH\venv\Lib\site-packages\django\template\defaulttags.py", line 478, in render
    url = reverse(view_name, args=args, kwargs=kwargs, current_app=current_app)
          ^^^^^^^^^^^^^^^^^^^^^^^^^^^^^^^^^^^^^^^^^^^^^^^^^^^^^^^^^^^^^^^^^^^^^
  File "C:\Users\Hp\Desktop\ORAIMOTECH\venv\Lib\site-packages\django\urls\base.py", line 88, in reverse
    return resolver._reverse_with_prefix(view, prefix, *args, **kwargs)
           ^^^^^^^^^^^^^^^^^^^^^^^^^^^^^^^^^^^^^^^^^^^^^^^^^^^^^^^^^^^^
  File "C:\Users\Hp\Desktop\ORAIMOTECH\venv\Lib\site-packages\django\urls\resolvers.py", line 848, in _reverse_with_prefix
    raise NoReverseMatch(msg)
django.urls.exceptions.NoReverseMatch: Reverse for 'checkout_page' not found. 'checkout_page' is not a valid view function or pattern name.
ERROR 2026-07-15 21:18:01,496 log 20116 25932 Internal Server Error: /basket/
Traceback (most recent call last):
  File "C:\Users\Hp\Desktop\ORAIMOTECH\venv\Lib\site-packages\django\core\handlers\exception.py", line 55, in inner
    response = get_response(request)
               ^^^^^^^^^^^^^^^^^^^^^
  File "C:\Users\Hp\Desktop\ORAIMOTECH\venv\Lib\site-packages\django\core\handlers\base.py", line 197, in _get_response
    response = wrapped_callback(request, *callback_args, **callback_kwargs)
               ^^^^^^^^^^^^^^^^^^^^^^^^^^^^^^^^^^^^^^^^^^^^^^^^^^^^^^^^^^^^
  File "C:\Users\Hp\Desktop\ORAIMOTECH\basket\views.py", line 10, in basket_detail
    return render(request, 'basket/detail.html', {'basket': basket})
           ^^^^^^^^^^^^^^^^^^^^^^^^^^^^^^^^^^^^^^^^^^^^^^^^^^^^^^^^^
  File "C:\Users\Hp\Desktop\ORAIMOTECH\venv\Lib\site-packages\django\shortcuts.py", line 24, in render
    content = loader.render_to_string(template_name, context, request, using=using)
              ^^^^^^^^^^^^^^^^^^^^^^^^^^^^^^^^^^^^^^^^^^^^^^^^^^^^^^^^^^^^^^^^^^^^^
  File "C:\Users\Hp\Desktop\ORAIMOTECH\venv\Lib\site-packages\django\template\loader.py", line 62, in render_to_string
    return template.render(context, request)
           ^^^^^^^^^^^^^^^^^^^^^^^^^^^^^^^^^
  File "C:\Users\Hp\Desktop\ORAIMOTECH\venv\Lib\site-packages\django\template\backends\django.py", line 61, in render
    return self.template.render(context)
           ^^^^^^^^^^^^^^^^^^^^^^^^^^^^^
  File "C:\Users\Hp\Desktop\ORAIMOTECH\venv\Lib\site-packages\django\template\base.py", line 171, in render
    return self._render(context)
           ^^^^^^^^^^^^^^^^^^^^^
  File "C:\Users\Hp\Desktop\ORAIMOTECH\venv\Lib\site-packages\django\template\base.py", line 163, in _render
    return self.nodelist.render(context)
           ^^^^^^^^^^^^^^^^^^^^^^^^^^^^^
  File "C:\Users\Hp\Desktop\ORAIMOTECH\venv\Lib\site-packages\django\template\base.py", line 1000, in render
    return SafeString("".join([node.render_annotated(context) for node in self]))
                              ^^^^^^^^^^^^^^^^^^^^^^^^^^^^^^^^^^^^^^^^^^^^^^^^^
  File "C:\Users\Hp\Desktop\ORAIMOTECH\venv\Lib\site-packages\django\template\base.py", line 1000, in <listcomp>
    return SafeString("".join([node.render_annotated(context) for node in self]))
                               ^^^^^^^^^^^^^^^^^^^^^^^^^^^^^^
  File "C:\Users\Hp\Desktop\ORAIMOTECH\venv\Lib\site-packages\django\template\base.py", line 961, in render_annotated
    return self.render(context)
           ^^^^^^^^^^^^^^^^^^^^
  File "C:\Users\Hp\Desktop\ORAIMOTECH\venv\Lib\site-packages\django\template\loader_tags.py", line 159, in render
    return compiled_parent._render(context)
           ^^^^^^^^^^^^^^^^^^^^^^^^^^^^^^^^
  File "C:\Users\Hp\Desktop\ORAIMOTECH\venv\Lib\site-packages\django\template\base.py", line 163, in _render
    return self.nodelist.render(context)
           ^^^^^^^^^^^^^^^^^^^^^^^^^^^^^
  File "C:\Users\Hp\Desktop\ORAIMOTECH\venv\Lib\site-packages\django\template\base.py", line 1000, in render
    return SafeString("".join([node.render_annotated(context) for node in self]))
                              ^^^^^^^^^^^^^^^^^^^^^^^^^^^^^^^^^^^^^^^^^^^^^^^^^
  File "C:\Users\Hp\Desktop\ORAIMOTECH\venv\Lib\site-packages\django\template\base.py", line 1000, in <listcomp>
    return SafeString("".join([node.render_annotated(context) for node in self]))
                               ^^^^^^^^^^^^^^^^^^^^^^^^^^^^^^
  File "C:\Users\Hp\Desktop\ORAIMOTECH\venv\Lib\site-packages\django\template\base.py", line 961, in render_annotated
    return self.render(context)
           ^^^^^^^^^^^^^^^^^^^^
  File "C:\Users\Hp\Desktop\ORAIMOTECH\venv\Lib\site-packages\django\template\loader_tags.py", line 65, in render
    result = block.nodelist.render(context)
             ^^^^^^^^^^^^^^^^^^^^^^^^^^^^^^
  File "C:\Users\Hp\Desktop\ORAIMOTECH\venv\Lib\site-packages\django\template\base.py", line 1000, in render
    return SafeString("".join([node.render_annotated(context) for node in self]))
                              ^^^^^^^^^^^^^^^^^^^^^^^^^^^^^^^^^^^^^^^^^^^^^^^^^
  File "C:\Users\Hp\Desktop\ORAIMOTECH\venv\Lib\site-packages\django\template\base.py", line 1000, in <listcomp>
    return SafeString("".join([node.render_annotated(context) for node in self]))
                               ^^^^^^^^^^^^^^^^^^^^^^^^^^^^^^
  File "C:\Users\Hp\Desktop\ORAIMOTECH\venv\Lib\site-packages\django\template\base.py", line 961, in render_annotated
    return self.render(context)
           ^^^^^^^^^^^^^^^^^^^^
  File "C:\Users\Hp\Desktop\ORAIMOTECH\venv\Lib\site-packages\django\template\defaulttags.py", line 325, in render
    return nodelist.render(context)
           ^^^^^^^^^^^^^^^^^^^^^^^^
  File "C:\Users\Hp\Desktop\ORAIMOTECH\venv\Lib\site-packages\django\template\base.py", line 1000, in render
    return SafeString("".join([node.render_annotated(context) for node in self]))
                              ^^^^^^^^^^^^^^^^^^^^^^^^^^^^^^^^^^^^^^^^^^^^^^^^^
  File "C:\Users\Hp\Desktop\ORAIMOTECH\venv\Lib\site-packages\django\template\base.py", line 1000, in <listcomp>
    return SafeString("".join([node.render_annotated(context) for node in self]))
                               ^^^^^^^^^^^^^^^^^^^^^^^^^^^^^^
  File "C:\Users\Hp\Desktop\ORAIMOTECH\venv\Lib\site-packages\django\template\base.py", line 961, in render_annotated
    return self.render(context)
           ^^^^^^^^^^^^^^^^^^^^
  File "C:\Users\Hp\Desktop\ORAIMOTECH\venv\Lib\site-packages\django\template\defaulttags.py", line 478, in render
    url = reverse(view_name, args=args, kwargs=kwargs, current_app=current_app)
          ^^^^^^^^^^^^^^^^^^^^^^^^^^^^^^^^^^^^^^^^^^^^^^^^^^^^^^^^^^^^^^^^^^^^^
  File "C:\Users\Hp\Desktop\ORAIMOTECH\venv\Lib\site-packages\django\urls\base.py", line 88, in reverse
    return resolver._reverse_with_prefix(view, prefix, *args, **kwargs)
           ^^^^^^^^^^^^^^^^^^^^^^^^^^^^^^^^^^^^^^^^^^^^^^^^^^^^^^^^^^^^
  File "C:\Users\Hp\Desktop\ORAIMOTECH\venv\Lib\site-packages\django\urls\resolvers.py", line 848, in _reverse_with_prefix
    raise NoReverseMatch(msg)
django.urls.exceptions.NoReverseMatch: Reverse for 'checkout_page' not found. 'checkout_page' is not a valid view function or pattern name.
ERROR 2026-07-15 21:18:01,586 basehttp 20116 25932 "GET /basket/ HTTP/1.1" 500 195969
INFO 2026-07-15 21:18:03,111 basehttp 20116 22568 "GET /adteddymin/ HTTP/1.1" 200 8298
INFO 2026-07-15 21:18:10,198 basehttp 20116 8012 "GET /basket/ HTTP/1.1" 200 71769
ERROR 2026-07-15 21:18:11,670 log 20116 25932 Internal Server Error: /basket/
Traceback (most recent call last):
  File "C:\Users\Hp\Desktop\ORAIMOTECH\venv\Lib\site-packages\django\core\handlers\exception.py", line 55, in inner
    response = get_response(request)
               ^^^^^^^^^^^^^^^^^^^^^
  File "C:\Users\Hp\Desktop\ORAIMOTECH\venv\Lib\site-packages\django\core\handlers\base.py", line 197, in _get_response
    response = wrapped_callback(request, *callback_args, **callback_kwargs)
               ^^^^^^^^^^^^^^^^^^^^^^^^^^^^^^^^^^^^^^^^^^^^^^^^^^^^^^^^^^^^
  File "C:\Users\Hp\Desktop\ORAIMOTECH\basket\views.py", line 10, in basket_detail
    return render(request, 'basket/detail.html', {'basket': basket})
           ^^^^^^^^^^^^^^^^^^^^^^^^^^^^^^^^^^^^^^^^^^^^^^^^^^^^^^^^^
  File "C:\Users\Hp\Desktop\ORAIMOTECH\venv\Lib\site-packages\django\shortcuts.py", line 24, in render
    content = loader.render_to_string(template_name, context, request, using=using)
              ^^^^^^^^^^^^^^^^^^^^^^^^^^^^^^^^^^^^^^^^^^^^^^^^^^^^^^^^^^^^^^^^^^^^^
  File "C:\Users\Hp\Desktop\ORAIMOTECH\venv\Lib\site-packages\django\template\loader.py", line 62, in render_to_string
    return template.render(context, request)
           ^^^^^^^^^^^^^^^^^^^^^^^^^^^^^^^^^
  File "C:\Users\Hp\Desktop\ORAIMOTECH\venv\Lib\site-packages\django\template\backends\django.py", line 61, in render
    return self.template.render(context)
           ^^^^^^^^^^^^^^^^^^^^^^^^^^^^^
  File "C:\Users\Hp\Desktop\ORAIMOTECH\venv\Lib\site-packages\django\template\base.py", line 171, in render
    return self._render(context)
           ^^^^^^^^^^^^^^^^^^^^^
  File "C:\Users\Hp\Desktop\ORAIMOTECH\venv\Lib\site-packages\django\template\base.py", line 163, in _render
    return self.nodelist.render(context)
           ^^^^^^^^^^^^^^^^^^^^^^^^^^^^^
  File "C:\Users\Hp\Desktop\ORAIMOTECH\venv\Lib\site-packages\django\template\base.py", line 1000, in render
    return SafeString("".join([node.render_annotated(context) for node in self]))
                              ^^^^^^^^^^^^^^^^^^^^^^^^^^^^^^^^^^^^^^^^^^^^^^^^^
  File "C:\Users\Hp\Desktop\ORAIMOTECH\venv\Lib\site-packages\django\template\base.py", line 1000, in <listcomp>
    return SafeString("".join([node.render_annotated(context) for node in self]))
                               ^^^^^^^^^^^^^^^^^^^^^^^^^^^^^^
  File "C:\Users\Hp\Desktop\ORAIMOTECH\venv\Lib\site-packages\django\template\base.py", line 961, in render_annotated
    return self.render(context)
           ^^^^^^^^^^^^^^^^^^^^
  File "C:\Users\Hp\Desktop\ORAIMOTECH\venv\Lib\site-packages\django\template\loader_tags.py", line 159, in render
    return compiled_parent._render(context)
           ^^^^^^^^^^^^^^^^^^^^^^^^^^^^^^^^
  File "C:\Users\Hp\Desktop\ORAIMOTECH\venv\Lib\site-packages\django\template\base.py", line 163, in _render
    return self.nodelist.render(context)
           ^^^^^^^^^^^^^^^^^^^^^^^^^^^^^
  File "C:\Users\Hp\Desktop\ORAIMOTECH\venv\Lib\site-packages\django\template\base.py", line 1000, in render
    return SafeString("".join([node.render_annotated(context) for node in self]))
                              ^^^^^^^^^^^^^^^^^^^^^^^^^^^^^^^^^^^^^^^^^^^^^^^^^
  File "C:\Users\Hp\Desktop\ORAIMOTECH\venv\Lib\site-packages\django\template\base.py", line 1000, in <listcomp>
    return SafeString("".join([node.render_annotated(context) for node in self]))
                               ^^^^^^^^^^^^^^^^^^^^^^^^^^^^^^
  File "C:\Users\Hp\Desktop\ORAIMOTECH\venv\Lib\site-packages\django\template\base.py", line 961, in render_annotated
    return self.render(context)
           ^^^^^^^^^^^^^^^^^^^^
  File "C:\Users\Hp\Desktop\ORAIMOTECH\venv\Lib\site-packages\django\template\loader_tags.py", line 65, in render
    result = block.nodelist.render(context)
             ^^^^^^^^^^^^^^^^^^^^^^^^^^^^^^
  File "C:\Users\Hp\Desktop\ORAIMOTECH\venv\Lib\site-packages\django\template\base.py", line 1000, in render
    return SafeString("".join([node.render_annotated(context) for node in self]))
                              ^^^^^^^^^^^^^^^^^^^^^^^^^^^^^^^^^^^^^^^^^^^^^^^^^
  File "C:\Users\Hp\Desktop\ORAIMOTECH\venv\Lib\site-packages\django\template\base.py", line 1000, in <listcomp>
    return SafeString("".join([node.render_annotated(context) for node in self]))
                               ^^^^^^^^^^^^^^^^^^^^^^^^^^^^^^
  File "C:\Users\Hp\Desktop\ORAIMOTECH\venv\Lib\site-packages\django\template\base.py", line 961, in render_annotated
    return self.render(context)
           ^^^^^^^^^^^^^^^^^^^^
  File "C:\Users\Hp\Desktop\ORAIMOTECH\venv\Lib\site-packages\django\template\defaulttags.py", line 325, in render
    return nodelist.render(context)
           ^^^^^^^^^^^^^^^^^^^^^^^^
  File "C:\Users\Hp\Desktop\ORAIMOTECH\venv\Lib\site-packages\django\template\base.py", line 1000, in render
    return SafeString("".join([node.render_annotated(context) for node in self]))
                              ^^^^^^^^^^^^^^^^^^^^^^^^^^^^^^^^^^^^^^^^^^^^^^^^^
  File "C:\Users\Hp\Desktop\ORAIMOTECH\venv\Lib\site-packages\django\template\base.py", line 1000, in <listcomp>
    return SafeString("".join([node.render_annotated(context) for node in self]))
                               ^^^^^^^^^^^^^^^^^^^^^^^^^^^^^^
  File "C:\Users\Hp\Desktop\ORAIMOTECH\venv\Lib\site-packages\django\template\base.py", line 961, in render_annotated
    return self.render(context)
           ^^^^^^^^^^^^^^^^^^^^
  File "C:\Users\Hp\Desktop\ORAIMOTECH\venv\Lib\site-packages\django\template\defaulttags.py", line 478, in render
    url = reverse(view_name, args=args, kwargs=kwargs, current_app=current_app)
          ^^^^^^^^^^^^^^^^^^^^^^^^^^^^^^^^^^^^^^^^^^^^^^^^^^^^^^^^^^^^^^^^^^^^^
  File "C:\Users\Hp\Desktop\ORAIMOTECH\venv\Lib\site-packages\django\urls\base.py", line 88, in reverse
    return resolver._reverse_with_prefix(view, prefix, *args, **kwargs)
           ^^^^^^^^^^^^^^^^^^^^^^^^^^^^^^^^^^^^^^^^^^^^^^^^^^^^^^^^^^^^
  File "C:\Users\Hp\Desktop\ORAIMOTECH\venv\Lib\site-packages\django\urls\resolvers.py", line 848, in _reverse_with_prefix
    raise NoReverseMatch(msg)
django.urls.exceptions.NoReverseMatch: Reverse for 'checkout_page' not found. 'checkout_page' is not a valid view function or pattern name.
ERROR 2026-07-15 21:18:11,670 log 20116 25932 Internal Server Error: /basket/
Traceback (most recent call last):
  File "C:\Users\Hp\Desktop\ORAIMOTECH\venv\Lib\site-packages\django\core\handlers\exception.py", line 55, in inner
    response = get_response(request)
               ^^^^^^^^^^^^^^^^^^^^^
  File "C:\Users\Hp\Desktop\ORAIMOTECH\venv\Lib\site-packages\django\core\handlers\base.py", line 197, in _get_response
    response = wrapped_callback(request, *callback_args, **callback_kwargs)
               ^^^^^^^^^^^^^^^^^^^^^^^^^^^^^^^^^^^^^^^^^^^^^^^^^^^^^^^^^^^^
  File "C:\Users\Hp\Desktop\ORAIMOTECH\basket\views.py", line 10, in basket_detail
    return render(request, 'basket/detail.html', {'basket': basket})
           ^^^^^^^^^^^^^^^^^^^^^^^^^^^^^^^^^^^^^^^^^^^^^^^^^^^^^^^^^
  File "C:\Users\Hp\Desktop\ORAIMOTECH\venv\Lib\site-packages\django\shortcuts.py", line 24, in render
    content = loader.render_to_string(template_name, context, request, using=using)
              ^^^^^^^^^^^^^^^^^^^^^^^^^^^^^^^^^^^^^^^^^^^^^^^^^^^^^^^^^^^^^^^^^^^^^
  File "C:\Users\Hp\Desktop\ORAIMOTECH\venv\Lib\site-packages\django\template\loader.py", line 62, in render_to_string
    return template.render(context, request)
           ^^^^^^^^^^^^^^^^^^^^^^^^^^^^^^^^^
  File "C:\Users\Hp\Desktop\ORAIMOTECH\venv\Lib\site-packages\django\template\backends\django.py", line 61, in render
    return self.template.render(context)
           ^^^^^^^^^^^^^^^^^^^^^^^^^^^^^
  File "C:\Users\Hp\Desktop\ORAIMOTECH\venv\Lib\site-packages\django\template\base.py", line 171, in render
    return self._render(context)
           ^^^^^^^^^^^^^^^^^^^^^
  File "C:\Users\Hp\Desktop\ORAIMOTECH\venv\Lib\site-packages\django\template\base.py", line 163, in _render
    return self.nodelist.render(context)
           ^^^^^^^^^^^^^^^^^^^^^^^^^^^^^
  File "C:\Users\Hp\Desktop\ORAIMOTECH\venv\Lib\site-packages\django\template\base.py", line 1000, in render
    return SafeString("".join([node.render_annotated(context) for node in self]))
                              ^^^^^^^^^^^^^^^^^^^^^^^^^^^^^^^^^^^^^^^^^^^^^^^^^
  File "C:\Users\Hp\Desktop\ORAIMOTECH\venv\Lib\site-packages\django\template\base.py", line 1000, in <listcomp>
    return SafeString("".join([node.render_annotated(context) for node in self]))
                               ^^^^^^^^^^^^^^^^^^^^^^^^^^^^^^
  File "C:\Users\Hp\Desktop\ORAIMOTECH\venv\Lib\site-packages\django\template\base.py", line 961, in render_annotated
    return self.render(context)
           ^^^^^^^^^^^^^^^^^^^^
  File "C:\Users\Hp\Desktop\ORAIMOTECH\venv\Lib\site-packages\django\template\loader_tags.py", line 159, in render
    return compiled_parent._render(context)
           ^^^^^^^^^^^^^^^^^^^^^^^^^^^^^^^^
  File "C:\Users\Hp\Desktop\ORAIMOTECH\venv\Lib\site-packages\django\template\base.py", line 163, in _render
    return self.nodelist.render(context)
           ^^^^^^^^^^^^^^^^^^^^^^^^^^^^^
  File "C:\Users\Hp\Desktop\ORAIMOTECH\venv\Lib\site-packages\django\template\base.py", line 1000, in render
    return SafeString("".join([node.render_annotated(context) for node in self]))
                              ^^^^^^^^^^^^^^^^^^^^^^^^^^^^^^^^^^^^^^^^^^^^^^^^^
  File "C:\Users\Hp\Desktop\ORAIMOTECH\venv\Lib\site-packages\django\template\base.py", line 1000, in <listcomp>
    return SafeString("".join([node.render_annotated(context) for node in self]))
                               ^^^^^^^^^^^^^^^^^^^^^^^^^^^^^^
  File "C:\Users\Hp\Desktop\ORAIMOTECH\venv\Lib\site-packages\django\template\base.py", line 961, in render_annotated
    return self.render(context)
           ^^^^^^^^^^^^^^^^^^^^
  File "C:\Users\Hp\Desktop\ORAIMOTECH\venv\Lib\site-packages\django\template\loader_tags.py", line 65, in render
    result = block.nodelist.render(context)
             ^^^^^^^^^^^^^^^^^^^^^^^^^^^^^^
  File "C:\Users\Hp\Desktop\ORAIMOTECH\venv\Lib\site-packages\django\template\base.py", line 1000, in render
    return SafeString("".join([node.render_annotated(context) for node in self]))
                              ^^^^^^^^^^^^^^^^^^^^^^^^^^^^^^^^^^^^^^^^^^^^^^^^^
  File "C:\Users\Hp\Desktop\ORAIMOTECH\venv\Lib\site-packages\django\template\base.py", line 1000, in <listcomp>
    return SafeString("".join([node.render_annotated(context) for node in self]))
                               ^^^^^^^^^^^^^^^^^^^^^^^^^^^^^^
  File "C:\Users\Hp\Desktop\ORAIMOTECH\venv\Lib\site-packages\django\template\base.py", line 961, in render_annotated
    return self.render(context)
           ^^^^^^^^^^^^^^^^^^^^
  File "C:\Users\Hp\Desktop\ORAIMOTECH\venv\Lib\site-packages\django\template\defaulttags.py", line 325, in render
    return nodelist.render(context)
           ^^^^^^^^^^^^^^^^^^^^^^^^
  File "C:\Users\Hp\Desktop\ORAIMOTECH\venv\Lib\site-packages\django\template\base.py", line 1000, in render
    return SafeString("".join([node.render_annotated(context) for node in self]))
                              ^^^^^^^^^^^^^^^^^^^^^^^^^^^^^^^^^^^^^^^^^^^^^^^^^
  File "C:\Users\Hp\Desktop\ORAIMOTECH\venv\Lib\site-packages\django\template\base.py", line 1000, in <listcomp>
    return SafeString("".join([node.render_annotated(context) for node in self]))
                               ^^^^^^^^^^^^^^^^^^^^^^^^^^^^^^
  File "C:\Users\Hp\Desktop\ORAIMOTECH\venv\Lib\site-packages\django\template\base.py", line 961, in render_annotated
    return self.render(context)
           ^^^^^^^^^^^^^^^^^^^^
  File "C:\Users\Hp\Desktop\ORAIMOTECH\venv\Lib\site-packages\django\template\defaulttags.py", line 478, in render
    url = reverse(view_name, args=args, kwargs=kwargs, current_app=current_app)
          ^^^^^^^^^^^^^^^^^^^^^^^^^^^^^^^^^^^^^^^^^^^^^^^^^^^^^^^^^^^^^^^^^^^^^
  File "C:\Users\Hp\Desktop\ORAIMOTECH\venv\Lib\site-packages\django\urls\base.py", line 88, in reverse
    return resolver._reverse_with_prefix(view, prefix, *args, **kwargs)
           ^^^^^^^^^^^^^^^^^^^^^^^^^^^^^^^^^^^^^^^^^^^^^^^^^^^^^^^^^^^^
  File "C:\Users\Hp\Desktop\ORAIMOTECH\venv\Lib\site-packages\django\urls\resolvers.py", line 848, in _reverse_with_prefix
    raise NoReverseMatch(msg)
django.urls.exceptions.NoReverseMatch: Reverse for 'checkout_page' not found. 'checkout_page' is not a valid view function or pattern name.
ERROR 2026-07-15 21:18:11,695 basehttp 20116 25932 "GET /basket/ HTTP/1.1" 500 195969
INFO 2026-07-15 21:18:14,903 basehttp 20116 8012 "GET / HTTP/1.1" 200 100475
INFO 2026-07-15 21:18:31,683 basehttp 20116 13108 "GET /shop/ HTTP/1.1" 200 82387
INFO 2026-07-15 21:18:32,515 basehttp 20116 13108 "GET /shop/ HTTP/1.1" 200 82387
INFO 2026-07-15 21:18:34,059 basehttp 20116 26396 "GET /media/products/1000526987.jpg HTTP/1.1" 200 200624
INFO 2026-07-15 21:18:34,063 basehttp 20116 13108 "GET /media/products/1000526986.jpg HTTP/1.1" 200 564906
INFO 2026-07-15 21:18:35,583 basehttp 20116 26396 - Broken pipe from ('127.0.0.1', 58770)
INFO 2026-07-15 21:18:35,585 basehttp 20116 24924 - Broken pipe from ('127.0.0.1', 58771)
INFO 2026-07-15 21:18:35,585 basehttp 20116 7540 - Broken pipe from ('127.0.0.1', 58764)
INFO 2026-07-15 21:18:35,586 basehttp 20116 17808 - Broken pipe from ('127.0.0.1', 58768)
INFO 2026-07-15 21:18:35,586 basehttp 20116 16244 - Broken pipe from ('127.0.0.1', 58772)
INFO 2026-07-15 21:18:35,782 basehttp 20116 13108 - Broken pipe from ('127.0.0.1', 58760)
INFO 2026-07-15 21:18:35,979 basehttp 20116 23120 "GET / HTTP/1.1" 200 100475
INFO 2026-07-15 21:18:48,399 basehttp 20116 17796 "GET / HTTP/1.1" 200 100475
WARNING 2026-07-15 21:18:50,515 basehttp 20116 17796 "GET /favicon.ico HTTP/1.1" 404 4207
INFO 2026-07-15 21:18:56,758 basehttp 20116 17796 "GET /media/CACHE/images/products/1000526988/297d1fbbf43ffd3ca8b68220c3a2f140.jpg HTTP/1.1" 200 13520
INFO 2026-07-15 21:18:56,779 basehttp 20116 19852 "GET /media/CACHE/images/products/1000526987/a6d5a5e42638bdf81f7b75683fe48a56.jpg HTTP/1.1" 200 13196
INFO 2026-07-15 21:18:57,292 basehttp 20116 17796 "GET /media/CACHE/images/products/1000526985/ea2101abe7212401b5af667637e000f4.jpg HTTP/1.1" 200 10022
INFO 2026-07-15 21:18:57,292 basehttp 20116 19852 "GET /media/CACHE/images/products/1000526986/4c42d7f070fd16fcc4c9e9e771277a3f.jpg HTTP/1.1" 200 11213
INFO 2026-07-15 21:18:59,662 basehttp 20116 17796 "GET /media/CACHE/images/products/1000526983/59a2f0e6a76fb3a0abaf510e68d6861f.jpg HTTP/1.1" 200 12454
INFO 2026-07-15 21:18:59,663 basehttp 20116 19852 "GET /media/CACHE/images/products/1000526984/2679c5d1935863a487471bfaaebbd5f6.jpg HTTP/1.1" 200 11341
INFO 2026-07-15 21:19:01,407 basehttp 20116 19852 "GET /shop/?category=powerbanks HTTP/1.1" 200 74498
INFO 2026-07-15 21:19:04,871 basehttp 20116 23876 "GET /media/products/1000525145.png HTTP/1.1" 200 203853
INFO 2026-07-15 21:19:06,214 basehttp 20116 19852 - Broken pipe from ('127.0.0.1', 57426)
INFO 2026-07-15 21:19:06,215 basehttp 20116 23876 - Broken pipe from ('127.0.0.1', 56024)
INFO 2026-07-15 21:19:06,215 basehttp 20116 12304 - Broken pipe from ('127.0.0.1', 52660)
INFO 2026-07-15 21:19:06,215 basehttp 20116 25060 - Broken pipe from ('127.0.0.1', 56025)
INFO 2026-07-15 21:19:06,215 basehttp 20116 13904 - Broken pipe from ('127.0.0.1', 52662)
INFO 2026-07-15 21:19:06,316 basehttp 20116 3948 "GET /shop/?category=smart-watches HTTP/1.1" 200 80641
INFO 2026-07-15 21:19:06,413 basehttp 20116 17796 - Broken pipe from ('127.0.0.1', 62671)
INFO 2026-07-15 21:19:08,576 basehttp 20116 3948 "GET /media/products/1000525144.png HTTP/1.1" 200 152901
INFO 2026-07-15 21:19:08,888 basehttp 20116 19392 "GET /media/products/1000525137.png HTTP/1.1" 200 183780
INFO 2026-07-15 21:19:08,889 basehttp 20116 26324 "GET /media/products/1000525139.png HTTP/1.1" 200 163867
INFO 2026-07-15 21:19:08,890 basehttp 20116 25968 "GET /media/products/1000526975.jpg HTTP/1.1" 200 166223
INFO 2026-07-15 21:19:09,213 basehttp 20116 12700 "GET /media/products/1000533259.jpg HTTP/1.1" 200 75741
INFO 2026-07-15 21:19:09,230 basehttp 20116 8012 "POST /basket/add/36/ HTTP/1.1" 200 58
INFO 2026-07-15 21:19:09,310 basehttp 20116 22672 "POST /basket/add/36/ HTTP/1.1" 200 58
INFO 2026-07-15 21:19:09,503 basehttp 20116 25460 "GET /media/products/1000525605.png HTTP/1.1" 200 189304
INFO 2026-07-15 21:19:09,806 basehttp 20116 21164 "GET /media/products/1000525136.png HTTP/1.1" 200 253871
INFO 2026-07-15 21:19:13,824 basehttp 20116 12700 "GET /media/products/1000520279.jpg HTTP/1.1" 200 144846
INFO 2026-07-15 21:19:14,161 basehttp 20116 26324 "GET /media/products/1000520281.jpg HTTP/1.1" 200 145300
ERROR 2026-07-15 21:19:14,696 log 20116 22672 Internal Server Error: /basket/
Traceback (most recent call last):
  File "C:\Users\Hp\Desktop\ORAIMOTECH\venv\Lib\site-packages\django\core\handlers\exception.py", line 55, in inner
    response = get_response(request)
               ^^^^^^^^^^^^^^^^^^^^^
  File "C:\Users\Hp\Desktop\ORAIMOTECH\venv\Lib\site-packages\django\core\handlers\base.py", line 197, in _get_response
    response = wrapped_callback(request, *callback_args, **callback_kwargs)
               ^^^^^^^^^^^^^^^^^^^^^^^^^^^^^^^^^^^^^^^^^^^^^^^^^^^^^^^^^^^^
  File "C:\Users\Hp\Desktop\ORAIMOTECH\basket\views.py", line 10, in basket_detail
    return render(request, 'basket/detail.html', {'basket': basket})
           ^^^^^^^^^^^^^^^^^^^^^^^^^^^^^^^^^^^^^^^^^^^^^^^^^^^^^^^^^
  File "C:\Users\Hp\Desktop\ORAIMOTECH\venv\Lib\site-packages\django\shortcuts.py", line 24, in render
    content = loader.render_to_string(template_name, context, request, using=using)
              ^^^^^^^^^^^^^^^^^^^^^^^^^^^^^^^^^^^^^^^^^^^^^^^^^^^^^^^^^^^^^^^^^^^^^
  File "C:\Users\Hp\Desktop\ORAIMOTECH\venv\Lib\site-packages\django\template\loader.py", line 62, in render_to_string
    return template.render(context, request)
           ^^^^^^^^^^^^^^^^^^^^^^^^^^^^^^^^^
  File "C:\Users\Hp\Desktop\ORAIMOTECH\venv\Lib\site-packages\django\template\backends\django.py", line 61, in render
    return self.template.render(context)
           ^^^^^^^^^^^^^^^^^^^^^^^^^^^^^
  File "C:\Users\Hp\Desktop\ORAIMOTECH\venv\Lib\site-packages\django\template\base.py", line 171, in render
    return self._render(context)
           ^^^^^^^^^^^^^^^^^^^^^
  File "C:\Users\Hp\Desktop\ORAIMOTECH\venv\Lib\site-packages\django\template\base.py", line 163, in _render
    return self.nodelist.render(context)
           ^^^^^^^^^^^^^^^^^^^^^^^^^^^^^
  File "C:\Users\Hp\Desktop\ORAIMOTECH\venv\Lib\site-packages\django\template\base.py", line 1000, in render
    return SafeString("".join([node.render_annotated(context) for node in self]))
                              ^^^^^^^^^^^^^^^^^^^^^^^^^^^^^^^^^^^^^^^^^^^^^^^^^
  File "C:\Users\Hp\Desktop\ORAIMOTECH\venv\Lib\site-packages\django\template\base.py", line 1000, in <listcomp>
    return SafeString("".join([node.render_annotated(context) for node in self]))
                               ^^^^^^^^^^^^^^^^^^^^^^^^^^^^^^
  File "C:\Users\Hp\Desktop\ORAIMOTECH\venv\Lib\site-packages\django\template\base.py", line 961, in render_annotated
    return self.render(context)
           ^^^^^^^^^^^^^^^^^^^^
  File "C:\Users\Hp\Desktop\ORAIMOTECH\venv\Lib\site-packages\django\template\loader_tags.py", line 159, in render
    return compiled_parent._render(context)
           ^^^^^^^^^^^^^^^^^^^^^^^^^^^^^^^^
  File "C:\Users\Hp\Desktop\ORAIMOTECH\venv\Lib\site-packages\django\template\base.py", line 163, in _render
    return self.nodelist.render(context)
           ^^^^^^^^^^^^^^^^^^^^^^^^^^^^^
  File "C:\Users\Hp\Desktop\ORAIMOTECH\venv\Lib\site-packages\django\template\base.py", line 1000, in render
    return SafeString("".join([node.render_annotated(context) for node in self]))
                              ^^^^^^^^^^^^^^^^^^^^^^^^^^^^^^^^^^^^^^^^^^^^^^^^^
  File "C:\Users\Hp\Desktop\ORAIMOTECH\venv\Lib\site-packages\django\template\base.py", line 1000, in <listcomp>
    return SafeString("".join([node.render_annotated(context) for node in self]))
                               ^^^^^^^^^^^^^^^^^^^^^^^^^^^^^^
  File "C:\Users\Hp\Desktop\ORAIMOTECH\venv\Lib\site-packages\django\template\base.py", line 961, in render_annotated
    return self.render(context)
           ^^^^^^^^^^^^^^^^^^^^
  File "C:\Users\Hp\Desktop\ORAIMOTECH\venv\Lib\site-packages\django\template\loader_tags.py", line 65, in render
    result = block.nodelist.render(context)
             ^^^^^^^^^^^^^^^^^^^^^^^^^^^^^^
  File "C:\Users\Hp\Desktop\ORAIMOTECH\venv\Lib\site-packages\django\template\base.py", line 1000, in render
    return SafeString("".join([node.render_annotated(context) for node in self]))
                              ^^^^^^^^^^^^^^^^^^^^^^^^^^^^^^^^^^^^^^^^^^^^^^^^^
  File "C:\Users\Hp\Desktop\ORAIMOTECH\venv\Lib\site-packages\django\template\base.py", line 1000, in <listcomp>
    return SafeString("".join([node.render_annotated(context) for node in self]))
                               ^^^^^^^^^^^^^^^^^^^^^^^^^^^^^^
  File "C:\Users\Hp\Desktop\ORAIMOTECH\venv\Lib\site-packages\django\template\base.py", line 961, in render_annotated
    return self.render(context)
           ^^^^^^^^^^^^^^^^^^^^
  File "C:\Users\Hp\Desktop\ORAIMOTECH\venv\Lib\site-packages\django\template\defaulttags.py", line 325, in render
    return nodelist.render(context)
           ^^^^^^^^^^^^^^^^^^^^^^^^
  File "C:\Users\Hp\Desktop\ORAIMOTECH\venv\Lib\site-packages\django\template\base.py", line 1000, in render
    return SafeString("".join([node.render_annotated(context) for node in self]))
                              ^^^^^^^^^^^^^^^^^^^^^^^^^^^^^^^^^^^^^^^^^^^^^^^^^
  File "C:\Users\Hp\Desktop\ORAIMOTECH\venv\Lib\site-packages\django\template\base.py", line 1000, in <listcomp>
    return SafeString("".join([node.render_annotated(context) for node in self]))
                               ^^^^^^^^^^^^^^^^^^^^^^^^^^^^^^
  File "C:\Users\Hp\Desktop\ORAIMOTECH\venv\Lib\site-packages\django\template\base.py", line 961, in render_annotated
    return self.render(context)
           ^^^^^^^^^^^^^^^^^^^^
  File "C:\Users\Hp\Desktop\ORAIMOTECH\venv\Lib\site-packages\django\template\defaulttags.py", line 478, in render
    url = reverse(view_name, args=args, kwargs=kwargs, current_app=current_app)
          ^^^^^^^^^^^^^^^^^^^^^^^^^^^^^^^^^^^^^^^^^^^^^^^^^^^^^^^^^^^^^^^^^^^^^
  File "C:\Users\Hp\Desktop\ORAIMOTECH\venv\Lib\site-packages\django\urls\base.py", line 88, in reverse
    return resolver._reverse_with_prefix(view, prefix, *args, **kwargs)
           ^^^^^^^^^^^^^^^^^^^^^^^^^^^^^^^^^^^^^^^^^^^^^^^^^^^^^^^^^^^^
  File "C:\Users\Hp\Desktop\ORAIMOTECH\venv\Lib\site-packages\django\urls\resolvers.py", line 848, in _reverse_with_prefix
    raise NoReverseMatch(msg)
django.urls.exceptions.NoReverseMatch: Reverse for 'checkout_page' not found. 'checkout_page' is not a valid view function or pattern name.
ERROR 2026-07-15 21:19:14,696 log 20116 22672 Internal Server Error: /basket/
Traceback (most recent call last):
  File "C:\Users\Hp\Desktop\ORAIMOTECH\venv\Lib\site-packages\django\core\handlers\exception.py", line 55, in inner
    response = get_response(request)
               ^^^^^^^^^^^^^^^^^^^^^
  File "C:\Users\Hp\Desktop\ORAIMOTECH\venv\Lib\site-packages\django\core\handlers\base.py", line 197, in _get_response
    response = wrapped_callback(request, *callback_args, **callback_kwargs)
               ^^^^^^^^^^^^^^^^^^^^^^^^^^^^^^^^^^^^^^^^^^^^^^^^^^^^^^^^^^^^
  File "C:\Users\Hp\Desktop\ORAIMOTECH\basket\views.py", line 10, in basket_detail
    return render(request, 'basket/detail.html', {'basket': basket})
           ^^^^^^^^^^^^^^^^^^^^^^^^^^^^^^^^^^^^^^^^^^^^^^^^^^^^^^^^^
  File "C:\Users\Hp\Desktop\ORAIMOTECH\venv\Lib\site-packages\django\shortcuts.py", line 24, in render
    content = loader.render_to_string(template_name, context, request, using=using)
              ^^^^^^^^^^^^^^^^^^^^^^^^^^^^^^^^^^^^^^^^^^^^^^^^^^^^^^^^^^^^^^^^^^^^^
  File "C:\Users\Hp\Desktop\ORAIMOTECH\venv\Lib\site-packages\django\template\loader.py", line 62, in render_to_string
    return template.render(context, request)
           ^^^^^^^^^^^^^^^^^^^^^^^^^^^^^^^^^
  File "C:\Users\Hp\Desktop\ORAIMOTECH\venv\Lib\site-packages\django\template\backends\django.py", line 61, in render
    return self.template.render(context)
           ^^^^^^^^^^^^^^^^^^^^^^^^^^^^^
  File "C:\Users\Hp\Desktop\ORAIMOTECH\venv\Lib\site-packages\django\template\base.py", line 171, in render
    return self._render(context)
           ^^^^^^^^^^^^^^^^^^^^^
  File "C:\Users\Hp\Desktop\ORAIMOTECH\venv\Lib\site-packages\django\template\base.py", line 163, in _render
    return self.nodelist.render(context)
           ^^^^^^^^^^^^^^^^^^^^^^^^^^^^^
  File "C:\Users\Hp\Desktop\ORAIMOTECH\venv\Lib\site-packages\django\template\base.py", line 1000, in render
    return SafeString("".join([node.render_annotated(context) for node in self]))
                              ^^^^^^^^^^^^^^^^^^^^^^^^^^^^^^^^^^^^^^^^^^^^^^^^^
  File "C:\Users\Hp\Desktop\ORAIMOTECH\venv\Lib\site-packages\django\template\base.py", line 1000, in <listcomp>
    return SafeString("".join([node.render_annotated(context) for node in self]))
                               ^^^^^^^^^^^^^^^^^^^^^^^^^^^^^^
  File "C:\Users\Hp\Desktop\ORAIMOTECH\venv\Lib\site-packages\django\template\base.py", line 961, in render_annotated
    return self.render(context)
           ^^^^^^^^^^^^^^^^^^^^
  File "C:\Users\Hp\Desktop\ORAIMOTECH\venv\Lib\site-packages\django\template\loader_tags.py", line 159, in render
    return compiled_parent._render(context)
           ^^^^^^^^^^^^^^^^^^^^^^^^^^^^^^^^
  File "C:\Users\Hp\Desktop\ORAIMOTECH\venv\Lib\site-packages\django\template\base.py", line 163, in _render
    return self.nodelist.render(context)
           ^^^^^^^^^^^^^^^^^^^^^^^^^^^^^
  File "C:\Users\Hp\Desktop\ORAIMOTECH\venv\Lib\site-packages\django\template\base.py", line 1000, in render
    return SafeString("".join([node.render_annotated(context) for node in self]))
                              ^^^^^^^^^^^^^^^^^^^^^^^^^^^^^^^^^^^^^^^^^^^^^^^^^
  File "C:\Users\Hp\Desktop\ORAIMOTECH\venv\Lib\site-packages\django\template\base.py", line 1000, in <listcomp>
    return SafeString("".join([node.render_annotated(context) for node in self]))
                               ^^^^^^^^^^^^^^^^^^^^^^^^^^^^^^
  File "C:\Users\Hp\Desktop\ORAIMOTECH\venv\Lib\site-packages\django\template\base.py", line 961, in render_annotated
    return self.render(context)
           ^^^^^^^^^^^^^^^^^^^^
  File "C:\Users\Hp\Desktop\ORAIMOTECH\venv\Lib\site-packages\django\template\loader_tags.py", line 65, in render
    result = block.nodelist.render(context)
             ^^^^^^^^^^^^^^^^^^^^^^^^^^^^^^
  File "C:\Users\Hp\Desktop\ORAIMOTECH\venv\Lib\site-packages\django\template\base.py", line 1000, in render
    return SafeString("".join([node.render_annotated(context) for node in self]))
                              ^^^^^^^^^^^^^^^^^^^^^^^^^^^^^^^^^^^^^^^^^^^^^^^^^
  File "C:\Users\Hp\Desktop\ORAIMOTECH\venv\Lib\site-packages\django\template\base.py", line 1000, in <listcomp>
    return SafeString("".join([node.render_annotated(context) for node in self]))
                               ^^^^^^^^^^^^^^^^^^^^^^^^^^^^^^
  File "C:\Users\Hp\Desktop\ORAIMOTECH\venv\Lib\site-packages\django\template\base.py", line 961, in render_annotated
    return self.render(context)
           ^^^^^^^^^^^^^^^^^^^^
  File "C:\Users\Hp\Desktop\ORAIMOTECH\venv\Lib\site-packages\django\template\defaulttags.py", line 325, in render
    return nodelist.render(context)
           ^^^^^^^^^^^^^^^^^^^^^^^^
  File "C:\Users\Hp\Desktop\ORAIMOTECH\venv\Lib\site-packages\django\template\base.py", line 1000, in render
    return SafeString("".join([node.render_annotated(context) for node in self]))
                              ^^^^^^^^^^^^^^^^^^^^^^^^^^^^^^^^^^^^^^^^^^^^^^^^^
  File "C:\Users\Hp\Desktop\ORAIMOTECH\venv\Lib\site-packages\django\template\base.py", line 1000, in <listcomp>
    return SafeString("".join([node.render_annotated(context) for node in self]))
                               ^^^^^^^^^^^^^^^^^^^^^^^^^^^^^^
  File "C:\Users\Hp\Desktop\ORAIMOTECH\venv\Lib\site-packages\django\template\base.py", line 961, in render_annotated
    return self.render(context)
           ^^^^^^^^^^^^^^^^^^^^
  File "C:\Users\Hp\Desktop\ORAIMOTECH\venv\Lib\site-packages\django\template\defaulttags.py", line 478, in render
    url = reverse(view_name, args=args, kwargs=kwargs, current_app=current_app)
          ^^^^^^^^^^^^^^^^^^^^^^^^^^^^^^^^^^^^^^^^^^^^^^^^^^^^^^^^^^^^^^^^^^^^^
  File "C:\Users\Hp\Desktop\ORAIMOTECH\venv\Lib\site-packages\django\urls\base.py", line 88, in reverse
    return resolver._reverse_with_prefix(view, prefix, *args, **kwargs)
           ^^^^^^^^^^^^^^^^^^^^^^^^^^^^^^^^^^^^^^^^^^^^^^^^^^^^^^^^^^^^
  File "C:\Users\Hp\Desktop\ORAIMOTECH\venv\Lib\site-packages\django\urls\resolvers.py", line 848, in _reverse_with_prefix
    raise NoReverseMatch(msg)
django.urls.exceptions.NoReverseMatch: Reverse for 'checkout_page' not found. 'checkout_page' is not a valid view function or pattern name.
ERROR 2026-07-15 21:19:14,724 basehttp 20116 22672 "GET /basket/ HTTP/1.1" 500 196790
INFO 2026-07-15 21:19:16,324 basehttp 20116 21572 "GET /media/products/1000520278.jpg HTTP/1.1" 200 520053
INFO 2026-07-15 21:19:19,121 basehttp 20116 25460 "POST /basket/add/31/ HTTP/1.1" 200 58
INFO 2026-07-15 21:19:19,122 basehttp 20116 21164 "POST /basket/add/31/ HTTP/1.1" 200 58
INFO 2026-07-15 21:19:20,906 basehttp 20116 3948 "GET /media/products/1000520280.jpg HTTP/1.1" 200 899316
ERROR 2026-07-15 21:19:26,646 log 20116 25460 Internal Server Error: /basket/
Traceback (most recent call last):
  File "C:\Users\Hp\Desktop\ORAIMOTECH\venv\Lib\site-packages\django\core\handlers\exception.py", line 55, in inner
    response = get_response(request)
               ^^^^^^^^^^^^^^^^^^^^^
  File "C:\Users\Hp\Desktop\ORAIMOTECH\venv\Lib\site-packages\django\core\handlers\base.py", line 197, in _get_response
    response = wrapped_callback(request, *callback_args, **callback_kwargs)
               ^^^^^^^^^^^^^^^^^^^^^^^^^^^^^^^^^^^^^^^^^^^^^^^^^^^^^^^^^^^^
  File "C:\Users\Hp\Desktop\ORAIMOTECH\basket\views.py", line 10, in basket_detail
    return render(request, 'basket/detail.html', {'basket': basket})
           ^^^^^^^^^^^^^^^^^^^^^^^^^^^^^^^^^^^^^^^^^^^^^^^^^^^^^^^^^
  File "C:\Users\Hp\Desktop\ORAIMOTECH\venv\Lib\site-packages\django\shortcuts.py", line 24, in render
    content = loader.render_to_string(template_name, context, request, using=using)
              ^^^^^^^^^^^^^^^^^^^^^^^^^^^^^^^^^^^^^^^^^^^^^^^^^^^^^^^^^^^^^^^^^^^^^
  File "C:\Users\Hp\Desktop\ORAIMOTECH\venv\Lib\site-packages\django\template\loader.py", line 62, in render_to_string
    return template.render(context, request)
           ^^^^^^^^^^^^^^^^^^^^^^^^^^^^^^^^^
  File "C:\Users\Hp\Desktop\ORAIMOTECH\venv\Lib\site-packages\django\template\backends\django.py", line 61, in render
    return self.template.render(context)
           ^^^^^^^^^^^^^^^^^^^^^^^^^^^^^
  File "C:\Users\Hp\Desktop\ORAIMOTECH\venv\Lib\site-packages\django\template\base.py", line 171, in render
    return self._render(context)
           ^^^^^^^^^^^^^^^^^^^^^
  File "C:\Users\Hp\Desktop\ORAIMOTECH\venv\Lib\site-packages\django\template\base.py", line 163, in _render
    return self.nodelist.render(context)
           ^^^^^^^^^^^^^^^^^^^^^^^^^^^^^
  File "C:\Users\Hp\Desktop\ORAIMOTECH\venv\Lib\site-packages\django\template\base.py", line 1000, in render
    return SafeString("".join([node.render_annotated(context) for node in self]))
                              ^^^^^^^^^^^^^^^^^^^^^^^^^^^^^^^^^^^^^^^^^^^^^^^^^
  File "C:\Users\Hp\Desktop\ORAIMOTECH\venv\Lib\site-packages\django\template\base.py", line 1000, in <listcomp>
    return SafeString("".join([node.render_annotated(context) for node in self]))
                               ^^^^^^^^^^^^^^^^^^^^^^^^^^^^^^
  File "C:\Users\Hp\Desktop\ORAIMOTECH\venv\Lib\site-packages\django\template\base.py", line 961, in render_annotated
    return self.render(context)
           ^^^^^^^^^^^^^^^^^^^^
  File "C:\Users\Hp\Desktop\ORAIMOTECH\venv\Lib\site-packages\django\template\loader_tags.py", line 159, in render
    return compiled_parent._render(context)
           ^^^^^^^^^^^^^^^^^^^^^^^^^^^^^^^^
  File "C:\Users\Hp\Desktop\ORAIMOTECH\venv\Lib\site-packages\django\template\base.py", line 163, in _render
    return self.nodelist.render(context)
           ^^^^^^^^^^^^^^^^^^^^^^^^^^^^^
  File "C:\Users\Hp\Desktop\ORAIMOTECH\venv\Lib\site-packages\django\template\base.py", line 1000, in render
    return SafeString("".join([node.render_annotated(context) for node in self]))
                              ^^^^^^^^^^^^^^^^^^^^^^^^^^^^^^^^^^^^^^^^^^^^^^^^^
  File "C:\Users\Hp\Desktop\ORAIMOTECH\venv\Lib\site-packages\django\template\base.py", line 1000, in <listcomp>
    return SafeString("".join([node.render_annotated(context) for node in self]))
                               ^^^^^^^^^^^^^^^^^^^^^^^^^^^^^^
  File "C:\Users\Hp\Desktop\ORAIMOTECH\venv\Lib\site-packages\django\template\base.py", line 961, in render_annotated
    return self.render(context)
           ^^^^^^^^^^^^^^^^^^^^
  File "C:\Users\Hp\Desktop\ORAIMOTECH\venv\Lib\site-packages\django\template\loader_tags.py", line 65, in render
    result = block.nodelist.render(context)
             ^^^^^^^^^^^^^^^^^^^^^^^^^^^^^^
  File "C:\Users\Hp\Desktop\ORAIMOTECH\venv\Lib\site-packages\django\template\base.py", line 1000, in render
    return SafeString("".join([node.render_annotated(context) for node in self]))
                              ^^^^^^^^^^^^^^^^^^^^^^^^^^^^^^^^^^^^^^^^^^^^^^^^^
  File "C:\Users\Hp\Desktop\ORAIMOTECH\venv\Lib\site-packages\django\template\base.py", line 1000, in <listcomp>
    return SafeString("".join([node.render_annotated(context) for node in self]))
                               ^^^^^^^^^^^^^^^^^^^^^^^^^^^^^^
  File "C:\Users\Hp\Desktop\ORAIMOTECH\venv\Lib\site-packages\django\template\base.py", line 961, in render_annotated
    return self.render(context)
           ^^^^^^^^^^^^^^^^^^^^
  File "C:\Users\Hp\Desktop\ORAIMOTECH\venv\Lib\site-packages\django\template\defaulttags.py", line 325, in render
    return nodelist.render(context)
           ^^^^^^^^^^^^^^^^^^^^^^^^
  File "C:\Users\Hp\Desktop\ORAIMOTECH\venv\Lib\site-packages\django\template\base.py", line 1000, in render
    return SafeString("".join([node.render_annotated(context) for node in self]))
                              ^^^^^^^^^^^^^^^^^^^^^^^^^^^^^^^^^^^^^^^^^^^^^^^^^
  File "C:\Users\Hp\Desktop\ORAIMOTECH\venv\Lib\site-packages\django\template\base.py", line 1000, in <listcomp>
    return SafeString("".join([node.render_annotated(context) for node in self]))
                               ^^^^^^^^^^^^^^^^^^^^^^^^^^^^^^
  File "C:\Users\Hp\Desktop\ORAIMOTECH\venv\Lib\site-packages\django\template\base.py", line 961, in render_annotated
    return self.render(context)
           ^^^^^^^^^^^^^^^^^^^^
  File "C:\Users\Hp\Desktop\ORAIMOTECH\venv\Lib\site-packages\django\template\defaulttags.py", line 478, in render
    url = reverse(view_name, args=args, kwargs=kwargs, current_app=current_app)
          ^^^^^^^^^^^^^^^^^^^^^^^^^^^^^^^^^^^^^^^^^^^^^^^^^^^^^^^^^^^^^^^^^^^^^
  File "C:\Users\Hp\Desktop\ORAIMOTECH\venv\Lib\site-packages\django\urls\base.py", line 88, in reverse
    return resolver._reverse_with_prefix(view, prefix, *args, **kwargs)
           ^^^^^^^^^^^^^^^^^^^^^^^^^^^^^^^^^^^^^^^^^^^^^^^^^^^^^^^^^^^^
  File "C:\Users\Hp\Desktop\ORAIMOTECH\venv\Lib\site-packages\django\urls\resolvers.py", line 848, in _reverse_with_prefix
    raise NoReverseMatch(msg)
django.urls.exceptions.NoReverseMatch: Reverse for 'checkout_page' not found. 'checkout_page' is not a valid view function or pattern name.
ERROR 2026-07-15 21:19:26,646 log 20116 25460 Internal Server Error: /basket/
Traceback (most recent call last):
  File "C:\Users\Hp\Desktop\ORAIMOTECH\venv\Lib\site-packages\django\core\handlers\exception.py", line 55, in inner
    response = get_response(request)
               ^^^^^^^^^^^^^^^^^^^^^
  File "C:\Users\Hp\Desktop\ORAIMOTECH\venv\Lib\site-packages\django\core\handlers\base.py", line 197, in _get_response
    response = wrapped_callback(request, *callback_args, **callback_kwargs)
               ^^^^^^^^^^^^^^^^^^^^^^^^^^^^^^^^^^^^^^^^^^^^^^^^^^^^^^^^^^^^
  File "C:\Users\Hp\Desktop\ORAIMOTECH\basket\views.py", line 10, in basket_detail
    return render(request, 'basket/detail.html', {'basket': basket})
           ^^^^^^^^^^^^^^^^^^^^^^^^^^^^^^^^^^^^^^^^^^^^^^^^^^^^^^^^^
  File "C:\Users\Hp\Desktop\ORAIMOTECH\venv\Lib\site-packages\django\shortcuts.py", line 24, in render
    content = loader.render_to_string(template_name, context, request, using=using)
              ^^^^^^^^^^^^^^^^^^^^^^^^^^^^^^^^^^^^^^^^^^^^^^^^^^^^^^^^^^^^^^^^^^^^^
  File "C:\Users\Hp\Desktop\ORAIMOTECH\venv\Lib\site-packages\django\template\loader.py", line 62, in render_to_string
    return template.render(context, request)
           ^^^^^^^^^^^^^^^^^^^^^^^^^^^^^^^^^
  File "C:\Users\Hp\Desktop\ORAIMOTECH\venv\Lib\site-packages\django\template\backends\django.py", line 61, in render
    return self.template.render(context)
           ^^^^^^^^^^^^^^^^^^^^^^^^^^^^^
  File "C:\Users\Hp\Desktop\ORAIMOTECH\venv\Lib\site-packages\django\template\base.py", line 171, in render
    return self._render(context)
           ^^^^^^^^^^^^^^^^^^^^^
  File "C:\Users\Hp\Desktop\ORAIMOTECH\venv\Lib\site-packages\django\template\base.py", line 163, in _render
    return self.nodelist.render(context)
           ^^^^^^^^^^^^^^^^^^^^^^^^^^^^^
  File "C:\Users\Hp\Desktop\ORAIMOTECH\venv\Lib\site-packages\django\template\base.py", line 1000, in render
    return SafeString("".join([node.render_annotated(context) for node in self]))
                              ^^^^^^^^^^^^^^^^^^^^^^^^^^^^^^^^^^^^^^^^^^^^^^^^^
  File "C:\Users\Hp\Desktop\ORAIMOTECH\venv\Lib\site-packages\django\template\base.py", line 1000, in <listcomp>
    return SafeString("".join([node.render_annotated(context) for node in self]))
                               ^^^^^^^^^^^^^^^^^^^^^^^^^^^^^^
  File "C:\Users\Hp\Desktop\ORAIMOTECH\venv\Lib\site-packages\django\template\base.py", line 961, in render_annotated
    return self.render(context)
           ^^^^^^^^^^^^^^^^^^^^
  File "C:\Users\Hp\Desktop\ORAIMOTECH\venv\Lib\site-packages\django\template\loader_tags.py", line 159, in render
    return compiled_parent._render(context)
           ^^^^^^^^^^^^^^^^^^^^^^^^^^^^^^^^
  File "C:\Users\Hp\Desktop\ORAIMOTECH\venv\Lib\site-packages\django\template\base.py", line 163, in _render
    return self.nodelist.render(context)
           ^^^^^^^^^^^^^^^^^^^^^^^^^^^^^
  File "C:\Users\Hp\Desktop\ORAIMOTECH\venv\Lib\site-packages\django\template\base.py", line 1000, in render
    return SafeString("".join([node.render_annotated(context) for node in self]))
                              ^^^^^^^^^^^^^^^^^^^^^^^^^^^^^^^^^^^^^^^^^^^^^^^^^
  File "C:\Users\Hp\Desktop\ORAIMOTECH\venv\Lib\site-packages\django\template\base.py", line 1000, in <listcomp>
    return SafeString("".join([node.render_annotated(context) for node in self]))
                               ^^^^^^^^^^^^^^^^^^^^^^^^^^^^^^
  File "C:\Users\Hp\Desktop\ORAIMOTECH\venv\Lib\site-packages\django\template\base.py", line 961, in render_annotated
    return self.render(context)
           ^^^^^^^^^^^^^^^^^^^^
  File "C:\Users\Hp\Desktop\ORAIMOTECH\venv\Lib\site-packages\django\template\loader_tags.py", line 65, in render
    result = block.nodelist.render(context)
             ^^^^^^^^^^^^^^^^^^^^^^^^^^^^^^
  File "C:\Users\Hp\Desktop\ORAIMOTECH\venv\Lib\site-packages\django\template\base.py", line 1000, in render
    return SafeString("".join([node.render_annotated(context) for node in self]))
                              ^^^^^^^^^^^^^^^^^^^^^^^^^^^^^^^^^^^^^^^^^^^^^^^^^
  File "C:\Users\Hp\Desktop\ORAIMOTECH\venv\Lib\site-packages\django\template\base.py", line 1000, in <listcomp>
    return SafeString("".join([node.render_annotated(context) for node in self]))
                               ^^^^^^^^^^^^^^^^^^^^^^^^^^^^^^
  File "C:\Users\Hp\Desktop\ORAIMOTECH\venv\Lib\site-packages\django\template\base.py", line 961, in render_annotated
    return self.render(context)
           ^^^^^^^^^^^^^^^^^^^^
  File "C:\Users\Hp\Desktop\ORAIMOTECH\venv\Lib\site-packages\django\template\defaulttags.py", line 325, in render
    return nodelist.render(context)
           ^^^^^^^^^^^^^^^^^^^^^^^^
  File "C:\Users\Hp\Desktop\ORAIMOTECH\venv\Lib\site-packages\django\template\base.py", line 1000, in render
    return SafeString("".join([node.render_annotated(context) for node in self]))
                              ^^^^^^^^^^^^^^^^^^^^^^^^^^^^^^^^^^^^^^^^^^^^^^^^^
  File "C:\Users\Hp\Desktop\ORAIMOTECH\venv\Lib\site-packages\django\template\base.py", line 1000, in <listcomp>
    return SafeString("".join([node.render_annotated(context) for node in self]))
                               ^^^^^^^^^^^^^^^^^^^^^^^^^^^^^^
  File "C:\Users\Hp\Desktop\ORAIMOTECH\venv\Lib\site-packages\django\template\base.py", line 961, in render_annotated
    return self.render(context)
           ^^^^^^^^^^^^^^^^^^^^
  File "C:\Users\Hp\Desktop\ORAIMOTECH\venv\Lib\site-packages\django\template\defaulttags.py", line 478, in render
    url = reverse(view_name, args=args, kwargs=kwargs, current_app=current_app)
          ^^^^^^^^^^^^^^^^^^^^^^^^^^^^^^^^^^^^^^^^^^^^^^^^^^^^^^^^^^^^^^^^^^^^^
  File "C:\Users\Hp\Desktop\ORAIMOTECH\venv\Lib\site-packages\django\urls\base.py", line 88, in reverse
    return resolver._reverse_with_prefix(view, prefix, *args, **kwargs)
           ^^^^^^^^^^^^^^^^^^^^^^^^^^^^^^^^^^^^^^^^^^^^^^^^^^^^^^^^^^^^
  File "C:\Users\Hp\Desktop\ORAIMOTECH\venv\Lib\site-packages\django\urls\resolvers.py", line 848, in _reverse_with_prefix
    raise NoReverseMatch(msg)
django.urls.exceptions.NoReverseMatch: Reverse for 'checkout_page' not found. 'checkout_page' is not a valid view function or pattern name.
ERROR 2026-07-15 21:19:26,668 basehttp 20116 25460 "GET /basket/ HTTP/1.1" 500 195970
INFO 2026-07-15 21:19:56,940 autoreload 20116 25904 C:\Users\Hp\Desktop\ORAIMOTECH\checkout\urls.py changed, reloading.
INFO 2026-07-15 21:19:59,707 autoreload 26496 3832 Watching for file changes with StatReloader
INFO 2026-07-15 21:23:46,211 autoreload 26496 3832 C:\Users\Hp\Desktop\ORAIMOTECH\checkout\urls.py changed, reloading.
INFO 2026-07-15 21:23:47,977 autoreload 23112 23736 Watching for file changes with StatReloader
INFO 2026-07-15 21:24:02,821 autoreload 23112 23736 C:\Users\Hp\Desktop\ORAIMOTECH\checkout\urls.py changed, reloading.
INFO 2026-07-15 21:24:05,440 autoreload 22336 24016 Watching for file changes with StatReloader
INFO 2026-07-15 21:24:12,287 basehttp 22336 13064 "GET / HTTP/1.1" 200 100475
INFO 2026-07-15 21:24:17,866 basehttp 22336 13064 "GET /shop/ HTTP/1.1" 200 82387
INFO 2026-07-15 21:24:20,653 basehttp 22336 13064 "GET /media/products/1000526986.jpg HTTP/1.1" 200 564906
INFO 2026-07-15 21:24:20,663 basehttp 22336 25152 "GET /media/products/1000525145.png HTTP/1.1" 200 203853
INFO 2026-07-15 21:24:20,667 basehttp 22336 21960 "GET /media/products/1000526975.jpg HTTP/1.1" 200 166223
INFO 2026-07-15 21:24:20,669 basehttp 22336 9992 "GET /media/products/1000525144.png HTTP/1.1" 200 152901
INFO 2026-07-15 21:24:21,594 basehttp 22336 23184 "GET /media/products/1000526987.jpg HTTP/1.1" 200 200624
INFO 2026-07-15 21:24:33,120 basehttp 22336 18708 "GET /media/products/1000526984.jpg HTTP/1.1" 200 453928
INFO 2026-07-15 21:24:34,983 basehttp 22336 23992 "POST /basket/add/35/ HTTP/1.1" 200 58
INFO 2026-07-15 21:24:34,986 basehttp 22336 23080 "POST /basket/add/35/ HTTP/1.1" 200 58
INFO 2026-07-15 21:24:37,335 basehttp 22336 17824 "GET /media/products/1000526985.jpg HTTP/1.1" 200 587190
INFO 2026-07-15 21:24:41,567 basehttp 22336 19088 "GET /media/products/1000526968.jpg HTTP/1.1" 200 773432
INFO 2026-07-15 21:24:41,863 basehttp 22336 25172 "GET /media/products/1000533260.jpg HTTP/1.1" 200 748555
INFO 2026-07-15 21:24:41,868 basehttp 22336 22836 "GET /media/products/1000526983.jpg HTTP/1.1" 200 748398
INFO 2026-07-15 21:24:43,411 basehttp 22336 23992 "POST /basket/add/36/ HTTP/1.1" 200 59
INFO 2026-07-15 21:24:43,412 basehttp 22336 23080 "POST /basket/add/36/ HTTP/1.1" 200 59
INFO 2026-07-15 21:24:45,560 basehttp 22336 21664 "GET /media/products/1000526988.jpg HTTP/1.1" 200 953641
INFO 2026-07-15 21:24:48,667 basehttp 22336 2360 "GET /media/products/1000533308.jpg HTTP/1.1" 200 1048906
INFO 2026-07-15 21:24:48,908 basehttp 22336 23992 "GET /basket/ HTTP/1.1" 200 76261
INFO 2026-07-15 21:25:02,359 basehttp 22336 2360 - Broken pipe from ('127.0.0.1', 51481)
INFO 2026-07-15 21:25:06,894 basehttp 22336 21960 "GET /checkout/ HTTP/1.1" 200 75674
INFO 2026-07-15 21:25:16,179 basehttp 22336 13064 "GET /basket/ HTTP/1.1" 200 76261
INFO 2026-07-15 21:25:19,035 basehttp 22336 13064 "GET /shop/ HTTP/1.1" 200 82387
INFO 2026-07-15 21:25:22,524 basehttp 22336 13064 "GET /media/products/1000526985.jpg HTTP/1.1" 200 587190
INFO 2026-07-15 21:25:23,264 basehttp 22336 23736 "GET /media/products/1000526984.jpg HTTP/1.1" 200 453928
INFO 2026-07-15 21:25:23,650 basehttp 22336 20348 "GET /media/products/1000526983.jpg HTTP/1.1" 200 748398
INFO 2026-07-15 21:25:23,652 basehttp 22336 23684 "GET /media/products/1000533260.jpg HTTP/1.1" 200 748555
INFO 2026-07-15 21:25:23,654 basehttp 22336 26256 "GET /media/products/1000526968.jpg HTTP/1.1" 200 773432
INFO 2026-07-15 21:25:23,659 basehttp 22336 23080 "GET /media/products/1000526988.jpg HTTP/1.1" 200 953641
INFO 2026-07-15 21:25:24,761 basehttp 22336 25688 "GET / HTTP/1.1" 200 100475
INFO 2026-07-15 21:25:29,802 basehttp 22336 24648 "GET / HTTP/1.1" 200 100475
INFO 2026-07-15 21:25:30,716 basehttp 22336 16272 "GET / HTTP/1.1" 200 100475
INFO 2026-07-15 21:25:31,654 basehttp 22336 26144 "GET /media/products/1000533308.jpg HTTP/1.1" 200 1048906
INFO 2026-07-15 21:25:46,483 basehttp 22336 26144 - Broken pipe from ('127.0.0.1', 56240)
INFO 2026-07-15 21:25:48,500 basehttp 22336 26268 "GET / HTTP/1.1" 200 100475
WARNING 2026-07-15 21:25:51,721 basehttp 22336 26268 "GET /favicon.ico HTTP/1.1" 404 4207
INFO 2026-07-15 21:25:53,575 basehttp 22336 26268 "GET /media/CACHE/images/products/1000526988/297d1fbbf43ffd3ca8b68220c3a2f140.jpg HTTP/1.1" 200 13520
INFO 2026-07-15 21:25:53,580 basehttp 22336 4180 "GET /media/CACHE/images/products/1000526987/a6d5a5e42638bdf81f7b75683fe48a56.jpg HTTP/1.1" 200 13196
INFO 2026-07-15 21:25:55,335 basehttp 22336 26268 "GET /media/CACHE/images/products/1000526985/ea2101abe7212401b5af667637e000f4.jpg HTTP/1.1" 200 10022
INFO 2026-07-15 21:25:55,336 basehttp 22336 4180 "GET /media/CACHE/images/products/1000526986/4c42d7f070fd16fcc4c9e9e771277a3f.jpg HTTP/1.1" 200 11213
INFO 2026-07-15 21:25:55,953 basehttp 22336 26268 "GET /media/CACHE/images/products/1000526984/2679c5d1935863a487471bfaaebbd5f6.jpg HTTP/1.1" 200 11341
INFO 2026-07-15 21:25:55,955 basehttp 22336 4180 "GET /media/CACHE/images/products/1000526983/59a2f0e6a76fb3a0abaf510e68d6861f.jpg HTTP/1.1" 200 12454
INFO 2026-07-15 21:25:57,716 basehttp 22336 4180 "GET /media/CACHE/images/products/1000526975/d6f426988a94ff6a989535d30a8bdf11.jpg HTTP/1.1" 200 12139
INFO 2026-07-15 21:25:57,716 basehttp 22336 26268 "GET /media/CACHE/images/products/1000533260/cc9415acb28224a87fcc5efb6469a097.jpg HTTP/1.1" 200 13423
INFO 2026-07-15 21:26:03,856 basehttp 22336 4180 "GET /media/CACHE/images/products/1000526968/02476a1d1a2f6c83ad55fc518197d54c.jpg HTTP/1.1" 200 12929
INFO 2026-07-15 21:26:03,857 basehttp 22336 26268 "GET /media/CACHE/images/products/1000533308/fc6d17f5b32815bb45102d95fb074d4c.jpg HTTP/1.1" 200 13965
INFO 2026-07-15 21:26:05,088 basehttp 22336 26268 "GET /media/CACHE/images/products/1000525144/5e5e36fd76329969727589b2982273fa.jpg HTTP/1.1" 200 11712
INFO 2026-07-15 21:26:05,088 basehttp 22336 4180 "GET /media/CACHE/images/products/1000525145/b445642a1897efb9256f6606c12f861a.jpg HTTP/1.1" 200 16207
INFO 2026-07-15 21:26:05,395 basehttp 22336 23564 "GET /media/CACHE/images/products/1000525141/173d05edb9fc28ed5a313e885994fb8d.jpg HTTP/1.1" 200 12026
INFO 2026-07-15 21:26:05,395 basehttp 22336 12200 "GET /media/CACHE/images/products/1000525143/ec3192406c59c64742bd6703212d9588.jpg HTTP/1.1" 200 9515
INFO 2026-07-15 21:26:07,908 basehttp 22336 26268 "GET /media/CACHE/images/products/1000525139/e65d5659a406c50c9f3ccbddd26ed2ea.jpg HTTP/1.1" 200 13369
INFO 2026-07-15 21:26:07,909 basehttp 22336 4180 "GET /media/CACHE/images/products/1000525140/b6ce580056a4f7bf6bed510249a1d7ca.jpg HTTP/1.1" 200 14361
INFO 2026-07-15 21:26:12,298 basehttp 22336 26268 "POST /basket/add/36/ HTTP/1.1" 200 58
INFO 2026-07-15 21:26:12,342 basehttp 22336 4180 "POST /basket/add/36/ HTTP/1.1" 200 58
INFO 2026-07-15 21:26:18,488 basehttp 22336 4180 "GET / HTTP/1.1" 200 100475
INFO 2026-07-15 21:26:21,757 basehttp 22336 4180 "GET /basket/ HTTP/1.1" 200 74433
INFO 2026-07-15 21:26:23,604 basehttp 22336 4180 "GET /media/products/1000526987.jpg HTTP/1.1" 200 200624
INFO 2026-07-15 21:26:27,721 basehttp 22336 16272 "GET /basket/ HTTP/1.1" 200 76261
INFO 2026-07-15 21:26:28,169 basehttp 22336 4180 "GET /checkout/ HTTP/1.1" 200 75672
INFO 2026-07-15 21:27:38,222 basehttp 22336 16272 "GET /checkout/ HTTP/1.1" 200 75674
ERROR 2026-07-15 21:27:52,055 log 22336 5156 Internal Server Error: /checkout/
Traceback (most recent call last):
  File "C:\Users\Hp\Desktop\ORAIMOTECH\venv\Lib\site-packages\django\core\handlers\exception.py", line 55, in inner
    response = get_response(request)
               ^^^^^^^^^^^^^^^^^^^^^
  File "C:\Users\Hp\Desktop\ORAIMOTECH\venv\Lib\site-packages\django\core\handlers\base.py", line 197, in _get_response
    response = wrapped_callback(request, *callback_args, **callback_kwargs)
               ^^^^^^^^^^^^^^^^^^^^^^^^^^^^^^^^^^^^^^^^^^^^^^^^^^^^^^^^^^^^
  File "C:\Users\Hp\Desktop\ORAIMOTECH\checkout\views.py", line 103, in checkout_page
    return redirect('order_success', order_id=order_id)
           ^^^^^^^^^^^^^^^^^^^^^^^^^^^^^^^^^^^^^^^^^^^^
  File "C:\Users\Hp\Desktop\ORAIMOTECH\venv\Lib\site-packages\django\shortcuts.py", line 48, in redirect
    return redirect_class(resolve_url(to, *args, **kwargs))
                          ^^^^^^^^^^^^^^^^^^^^^^^^^^^^^^^^
  File "C:\Users\Hp\Desktop\ORAIMOTECH\venv\Lib\site-packages\django\shortcuts.py", line 179, in resolve_url
    return reverse(to, args=args, kwargs=kwargs)
           ^^^^^^^^^^^^^^^^^^^^^^^^^^^^^^^^^^^^^
  File "C:\Users\Hp\Desktop\ORAIMOTECH\venv\Lib\site-packages\django\urls\base.py", line 88, in reverse
    return resolver._reverse_with_prefix(view, prefix, *args, **kwargs)
           ^^^^^^^^^^^^^^^^^^^^^^^^^^^^^^^^^^^^^^^^^^^^^^^^^^^^^^^^^^^^
  File "C:\Users\Hp\Desktop\ORAIMOTECH\venv\Lib\site-packages\django\urls\resolvers.py", line 848, in _reverse_with_prefix
    raise NoReverseMatch(msg)
django.urls.exceptions.NoReverseMatch: Reverse for 'order_success' not found. 'order_success' is not a valid view function or pattern name.
ERROR 2026-07-15 21:27:52,055 log 22336 5156 Internal Server Error: /checkout/
Traceback (most recent call last):
  File "C:\Users\Hp\Desktop\ORAIMOTECH\venv\Lib\site-packages\django\core\handlers\exception.py", line 55, in inner
    response = get_response(request)
               ^^^^^^^^^^^^^^^^^^^^^
  File "C:\Users\Hp\Desktop\ORAIMOTECH\venv\Lib\site-packages\django\core\handlers\base.py", line 197, in _get_response
    response = wrapped_callback(request, *callback_args, **callback_kwargs)
               ^^^^^^^^^^^^^^^^^^^^^^^^^^^^^^^^^^^^^^^^^^^^^^^^^^^^^^^^^^^^
  File "C:\Users\Hp\Desktop\ORAIMOTECH\checkout\views.py", line 103, in checkout_page
    return redirect('order_success', order_id=order_id)
           ^^^^^^^^^^^^^^^^^^^^^^^^^^^^^^^^^^^^^^^^^^^^
  File "C:\Users\Hp\Desktop\ORAIMOTECH\venv\Lib\site-packages\django\shortcuts.py", line 48, in redirect
    return redirect_class(resolve_url(to, *args, **kwargs))
                          ^^^^^^^^^^^^^^^^^^^^^^^^^^^^^^^^
  File "C:\Users\Hp\Desktop\ORAIMOTECH\venv\Lib\site-packages\django\shortcuts.py", line 179, in resolve_url
    return reverse(to, args=args, kwargs=kwargs)
           ^^^^^^^^^^^^^^^^^^^^^^^^^^^^^^^^^^^^^
  File "C:\Users\Hp\Desktop\ORAIMOTECH\venv\Lib\site-packages\django\urls\base.py", line 88, in reverse
    return resolver._reverse_with_prefix(view, prefix, *args, **kwargs)
           ^^^^^^^^^^^^^^^^^^^^^^^^^^^^^^^^^^^^^^^^^^^^^^^^^^^^^^^^^^^^
  File "C:\Users\Hp\Desktop\ORAIMOTECH\venv\Lib\site-packages\django\urls\resolvers.py", line 848, in _reverse_with_prefix
    raise NoReverseMatch(msg)
django.urls.exceptions.NoReverseMatch: Reverse for 'order_success' not found. 'order_success' is not a valid view function or pattern name.
ERROR 2026-07-15 21:27:52,080 basehttp 22336 5156 "POST /checkout/ HTTP/1.1" 500 104932
ERROR 2026-07-15 21:28:02,629 log 22336 16272 Internal Server Error: /checkout/
Traceback (most recent call last):
  File "C:\Users\Hp\Desktop\ORAIMOTECH\venv\Lib\site-packages\django\core\handlers\exception.py", line 55, in inner
    response = get_response(request)
               ^^^^^^^^^^^^^^^^^^^^^
  File "C:\Users\Hp\Desktop\ORAIMOTECH\venv\Lib\site-packages\django\core\handlers\base.py", line 197, in _get_response
    response = wrapped_callback(request, *callback_args, **callback_kwargs)
               ^^^^^^^^^^^^^^^^^^^^^^^^^^^^^^^^^^^^^^^^^^^^^^^^^^^^^^^^^^^^
  File "C:\Users\Hp\Desktop\ORAIMOTECH\checkout\views.py", line 103, in checkout_page
    return redirect('order_success', order_id=order_id)
           ^^^^^^^^^^^^^^^^^^^^^^^^^^^^^^^^^^^^^^^^^^^^
  File "C:\Users\Hp\Desktop\ORAIMOTECH\venv\Lib\site-packages\django\shortcuts.py", line 48, in redirect
    return redirect_class(resolve_url(to, *args, **kwargs))
                          ^^^^^^^^^^^^^^^^^^^^^^^^^^^^^^^^
  File "C:\Users\Hp\Desktop\ORAIMOTECH\venv\Lib\site-packages\django\shortcuts.py", line 179, in resolve_url
    return reverse(to, args=args, kwargs=kwargs)
           ^^^^^^^^^^^^^^^^^^^^^^^^^^^^^^^^^^^^^
  File "C:\Users\Hp\Desktop\ORAIMOTECH\venv\Lib\site-packages\django\urls\base.py", line 88, in reverse
    return resolver._reverse_with_prefix(view, prefix, *args, **kwargs)
           ^^^^^^^^^^^^^^^^^^^^^^^^^^^^^^^^^^^^^^^^^^^^^^^^^^^^^^^^^^^^
  File "C:\Users\Hp\Desktop\ORAIMOTECH\venv\Lib\site-packages\django\urls\resolvers.py", line 848, in _reverse_with_prefix
    raise NoReverseMatch(msg)
django.urls.exceptions.NoReverseMatch: Reverse for 'order_success' not found. 'order_success' is not a valid view function or pattern name.
ERROR 2026-07-15 21:28:02,629 log 22336 16272 Internal Server Error: /checkout/
Traceback (most recent call last):
  File "C:\Users\Hp\Desktop\ORAIMOTECH\venv\Lib\site-packages\django\core\handlers\exception.py", line 55, in inner
    response = get_response(request)
               ^^^^^^^^^^^^^^^^^^^^^
  File "C:\Users\Hp\Desktop\ORAIMOTECH\venv\Lib\site-packages\django\core\handlers\base.py", line 197, in _get_response
    response = wrapped_callback(request, *callback_args, **callback_kwargs)
               ^^^^^^^^^^^^^^^^^^^^^^^^^^^^^^^^^^^^^^^^^^^^^^^^^^^^^^^^^^^^
  File "C:\Users\Hp\Desktop\ORAIMOTECH\checkout\views.py", line 103, in checkout_page
    return redirect('order_success', order_id=order_id)
           ^^^^^^^^^^^^^^^^^^^^^^^^^^^^^^^^^^^^^^^^^^^^
  File "C:\Users\Hp\Desktop\ORAIMOTECH\venv\Lib\site-packages\django\shortcuts.py", line 48, in redirect
    return redirect_class(resolve_url(to, *args, **kwargs))
                          ^^^^^^^^^^^^^^^^^^^^^^^^^^^^^^^^
  File "C:\Users\Hp\Desktop\ORAIMOTECH\venv\Lib\site-packages\django\shortcuts.py", line 179, in resolve_url
    return reverse(to, args=args, kwargs=kwargs)
           ^^^^^^^^^^^^^^^^^^^^^^^^^^^^^^^^^^^^^
  File "C:\Users\Hp\Desktop\ORAIMOTECH\venv\Lib\site-packages\django\urls\base.py", line 88, in reverse
    return resolver._reverse_with_prefix(view, prefix, *args, **kwargs)
           ^^^^^^^^^^^^^^^^^^^^^^^^^^^^^^^^^^^^^^^^^^^^^^^^^^^^^^^^^^^^
  File "C:\Users\Hp\Desktop\ORAIMOTECH\venv\Lib\site-packages\django\urls\resolvers.py", line 848, in _reverse_with_prefix
    raise NoReverseMatch(msg)
django.urls.exceptions.NoReverseMatch: Reverse for 'order_success' not found. 'order_success' is not a valid view function or pattern name.
ERROR 2026-07-15 21:28:02,643 basehttp 22336 16272 "POST /checkout/ HTTP/1.1" 500 105769
INFO 2026-07-15 21:31:10,955 autoreload 22336 24016 C:\Users\Hp\Desktop\ORAIMOTECH\checkout\views.py changed, reloading.
INFO 2026-07-15 21:31:13,060 autoreload 24068 2140 Watching for file changes with StatReloader
ERROR 2026-07-15 21:33:01,623 log 24068 3948 Internal Server Error: /checkout/
Traceback (most recent call last):
  File "C:\Users\Hp\Desktop\ORAIMOTECH\venv\Lib\site-packages\django\core\handlers\exception.py", line 55, in inner
    response = get_response(request)
               ^^^^^^^^^^^^^^^^^^^^^
  File "C:\Users\Hp\Desktop\ORAIMOTECH\venv\Lib\site-packages\django\core\handlers\base.py", line 197, in _get_response
    response = wrapped_callback(request, *callback_args, **callback_kwargs)
               ^^^^^^^^^^^^^^^^^^^^^^^^^^^^^^^^^^^^^^^^^^^^^^^^^^^^^^^^^^^^
  File "C:\Users\Hp\Desktop\ORAIMOTECH\checkout\views.py", line 103, in checkout_page
    return redirect('order_success', order_id=order_id)
           ^^^^^^^^^^^^^^^^^^^^^^^^^^^^^^^^^^^^^^^^^^^^
  File "C:\Users\Hp\Desktop\ORAIMOTECH\venv\Lib\site-packages\django\shortcuts.py", line 48, in redirect
    return redirect_class(resolve_url(to, *args, **kwargs))
                          ^^^^^^^^^^^^^^^^^^^^^^^^^^^^^^^^
  File "C:\Users\Hp\Desktop\ORAIMOTECH\venv\Lib\site-packages\django\shortcuts.py", line 179, in resolve_url
    return reverse(to, args=args, kwargs=kwargs)
           ^^^^^^^^^^^^^^^^^^^^^^^^^^^^^^^^^^^^^
  File "C:\Users\Hp\Desktop\ORAIMOTECH\venv\Lib\site-packages\django\urls\base.py", line 88, in reverse
    return resolver._reverse_with_prefix(view, prefix, *args, **kwargs)
           ^^^^^^^^^^^^^^^^^^^^^^^^^^^^^^^^^^^^^^^^^^^^^^^^^^^^^^^^^^^^
  File "C:\Users\Hp\Desktop\ORAIMOTECH\venv\Lib\site-packages\django\urls\resolvers.py", line 848, in _reverse_with_prefix
    raise NoReverseMatch(msg)
django.urls.exceptions.NoReverseMatch: Reverse for 'order_success' not found. 'order_success' is not a valid view function or pattern name.
ERROR 2026-07-15 21:33:01,623 log 24068 3948 Internal Server Error: /checkout/
Traceback (most recent call last):
  File "C:\Users\Hp\Desktop\ORAIMOTECH\venv\Lib\site-packages\django\core\handlers\exception.py", line 55, in inner
    response = get_response(request)
               ^^^^^^^^^^^^^^^^^^^^^
  File "C:\Users\Hp\Desktop\ORAIMOTECH\venv\Lib\site-packages\django\core\handlers\base.py", line 197, in _get_response
    response = wrapped_callback(request, *callback_args, **callback_kwargs)
               ^^^^^^^^^^^^^^^^^^^^^^^^^^^^^^^^^^^^^^^^^^^^^^^^^^^^^^^^^^^^
  File "C:\Users\Hp\Desktop\ORAIMOTECH\checkout\views.py", line 103, in checkout_page
    return redirect('order_success', order_id=order_id)
           ^^^^^^^^^^^^^^^^^^^^^^^^^^^^^^^^^^^^^^^^^^^^
  File "C:\Users\Hp\Desktop\ORAIMOTECH\venv\Lib\site-packages\django\shortcuts.py", line 48, in redirect
    return redirect_class(resolve_url(to, *args, **kwargs))
                          ^^^^^^^^^^^^^^^^^^^^^^^^^^^^^^^^
  File "C:\Users\Hp\Desktop\ORAIMOTECH\venv\Lib\site-packages\django\shortcuts.py", line 179, in resolve_url
    return reverse(to, args=args, kwargs=kwargs)
           ^^^^^^^^^^^^^^^^^^^^^^^^^^^^^^^^^^^^^
  File "C:\Users\Hp\Desktop\ORAIMOTECH\venv\Lib\site-packages\django\urls\base.py", line 88, in reverse
    return resolver._reverse_with_prefix(view, prefix, *args, **kwargs)
           ^^^^^^^^^^^^^^^^^^^^^^^^^^^^^^^^^^^^^^^^^^^^^^^^^^^^^^^^^^^^
  File "C:\Users\Hp\Desktop\ORAIMOTECH\venv\Lib\site-packages\django\urls\resolvers.py", line 848, in _reverse_with_prefix
    raise NoReverseMatch(msg)
django.urls.exceptions.NoReverseMatch: Reverse for 'order_success' not found. 'order_success' is not a valid view function or pattern name.
ERROR 2026-07-15 21:33:01,638 basehttp 24068 3948 "POST /checkout/ HTTP/1.1" 500 106099
INFO 2026-07-15 21:34:24,071 autoreload 24068 2140 C:\Users\Hp\Desktop\ORAIMOTECH\checkout\views.py changed, reloading.
INFO 2026-07-15 21:34:25,684 autoreload 23648 9920 Watching for file changes with StatReloader
INFO 2026-07-15 21:34:29,288 autoreload 23648 9920 C:\Users\Hp\Desktop\ORAIMOTECH\checkout\views.py changed, reloading.
INFO 2026-07-15 21:34:30,896 autoreload 25108 23204 Watching for file changes with StatReloader
INFO 2026-07-15 21:34:39,120 autoreload 25108 23204 C:\Users\Hp\Desktop\ORAIMOTECH\checkout\views.py changed, reloading.
INFO 2026-07-15 21:34:40,757 autoreload 24848 10424 Watching for file changes with StatReloader
INFO 2026-07-15 21:34:50,063 autoreload 24848 10424 C:\Users\Hp\Desktop\ORAIMOTECH\checkout\views.py changed, reloading.
INFO 2026-07-15 21:34:51,257 autoreload 21624 24004 Watching for file changes with StatReloader
INFO 2026-07-15 21:35:04,665 basehttp 21624 24324 "POST /checkout/ HTTP/1.1" 302 0
ERROR 2026-07-15 21:35:05,603 log 21624 24324 Internal Server Error: /checkout/success/OR-43E3B6CD/
Traceback (most recent call last):
  File "C:\Users\Hp\Desktop\ORAIMOTECH\venv\Lib\site-packages\django\core\handlers\exception.py", line 55, in inner
    response = get_response(request)
               ^^^^^^^^^^^^^^^^^^^^^
  File "C:\Users\Hp\Desktop\ORAIMOTECH\venv\Lib\site-packages\django\core\handlers\base.py", line 197, in _get_response
    response = wrapped_callback(request, *callback_args, **callback_kwargs)
               ^^^^^^^^^^^^^^^^^^^^^^^^^^^^^^^^^^^^^^^^^^^^^^^^^^^^^^^^^^^^
  File "C:\Users\Hp\Desktop\ORAIMOTECH\checkout\views.py", line 134, in order_success
    return render(request, 'checkout/success.html', {'order': order})
           ^^^^^^^^^^^^^^^^^^^^^^^^^^^^^^^^^^^^^^^^^^^^^^^^^^^^^^^^^^
  File "C:\Users\Hp\Desktop\ORAIMOTECH\venv\Lib\site-packages\django\shortcuts.py", line 24, in render
    content = loader.render_to_string(template_name, context, request, using=using)
              ^^^^^^^^^^^^^^^^^^^^^^^^^^^^^^^^^^^^^^^^^^^^^^^^^^^^^^^^^^^^^^^^^^^^^
  File "C:\Users\Hp\Desktop\ORAIMOTECH\venv\Lib\site-packages\django\template\loader.py", line 62, in render_to_string
    return template.render(context, request)
           ^^^^^^^^^^^^^^^^^^^^^^^^^^^^^^^^^
  File "C:\Users\Hp\Desktop\ORAIMOTECH\venv\Lib\site-packages\django\template\backends\django.py", line 61, in render
    return self.template.render(context)
           ^^^^^^^^^^^^^^^^^^^^^^^^^^^^^
  File "C:\Users\Hp\Desktop\ORAIMOTECH\venv\Lib\site-packages\django\template\base.py", line 171, in render
    return self._render(context)
           ^^^^^^^^^^^^^^^^^^^^^
  File "C:\Users\Hp\Desktop\ORAIMOTECH\venv\Lib\site-packages\django\template\base.py", line 163, in _render
    return self.nodelist.render(context)
           ^^^^^^^^^^^^^^^^^^^^^^^^^^^^^
  File "C:\Users\Hp\Desktop\ORAIMOTECH\venv\Lib\site-packages\django\template\base.py", line 1000, in render
    return SafeString("".join([node.render_annotated(context) for node in self]))
                              ^^^^^^^^^^^^^^^^^^^^^^^^^^^^^^^^^^^^^^^^^^^^^^^^^
  File "C:\Users\Hp\Desktop\ORAIMOTECH\venv\Lib\site-packages\django\template\base.py", line 1000, in <listcomp>
    return SafeString("".join([node.render_annotated(context) for node in self]))
                               ^^^^^^^^^^^^^^^^^^^^^^^^^^^^^^
  File "C:\Users\Hp\Desktop\ORAIMOTECH\venv\Lib\site-packages\django\template\base.py", line 961, in render_annotated
    return self.render(context)
           ^^^^^^^^^^^^^^^^^^^^
  File "C:\Users\Hp\Desktop\ORAIMOTECH\venv\Lib\site-packages\django\template\loader_tags.py", line 159, in render
    return compiled_parent._render(context)
           ^^^^^^^^^^^^^^^^^^^^^^^^^^^^^^^^
  File "C:\Users\Hp\Desktop\ORAIMOTECH\venv\Lib\site-packages\django\template\base.py", line 163, in _render
    return self.nodelist.render(context)
           ^^^^^^^^^^^^^^^^^^^^^^^^^^^^^
  File "C:\Users\Hp\Desktop\ORAIMOTECH\venv\Lib\site-packages\django\template\base.py", line 1000, in render
    return SafeString("".join([node.render_annotated(context) for node in self]))
                              ^^^^^^^^^^^^^^^^^^^^^^^^^^^^^^^^^^^^^^^^^^^^^^^^^
  File "C:\Users\Hp\Desktop\ORAIMOTECH\venv\Lib\site-packages\django\template\base.py", line 1000, in <listcomp>
    return SafeString("".join([node.render_annotated(context) for node in self]))
                               ^^^^^^^^^^^^^^^^^^^^^^^^^^^^^^
  File "C:\Users\Hp\Desktop\ORAIMOTECH\venv\Lib\site-packages\django\template\base.py", line 961, in render_annotated
    return self.render(context)
           ^^^^^^^^^^^^^^^^^^^^
  File "C:\Users\Hp\Desktop\ORAIMOTECH\venv\Lib\site-packages\django\template\loader_tags.py", line 65, in render
    result = block.nodelist.render(context)
             ^^^^^^^^^^^^^^^^^^^^^^^^^^^^^^
  File "C:\Users\Hp\Desktop\ORAIMOTECH\venv\Lib\site-packages\django\template\base.py", line 1000, in render
    return SafeString("".join([node.render_annotated(context) for node in self]))
                              ^^^^^^^^^^^^^^^^^^^^^^^^^^^^^^^^^^^^^^^^^^^^^^^^^
  File "C:\Users\Hp\Desktop\ORAIMOTECH\venv\Lib\site-packages\django\template\base.py", line 1000, in <listcomp>
    return SafeString("".join([node.render_annotated(context) for node in self]))
                               ^^^^^^^^^^^^^^^^^^^^^^^^^^^^^^
  File "C:\Users\Hp\Desktop\ORAIMOTECH\venv\Lib\site-packages\django\template\base.py", line 961, in render_annotated
    return self.render(context)
           ^^^^^^^^^^^^^^^^^^^^
  File "C:\Users\Hp\Desktop\ORAIMOTECH\venv\Lib\site-packages\django\template\defaulttags.py", line 478, in render
    url = reverse(view_name, args=args, kwargs=kwargs, current_app=current_app)
          ^^^^^^^^^^^^^^^^^^^^^^^^^^^^^^^^^^^^^^^^^^^^^^^^^^^^^^^^^^^^^^^^^^^^^
  File "C:\Users\Hp\Desktop\ORAIMOTECH\venv\Lib\site-packages\django\urls\base.py", line 88, in reverse
    return resolver._reverse_with_prefix(view, prefix, *args, **kwargs)
           ^^^^^^^^^^^^^^^^^^^^^^^^^^^^^^^^^^^^^^^^^^^^^^^^^^^^^^^^^^^^
  File "C:\Users\Hp\Desktop\ORAIMOTECH\venv\Lib\site-packages\django\urls\resolvers.py", line 848, in _reverse_with_prefix
    raise NoReverseMatch(msg)
django.urls.exceptions.NoReverseMatch: Reverse for 'track_order_detail' not found. 'track_order_detail' is not a valid view function or pattern name.
ERROR 2026-07-15 21:35:05,603 log 21624 24324 Internal Server Error: /checkout/success/OR-43E3B6CD/
Traceback (most recent call last):
  File "C:\Users\Hp\Desktop\ORAIMOTECH\venv\Lib\site-packages\django\core\handlers\exception.py", line 55, in inner
    response = get_response(request)
               ^^^^^^^^^^^^^^^^^^^^^
  File "C:\Users\Hp\Desktop\ORAIMOTECH\venv\Lib\site-packages\django\core\handlers\base.py", line 197, in _get_response
    response = wrapped_callback(request, *callback_args, **callback_kwargs)
               ^^^^^^^^^^^^^^^^^^^^^^^^^^^^^^^^^^^^^^^^^^^^^^^^^^^^^^^^^^^^
  File "C:\Users\Hp\Desktop\ORAIMOTECH\checkout\views.py", line 134, in order_success
    return render(request, 'checkout/success.html', {'order': order})
           ^^^^^^^^^^^^^^^^^^^^^^^^^^^^^^^^^^^^^^^^^^^^^^^^^^^^^^^^^^
  File "C:\Users\Hp\Desktop\ORAIMOTECH\venv\Lib\site-packages\django\shortcuts.py", line 24, in render
    content = loader.render_to_string(template_name, context, request, using=using)
              ^^^^^^^^^^^^^^^^^^^^^^^^^^^^^^^^^^^^^^^^^^^^^^^^^^^^^^^^^^^^^^^^^^^^^
  File "C:\Users\Hp\Desktop\ORAIMOTECH\venv\Lib\site-packages\django\template\loader.py", line 62, in render_to_string
    return template.render(context, request)
           ^^^^^^^^^^^^^^^^^^^^^^^^^^^^^^^^^
  File "C:\Users\Hp\Desktop\ORAIMOTECH\venv\Lib\site-packages\django\template\backends\django.py", line 61, in render
    return self.template.render(context)
           ^^^^^^^^^^^^^^^^^^^^^^^^^^^^^
  File "C:\Users\Hp\Desktop\ORAIMOTECH\venv\Lib\site-packages\django\template\base.py", line 171, in render
    return self._render(context)
           ^^^^^^^^^^^^^^^^^^^^^
  File "C:\Users\Hp\Desktop\ORAIMOTECH\venv\Lib\site-packages\django\template\base.py", line 163, in _render
    return self.nodelist.render(context)
           ^^^^^^^^^^^^^^^^^^^^^^^^^^^^^
  File "C:\Users\Hp\Desktop\ORAIMOTECH\venv\Lib\site-packages\django\template\base.py", line 1000, in render
    return SafeString("".join([node.render_annotated(context) for node in self]))
                              ^^^^^^^^^^^^^^^^^^^^^^^^^^^^^^^^^^^^^^^^^^^^^^^^^
  File "C:\Users\Hp\Desktop\ORAIMOTECH\venv\Lib\site-packages\django\template\base.py", line 1000, in <listcomp>
    return SafeString("".join([node.render_annotated(context) for node in self]))
                               ^^^^^^^^^^^^^^^^^^^^^^^^^^^^^^
  File "C:\Users\Hp\Desktop\ORAIMOTECH\venv\Lib\site-packages\django\template\base.py", line 961, in render_annotated
    return self.render(context)
           ^^^^^^^^^^^^^^^^^^^^
  File "C:\Users\Hp\Desktop\ORAIMOTECH\venv\Lib\site-packages\django\template\loader_tags.py", line 159, in render
    return compiled_parent._render(context)
           ^^^^^^^^^^^^^^^^^^^^^^^^^^^^^^^^
  File "C:\Users\Hp\Desktop\ORAIMOTECH\venv\Lib\site-packages\django\template\base.py", line 163, in _render
    return self.nodelist.render(context)
           ^^^^^^^^^^^^^^^^^^^^^^^^^^^^^
  File "C:\Users\Hp\Desktop\ORAIMOTECH\venv\Lib\site-packages\django\template\base.py", line 1000, in render
    return SafeString("".join([node.render_annotated(context) for node in self]))
                              ^^^^^^^^^^^^^^^^^^^^^^^^^^^^^^^^^^^^^^^^^^^^^^^^^
  File "C:\Users\Hp\Desktop\ORAIMOTECH\venv\Lib\site-packages\django\template\base.py", line 1000, in <listcomp>
    return SafeString("".join([node.render_annotated(context) for node in self]))
                               ^^^^^^^^^^^^^^^^^^^^^^^^^^^^^^
  File "C:\Users\Hp\Desktop\ORAIMOTECH\venv\Lib\site-packages\django\template\base.py", line 961, in render_annotated
    return self.render(context)
           ^^^^^^^^^^^^^^^^^^^^
  File "C:\Users\Hp\Desktop\ORAIMOTECH\venv\Lib\site-packages\django\template\loader_tags.py", line 65, in render
    result = block.nodelist.render(context)
             ^^^^^^^^^^^^^^^^^^^^^^^^^^^^^^
  File "C:\Users\Hp\Desktop\ORAIMOTECH\venv\Lib\site-packages\django\template\base.py", line 1000, in render
    return SafeString("".join([node.render_annotated(context) for node in self]))
                              ^^^^^^^^^^^^^^^^^^^^^^^^^^^^^^^^^^^^^^^^^^^^^^^^^
  File "C:\Users\Hp\Desktop\ORAIMOTECH\venv\Lib\site-packages\django\template\base.py", line 1000, in <listcomp>
    return SafeString("".join([node.render_annotated(context) for node in self]))
                               ^^^^^^^^^^^^^^^^^^^^^^^^^^^^^^
  File "C:\Users\Hp\Desktop\ORAIMOTECH\venv\Lib\site-packages\django\template\base.py", line 961, in render_annotated
    return self.render(context)
           ^^^^^^^^^^^^^^^^^^^^
  File "C:\Users\Hp\Desktop\ORAIMOTECH\venv\Lib\site-packages\django\template\defaulttags.py", line 478, in render
    url = reverse(view_name, args=args, kwargs=kwargs, current_app=current_app)
          ^^^^^^^^^^^^^^^^^^^^^^^^^^^^^^^^^^^^^^^^^^^^^^^^^^^^^^^^^^^^^^^^^^^^^
  File "C:\Users\Hp\Desktop\ORAIMOTECH\venv\Lib\site-packages\django\urls\base.py", line 88, in reverse
    return resolver._reverse_with_prefix(view, prefix, *args, **kwargs)
           ^^^^^^^^^^^^^^^^^^^^^^^^^^^^^^^^^^^^^^^^^^^^^^^^^^^^^^^^^^^^
  File "C:\Users\Hp\Desktop\ORAIMOTECH\venv\Lib\site-packages\django\urls\resolvers.py", line 848, in _reverse_with_prefix
    raise NoReverseMatch(msg)
django.urls.exceptions.NoReverseMatch: Reverse for 'track_order_detail' not found. 'track_order_detail' is not a valid view function or pattern name.
ERROR 2026-07-15 21:35:05,635 basehttp 21624 24324 "GET /checkout/success/OR-43E3B6CD/ HTTP/1.1" 500 181869
INFO 2026-07-15 21:35:39,125 basehttp 21624 24324 "GET /checkout/success/OR-43E3B6CD/ HTTP/1.1" 200 63990
INFO 2026-07-15 21:35:48,934 basehttp 21624 24324 "GET /checkout/track/OR-43E3B6CD/ HTTP/1.1" 200 64814
INFO 2026-07-15 21:35:57,426 basehttp 21624 24324 "GET /checkout/receipt/OR-43E3B6CD/ HTTP/1.1" 200 2954
INFO 2026-07-15 21:39:12,082 basehttp 21624 11500 "GET / HTTP/1.1" 200 100475
INFO 2026-07-15 21:39:16,816 basehttp 21624 11500 "POST /basket/add/37/ HTTP/1.1" 200 57
INFO 2026-07-15 21:39:17,010 basehttp 21624 21260 "POST /basket/add/37/ HTTP/1.1" 200 58
INFO 2026-07-15 21:39:53,959 basehttp 21624 12696 "GET / HTTP/1.1" 200 100475
INFO 2026-07-15 21:39:58,897 basehttp 21624 26516 "GET /media/CACHE/images/products/1000526988/297d1fbbf43ffd3ca8b68220c3a2f140.jpg HTTP/1.1" 200 13520
INFO 2026-07-15 21:39:59,206 basehttp 21624 24960 "GET /media/CACHE/images/products/1000526986/4c42d7f070fd16fcc4c9e9e771277a3f.jpg HTTP/1.1" 200 11213
INFO 2026-07-15 21:39:59,206 basehttp 21624 21160 "GET /media/CACHE/images/products/1000526987/a6d5a5e42638bdf81f7b75683fe48a56.jpg HTTP/1.1" 200 13196
INFO 2026-07-15 21:39:59,209 basehttp 21624 23980 "GET /media/CACHE/images/products/1000526985/ea2101abe7212401b5af667637e000f4.jpg HTTP/1.1" 200 10022
WARNING 2026-07-15 21:39:59,390 basehttp 21624 26516 "GET /favicon.ico HTTP/1.1" 404 4207
INFO 2026-07-15 21:40:03,609 basehttp 21624 24960 "GET /media/CACHE/images/products/1000526983/59a2f0e6a76fb3a0abaf510e68d6861f.jpg HTTP/1.1" 200 12454
INFO 2026-07-15 21:40:03,609 basehttp 21624 23980 "GET /media/CACHE/images/products/1000526984/2679c5d1935863a487471bfaaebbd5f6.jpg HTTP/1.1" 200 11341
INFO 2026-07-15 21:40:03,901 basehttp 21624 1568 "GET /media/CACHE/images/products/1000526975/d6f426988a94ff6a989535d30a8bdf11.jpg HTTP/1.1" 200 12139
INFO 2026-07-15 21:40:03,902 basehttp 21624 19908 "GET /media/CACHE/images/products/1000533260/cc9415acb28224a87fcc5efb6469a097.jpg HTTP/1.1" 200 13423
INFO 2026-07-15 21:40:04,720 basehttp 21624 24960 "GET /media/CACHE/images/products/1000526968/02476a1d1a2f6c83ad55fc518197d54c.jpg HTTP/1.1" 200 12929
INFO 2026-07-15 21:40:04,901 basehttp 21624 23980 "GET /shop/?category=earphones HTTP/1.1" 200 69519
INFO 2026-07-15 21:40:05,024 basehttp 21624 23208 "GET /media/CACHE/images/products/1000533308/fc6d17f5b32815bb45102d95fb074d4c.jpg HTTP/1.1" 200 13965
INFO 2026-07-15 21:40:05,953 basehttp 21624 23980 "GET /media/products/1000525141.png HTTP/1.1" 200 211286
INFO 2026-07-15 21:40:06,284 basehttp 21624 24960 "GET /media/products/1000525138.png HTTP/1.1" 200 249163
INFO 2026-07-15 21:40:08,650 basehttp 21624 23980 "POST /basket/add/24/ HTTP/1.1" 200 57
INFO 2026-07-15 21:40:08,699 basehttp 21624 24960 "POST /basket/add/24/ HTTP/1.1" 200 57
INFO 2026-07-15 21:40:13,665 basehttp 21624 24960 "GET /basket/ HTTP/1.1" 200 74426
INFO 2026-07-15 21:40:17,083 basehttp 21624 24960 "GET /checkout/ HTTP/1.1" 200 75266
INFO 2026-07-15 21:45:08,945 autoreload 21624 24004 C:\Users\Hp\Desktop\ORAIMOTECH\checkout\forms.py changed, reloading.
INFO 2026-07-15 21:45:10,998 autoreload 20124 25632 Watching for file changes with StatReloader
INFO 2026-07-15 21:45:21,759 autoreload 20124 25632 C:\Users\Hp\Desktop\ORAIMOTECH\checkout\views.py changed, reloading.
INFO 2026-07-15 21:45:23,503 autoreload 25616 18080 Watching for file changes with StatReloader
INFO 2026-07-15 21:46:08,764 autoreload 25616 18080 C:\Users\Hp\Desktop\ORAIMOTECH\core\settings.py changed, reloading.
INFO 2026-07-15 21:46:10,059 autoreload 20992 26304 Watching for file changes with StatReloader
INFO 2026-07-15 21:46:16,313 basehttp 20992 26620 "GET / HTTP/1.1" 200 100475
INFO 2026-07-15 21:46:22,166 basehttp 20992 26620 "GET /basket/ HTTP/1.1" 200 74445
INFO 2026-07-15 21:46:25,985 basehttp 20992 26620 "GET /media/products/1000526988.jpg HTTP/1.1" 200 953641
INFO 2026-07-15 21:46:28,150 basehttp 20992 26620 "GET /checkout/ HTTP/1.1" 200 78610
INFO 2026-07-15 21:47:48,693 autoreload 20992 26304 C:\Users\Hp\Desktop\ORAIMOTECH\core\settings.py changed, reloading.
INFO 2026-07-15 21:47:51,468 autoreload 10880 24448 Watching for file changes with StatReloader
INFO 2026-07-15 21:47:53,758 basehttp 10880 18056 "GET /shop/ HTTP/1.1" 200 82891
INFO 2026-07-15 21:47:54,219 basehttp 10880 14312 "GET /media/products/1000526987.jpg HTTP/1.1" 200 200624
INFO 2026-07-15 21:47:54,253 basehttp 10880 18056 "GET /media/products/1000526988.jpg HTTP/1.1" 200 953641
INFO 2026-07-15 21:47:54,257 basehttp 10880 6980 "GET /media/products/1000526984.jpg HTTP/1.1" 200 453928
INFO 2026-07-15 21:47:54,258 basehttp 10880 21420 "GET /media/products/1000526986.jpg HTTP/1.1" 200 564906
INFO 2026-07-15 21:47:54,259 basehttp 10880 13840 "GET /media/products/1000526985.jpg HTTP/1.1" 200 587190
INFO 2026-07-15 21:47:54,275 basehttp 10880 25176 "GET /media/products/1000526983.jpg HTTP/1.1" 200 748398
INFO 2026-07-15 21:47:54,284 basehttp 10880 14312 "GET /media/products/1000533260.jpg HTTP/1.1" 200 748555
INFO 2026-07-15 21:47:55,264 basehttp 10880 14312 "GET /media/products/1000526968.jpg HTTP/1.1" 200 773432
INFO 2026-07-15 21:47:55,275 basehttp 10880 25176 "GET /media/products/1000533308.jpg HTTP/1.1" 200 1048906
INFO 2026-07-15 21:47:57,022 basehttp 10880 25176 "POST /basket/add/37/ HTTP/1.1" 200 57
ERROR 2026-07-15 21:47:57,355 log 10880 14312 Internal Server Error: /basket/add/37/
Traceback (most recent call last):
  File "C:\Users\Hp\Desktop\ORAIMOTECH\venv\Lib\site-packages\django\db\backends\utils.py", line 105, in _execute
    return self.cursor.execute(sql, params)
           ^^^^^^^^^^^^^^^^^^^^^^^^^^^^^^^^
psycopg2.errors.UniqueViolation: duplicate key value violates unique constraint "basket_savedbasketitem_user_id_variant_id_7c915701_uniq"
DETAIL:  Key (user_id, variant_id)=(2, 37) already exists.


The above exception was the direct cause of the following exception:

Traceback (most recent call last):
  File "C:\Users\Hp\Desktop\ORAIMOTECH\venv\Lib\site-packages\django\core\handlers\exception.py", line 55, in inner
    response = get_response(request)
               ^^^^^^^^^^^^^^^^^^^^^
  File "C:\Users\Hp\Desktop\ORAIMOTECH\venv\Lib\site-packages\django\core\handlers\base.py", line 197, in _get_response
    response = wrapped_callback(request, *callback_args, **callback_kwargs)
               ^^^^^^^^^^^^^^^^^^^^^^^^^^^^^^^^^^^^^^^^^^^^^^^^^^^^^^^^^^^^
  File "C:\Users\Hp\Desktop\ORAIMOTECH\venv\Lib\site-packages\django\views\decorators\http.py", line 63, in inner
    return func(request, *args, **kwargs)
           ^^^^^^^^^^^^^^^^^^^^^^^^^^^^^^
  File "C:\Users\Hp\Desktop\ORAIMOTECH\basket\views.py", line 17, in basket_add
    basket.add(variant_id, quantity)
  File "C:\Users\Hp\Desktop\ORAIMOTECH\basket\basket.py", line 25, in add
    self._sync_with_user()
  File "C:\Users\Hp\Desktop\ORAIMOTECH\basket\basket.py", line 63, in _sync_with_user
    self.save_to_user(self.request.user)
  File "C:\Users\Hp\Desktop\ORAIMOTECH\basket\basket.py", line 96, in save_to_user
    SavedBasketItem.objects.create(
  File "C:\Users\Hp\Desktop\ORAIMOTECH\venv\Lib\site-packages\django\db\models\manager.py", line 87, in manager_method
    return getattr(self.get_queryset(), name)(*args, **kwargs)
           ^^^^^^^^^^^^^^^^^^^^^^^^^^^^^^^^^^^^^^^^^^^^^^^^^^^
  File "C:\Users\Hp\Desktop\ORAIMOTECH\venv\Lib\site-packages\django\db\models\query.py", line 677, in create
    obj.save(force_insert=True, using=self.db)
  File "C:\Users\Hp\Desktop\ORAIMOTECH\venv\Lib\site-packages\django\db\models\base.py", line 814, in save
    self.save_base(
  File "C:\Users\Hp\Desktop\ORAIMOTECH\venv\Lib\site-packages\django\db\models\base.py", line 901, in save_base
    updated = self._save_table(
              ^^^^^^^^^^^^^^^^^
  File "C:\Users\Hp\Desktop\ORAIMOTECH\venv\Lib\site-packages\django\db\models\base.py", line 1059, in _save_table
    results = self._do_insert(
              ^^^^^^^^^^^^^^^^
  File "C:\Users\Hp\Desktop\ORAIMOTECH\venv\Lib\site-packages\django\db\models\base.py", line 1100, in _do_insert
    return manager._insert(
           ^^^^^^^^^^^^^^^^
  File "C:\Users\Hp\Desktop\ORAIMOTECH\venv\Lib\site-packages\django\db\models\manager.py", line 87, in manager_method
    return getattr(self.get_queryset(), name)(*args, **kwargs)
           ^^^^^^^^^^^^^^^^^^^^^^^^^^^^^^^^^^^^^^^^^^^^^^^^^^^
  File "C:\Users\Hp\Desktop\ORAIMOTECH\venv\Lib\site-packages\django\db\models\query.py", line 1845, in _insert
    return query.get_compiler(using=using).execute_sql(returning_fields)
           ^^^^^^^^^^^^^^^^^^^^^^^^^^^^^^^^^^^^^^^^^^^^^^^^^^^^^^^^^^^^^
  File "C:\Users\Hp\Desktop\ORAIMOTECH\venv\Lib\site-packages\django\db\models\sql\compiler.py", line 1822, in execute_sql
    cursor.execute(sql, params)
  File "C:\Users\Hp\Desktop\ORAIMOTECH\venv\Lib\site-packages\django\db\backends\utils.py", line 122, in execute
    return super().execute(sql, params)
           ^^^^^^^^^^^^^^^^^^^^^^^^^^^^
  File "C:\Users\Hp\Desktop\ORAIMOTECH\venv\Lib\site-packages\django\db\backends\utils.py", line 79, in execute
    return self._execute_with_wrappers(
           ^^^^^^^^^^^^^^^^^^^^^^^^^^^^
  File "C:\Users\Hp\Desktop\ORAIMOTECH\venv\Lib\site-packages\django\db\backends\utils.py", line 92, in _execute_with_wrappers
    return executor(sql, params, many, context)
           ^^^^^^^^^^^^^^^^^^^^^^^^^^^^^^^^^^^^
  File "C:\Users\Hp\Desktop\ORAIMOTECH\venv\Lib\site-packages\django\db\backends\utils.py", line 100, in _execute
    with self.db.wrap_database_errors:
  File "C:\Users\Hp\Desktop\ORAIMOTECH\venv\Lib\site-packages\django\db\utils.py", line 91, in __exit__
    raise dj_exc_value.with_traceback(traceback) from exc_value
  File "C:\Users\Hp\Desktop\ORAIMOTECH\venv\Lib\site-packages\django\db\backends\utils.py", line 105, in _execute
    return self.cursor.execute(sql, params)
           ^^^^^^^^^^^^^^^^^^^^^^^^^^^^^^^^
django.db.utils.IntegrityError: duplicate key value violates unique constraint "basket_savedbasketitem_user_id_variant_id_7c915701_uniq"
DETAIL:  Key (user_id, variant_id)=(2, 37) already exists.

ERROR 2026-07-15 21:47:57,355 log 10880 14312 Internal Server Error: /basket/add/37/
Traceback (most recent call last):
  File "C:\Users\Hp\Desktop\ORAIMOTECH\venv\Lib\site-packages\django\db\backends\utils.py", line 105, in _execute
    return self.cursor.execute(sql, params)
           ^^^^^^^^^^^^^^^^^^^^^^^^^^^^^^^^
psycopg2.errors.UniqueViolation: duplicate key value violates unique constraint "basket_savedbasketitem_user_id_variant_id_7c915701_uniq"
DETAIL:  Key (user_id, variant_id)=(2, 37) already exists.


The above exception was the direct cause of the following exception:

Traceback (most recent call last):
  File "C:\Users\Hp\Desktop\ORAIMOTECH\venv\Lib\site-packages\django\core\handlers\exception.py", line 55, in inner
    response = get_response(request)
               ^^^^^^^^^^^^^^^^^^^^^
  File "C:\Users\Hp\Desktop\ORAIMOTECH\venv\Lib\site-packages\django\core\handlers\base.py", line 197, in _get_response
    response = wrapped_callback(request, *callback_args, **callback_kwargs)
               ^^^^^^^^^^^^^^^^^^^^^^^^^^^^^^^^^^^^^^^^^^^^^^^^^^^^^^^^^^^^
  File "C:\Users\Hp\Desktop\ORAIMOTECH\venv\Lib\site-packages\django\views\decorators\http.py", line 63, in inner
    return func(request, *args, **kwargs)
           ^^^^^^^^^^^^^^^^^^^^^^^^^^^^^^
  File "C:\Users\Hp\Desktop\ORAIMOTECH\basket\views.py", line 17, in basket_add
    basket.add(variant_id, quantity)
  File "C:\Users\Hp\Desktop\ORAIMOTECH\basket\basket.py", line 25, in add
    self._sync_with_user()
  File "C:\Users\Hp\Desktop\ORAIMOTECH\basket\basket.py", line 63, in _sync_with_user
    self.save_to_user(self.request.user)
  File "C:\Users\Hp\Desktop\ORAIMOTECH\basket\basket.py", line 96, in save_to_user
    SavedBasketItem.objects.create(
  File "C:\Users\Hp\Desktop\ORAIMOTECH\venv\Lib\site-packages\django\db\models\manager.py", line 87, in manager_method
    return getattr(self.get_queryset(), name)(*args, **kwargs)
           ^^^^^^^^^^^^^^^^^^^^^^^^^^^^^^^^^^^^^^^^^^^^^^^^^^^
  File "C:\Users\Hp\Desktop\ORAIMOTECH\venv\Lib\site-packages\django\db\models\query.py", line 677, in create
    obj.save(force_insert=True, using=self.db)
  File "C:\Users\Hp\Desktop\ORAIMOTECH\venv\Lib\site-packages\django\db\models\base.py", line 814, in save
    self.save_base(
  File "C:\Users\Hp\Desktop\ORAIMOTECH\venv\Lib\site-packages\django\db\models\base.py", line 901, in save_base
    updated = self._save_table(
              ^^^^^^^^^^^^^^^^^
  File "C:\Users\Hp\Desktop\ORAIMOTECH\venv\Lib\site-packages\django\db\models\base.py", line 1059, in _save_table
    results = self._do_insert(
              ^^^^^^^^^^^^^^^^
  File "C:\Users\Hp\Desktop\ORAIMOTECH\venv\Lib\site-packages\django\db\models\base.py", line 1100, in _do_insert
    return manager._insert(
           ^^^^^^^^^^^^^^^^
  File "C:\Users\Hp\Desktop\ORAIMOTECH\venv\Lib\site-packages\django\db\models\manager.py", line 87, in manager_method
    return getattr(self.get_queryset(), name)(*args, **kwargs)
           ^^^^^^^^^^^^^^^^^^^^^^^^^^^^^^^^^^^^^^^^^^^^^^^^^^^
  File "C:\Users\Hp\Desktop\ORAIMOTECH\venv\Lib\site-packages\django\db\models\query.py", line 1845, in _insert
    return query.get_compiler(using=using).execute_sql(returning_fields)
           ^^^^^^^^^^^^^^^^^^^^^^^^^^^^^^^^^^^^^^^^^^^^^^^^^^^^^^^^^^^^^
  File "C:\Users\Hp\Desktop\ORAIMOTECH\venv\Lib\site-packages\django\db\models\sql\compiler.py", line 1822, in execute_sql
    cursor.execute(sql, params)
  File "C:\Users\Hp\Desktop\ORAIMOTECH\venv\Lib\site-packages\django\db\backends\utils.py", line 122, in execute
    return super().execute(sql, params)
           ^^^^^^^^^^^^^^^^^^^^^^^^^^^^
  File "C:\Users\Hp\Desktop\ORAIMOTECH\venv\Lib\site-packages\django\db\backends\utils.py", line 79, in execute
    return self._execute_with_wrappers(
           ^^^^^^^^^^^^^^^^^^^^^^^^^^^^
  File "C:\Users\Hp\Desktop\ORAIMOTECH\venv\Lib\site-packages\django\db\backends\utils.py", line 92, in _execute_with_wrappers
    return executor(sql, params, many, context)
           ^^^^^^^^^^^^^^^^^^^^^^^^^^^^^^^^^^^^
  File "C:\Users\Hp\Desktop\ORAIMOTECH\venv\Lib\site-packages\django\db\backends\utils.py", line 100, in _execute
    with self.db.wrap_database_errors:
  File "C:\Users\Hp\Desktop\ORAIMOTECH\venv\Lib\site-packages\django\db\utils.py", line 91, in __exit__
    raise dj_exc_value.with_traceback(traceback) from exc_value
  File "C:\Users\Hp\Desktop\ORAIMOTECH\venv\Lib\site-packages\django\db\backends\utils.py", line 105, in _execute
    return self.cursor.execute(sql, params)
           ^^^^^^^^^^^^^^^^^^^^^^^^^^^^^^^^
django.db.utils.IntegrityError: duplicate key value violates unique constraint "basket_savedbasketitem_user_id_variant_id_7c915701_uniq"
DETAIL:  Key (user_id, variant_id)=(2, 37) already exists.

ERROR 2026-07-15 21:47:57,403 basehttp 10880 14312 "POST /basket/add/37/ HTTP/1.1" 500 179955
INFO 2026-07-15 21:47:59,987 basehttp 10880 25176 "GET /media/products/1000525144.png HTTP/1.1" 200 152901
INFO 2026-07-15 21:47:59,987 basehttp 10880 14312 "GET /media/products/1000525145.png HTTP/1.1" 200 203853
INFO 2026-07-15 21:48:01,457 basehttp 10880 25176 "POST /basket/add/37/ HTTP/1.1" 200 58
ERROR 2026-07-15 21:48:01,494 log 10880 14312 Internal Server Error: /basket/add/37/
Traceback (most recent call last):
  File "C:\Users\Hp\Desktop\ORAIMOTECH\venv\Lib\site-packages\django\db\backends\utils.py", line 105, in _execute
    return self.cursor.execute(sql, params)
           ^^^^^^^^^^^^^^^^^^^^^^^^^^^^^^^^
psycopg2.errors.UniqueViolation: duplicate key value violates unique constraint "basket_savedbasketitem_user_id_variant_id_7c915701_uniq"
DETAIL:  Key (user_id, variant_id)=(2, 37) already exists.


The above exception was the direct cause of the following exception:

Traceback (most recent call last):
  File "C:\Users\Hp\Desktop\ORAIMOTECH\venv\Lib\site-packages\django\core\handlers\exception.py", line 55, in inner
    response = get_response(request)
               ^^^^^^^^^^^^^^^^^^^^^
  File "C:\Users\Hp\Desktop\ORAIMOTECH\venv\Lib\site-packages\django\core\handlers\base.py", line 197, in _get_response
    response = wrapped_callback(request, *callback_args, **callback_kwargs)
               ^^^^^^^^^^^^^^^^^^^^^^^^^^^^^^^^^^^^^^^^^^^^^^^^^^^^^^^^^^^^
  File "C:\Users\Hp\Desktop\ORAIMOTECH\venv\Lib\site-packages\django\views\decorators\http.py", line 63, in inner
    return func(request, *args, **kwargs)
           ^^^^^^^^^^^^^^^^^^^^^^^^^^^^^^
  File "C:\Users\Hp\Desktop\ORAIMOTECH\basket\views.py", line 17, in basket_add
    basket.add(variant_id, quantity)
  File "C:\Users\Hp\Desktop\ORAIMOTECH\basket\basket.py", line 25, in add
    self._sync_with_user()
  File "C:\Users\Hp\Desktop\ORAIMOTECH\basket\basket.py", line 63, in _sync_with_user
    self.save_to_user(self.request.user)
  File "C:\Users\Hp\Desktop\ORAIMOTECH\basket\basket.py", line 96, in save_to_user
    SavedBasketItem.objects.create(
  File "C:\Users\Hp\Desktop\ORAIMOTECH\venv\Lib\site-packages\django\db\models\manager.py", line 87, in manager_method
    return getattr(self.get_queryset(), name)(*args, **kwargs)
           ^^^^^^^^^^^^^^^^^^^^^^^^^^^^^^^^^^^^^^^^^^^^^^^^^^^
  File "C:\Users\Hp\Desktop\ORAIMOTECH\venv\Lib\site-packages\django\db\models\query.py", line 677, in create
    obj.save(force_insert=True, using=self.db)
  File "C:\Users\Hp\Desktop\ORAIMOTECH\venv\Lib\site-packages\django\db\models\base.py", line 814, in save
    self.save_base(
  File "C:\Users\Hp\Desktop\ORAIMOTECH\venv\Lib\site-packages\django\db\models\base.py", line 901, in save_base
    updated = self._save_table(
              ^^^^^^^^^^^^^^^^^
  File "C:\Users\Hp\Desktop\ORAIMOTECH\venv\Lib\site-packages\django\db\models\base.py", line 1059, in _save_table
    results = self._do_insert(
              ^^^^^^^^^^^^^^^^
  File "C:\Users\Hp\Desktop\ORAIMOTECH\venv\Lib\site-packages\django\db\models\base.py", line 1100, in _do_insert
    return manager._insert(
           ^^^^^^^^^^^^^^^^
  File "C:\Users\Hp\Desktop\ORAIMOTECH\venv\Lib\site-packages\django\db\models\manager.py", line 87, in manager_method
    return getattr(self.get_queryset(), name)(*args, **kwargs)
           ^^^^^^^^^^^^^^^^^^^^^^^^^^^^^^^^^^^^^^^^^^^^^^^^^^^
  File "C:\Users\Hp\Desktop\ORAIMOTECH\venv\Lib\site-packages\django\db\models\query.py", line 1845, in _insert
    return query.get_compiler(using=using).execute_sql(returning_fields)
           ^^^^^^^^^^^^^^^^^^^^^^^^^^^^^^^^^^^^^^^^^^^^^^^^^^^^^^^^^^^^^
  File "C:\Users\Hp\Desktop\ORAIMOTECH\venv\Lib\site-packages\django\db\models\sql\compiler.py", line 1822, in execute_sql
    cursor.execute(sql, params)
  File "C:\Users\Hp\Desktop\ORAIMOTECH\venv\Lib\site-packages\django\db\backends\utils.py", line 122, in execute
    return super().execute(sql, params)
           ^^^^^^^^^^^^^^^^^^^^^^^^^^^^
  File "C:\Users\Hp\Desktop\ORAIMOTECH\venv\Lib\site-packages\django\db\backends\utils.py", line 79, in execute
    return self._execute_with_wrappers(
           ^^^^^^^^^^^^^^^^^^^^^^^^^^^^
  File "C:\Users\Hp\Desktop\ORAIMOTECH\venv\Lib\site-packages\django\db\backends\utils.py", line 92, in _execute_with_wrappers
    return executor(sql, params, many, context)
           ^^^^^^^^^^^^^^^^^^^^^^^^^^^^^^^^^^^^
  File "C:\Users\Hp\Desktop\ORAIMOTECH\venv\Lib\site-packages\django\db\backends\utils.py", line 100, in _execute
    with self.db.wrap_database_errors:
  File "C:\Users\Hp\Desktop\ORAIMOTECH\venv\Lib\site-packages\django\db\utils.py", line 91, in __exit__
    raise dj_exc_value.with_traceback(traceback) from exc_value
  File "C:\Users\Hp\Desktop\ORAIMOTECH\venv\Lib\site-packages\django\db\backends\utils.py", line 105, in _execute
    return self.cursor.execute(sql, params)
           ^^^^^^^^^^^^^^^^^^^^^^^^^^^^^^^^
django.db.utils.IntegrityError: duplicate key value violates unique constraint "basket_savedbasketitem_user_id_variant_id_7c915701_uniq"
DETAIL:  Key (user_id, variant_id)=(2, 37) already exists.

ERROR 2026-07-15 21:48:01,494 log 10880 14312 Internal Server Error: /basket/add/37/
Traceback (most recent call last):
  File "C:\Users\Hp\Desktop\ORAIMOTECH\venv\Lib\site-packages\django\db\backends\utils.py", line 105, in _execute
    return self.cursor.execute(sql, params)
           ^^^^^^^^^^^^^^^^^^^^^^^^^^^^^^^^
psycopg2.errors.UniqueViolation: duplicate key value violates unique constraint "basket_savedbasketitem_user_id_variant_id_7c915701_uniq"
DETAIL:  Key (user_id, variant_id)=(2, 37) already exists.


The above exception was the direct cause of the following exception:

Traceback (most recent call last):
  File "C:\Users\Hp\Desktop\ORAIMOTECH\venv\Lib\site-packages\django\core\handlers\exception.py", line 55, in inner
    response = get_response(request)
               ^^^^^^^^^^^^^^^^^^^^^
  File "C:\Users\Hp\Desktop\ORAIMOTECH\venv\Lib\site-packages\django\core\handlers\base.py", line 197, in _get_response
    response = wrapped_callback(request, *callback_args, **callback_kwargs)
               ^^^^^^^^^^^^^^^^^^^^^^^^^^^^^^^^^^^^^^^^^^^^^^^^^^^^^^^^^^^^
  File "C:\Users\Hp\Desktop\ORAIMOTECH\venv\Lib\site-packages\django\views\decorators\http.py", line 63, in inner
    return func(request, *args, **kwargs)
           ^^^^^^^^^^^^^^^^^^^^^^^^^^^^^^
  File "C:\Users\Hp\Desktop\ORAIMOTECH\basket\views.py", line 17, in basket_add
    basket.add(variant_id, quantity)
  File "C:\Users\Hp\Desktop\ORAIMOTECH\basket\basket.py", line 25, in add
    self._sync_with_user()
  File "C:\Users\Hp\Desktop\ORAIMOTECH\basket\basket.py", line 63, in _sync_with_user
    self.save_to_user(self.request.user)
  File "C:\Users\Hp\Desktop\ORAIMOTECH\basket\basket.py", line 96, in save_to_user
    SavedBasketItem.objects.create(
  File "C:\Users\Hp\Desktop\ORAIMOTECH\venv\Lib\site-packages\django\db\models\manager.py", line 87, in manager_method
    return getattr(self.get_queryset(), name)(*args, **kwargs)
           ^^^^^^^^^^^^^^^^^^^^^^^^^^^^^^^^^^^^^^^^^^^^^^^^^^^
  File "C:\Users\Hp\Desktop\ORAIMOTECH\venv\Lib\site-packages\django\db\models\query.py", line 677, in create
    obj.save(force_insert=True, using=self.db)
  File "C:\Users\Hp\Desktop\ORAIMOTECH\venv\Lib\site-packages\django\db\models\base.py", line 814, in save
    self.save_base(
  File "C:\Users\Hp\Desktop\ORAIMOTECH\venv\Lib\site-packages\django\db\models\base.py", line 901, in save_base
    updated = self._save_table(
              ^^^^^^^^^^^^^^^^^
  File "C:\Users\Hp\Desktop\ORAIMOTECH\venv\Lib\site-packages\django\db\models\base.py", line 1059, in _save_table
    results = self._do_insert(
              ^^^^^^^^^^^^^^^^
  File "C:\Users\Hp\Desktop\ORAIMOTECH\venv\Lib\site-packages\django\db\models\base.py", line 1100, in _do_insert
    return manager._insert(
           ^^^^^^^^^^^^^^^^
  File "C:\Users\Hp\Desktop\ORAIMOTECH\venv\Lib\site-packages\django\db\models\manager.py", line 87, in manager_method
    return getattr(self.get_queryset(), name)(*args, **kwargs)
           ^^^^^^^^^^^^^^^^^^^^^^^^^^^^^^^^^^^^^^^^^^^^^^^^^^^
  File "C:\Users\Hp\Desktop\ORAIMOTECH\venv\Lib\site-packages\django\db\models\query.py", line 1845, in _insert
    return query.get_compiler(using=using).execute_sql(returning_fields)
           ^^^^^^^^^^^^^^^^^^^^^^^^^^^^^^^^^^^^^^^^^^^^^^^^^^^^^^^^^^^^^
  File "C:\Users\Hp\Desktop\ORAIMOTECH\venv\Lib\site-packages\django\db\models\sql\compiler.py", line 1822, in execute_sql
    cursor.execute(sql, params)
  File "C:\Users\Hp\Desktop\ORAIMOTECH\venv\Lib\site-packages\django\db\backends\utils.py", line 122, in execute
    return super().execute(sql, params)
           ^^^^^^^^^^^^^^^^^^^^^^^^^^^^
  File "C:\Users\Hp\Desktop\ORAIMOTECH\venv\Lib\site-packages\django\db\backends\utils.py", line 79, in execute
    return self._execute_with_wrappers(
           ^^^^^^^^^^^^^^^^^^^^^^^^^^^^
  File "C:\Users\Hp\Desktop\ORAIMOTECH\venv\Lib\site-packages\django\db\backends\utils.py", line 92, in _execute_with_wrappers
    return executor(sql, params, many, context)
           ^^^^^^^^^^^^^^^^^^^^^^^^^^^^^^^^^^^^
  File "C:\Users\Hp\Desktop\ORAIMOTECH\venv\Lib\site-packages\django\db\backends\utils.py", line 100, in _execute
    with self.db.wrap_database_errors:
  File "C:\Users\Hp\Desktop\ORAIMOTECH\venv\Lib\site-packages\django\db\utils.py", line 91, in __exit__
    raise dj_exc_value.with_traceback(traceback) from exc_value
  File "C:\Users\Hp\Desktop\ORAIMOTECH\venv\Lib\site-packages\django\db\backends\utils.py", line 105, in _execute
    return self.cursor.execute(sql, params)
           ^^^^^^^^^^^^^^^^^^^^^^^^^^^^^^^^
django.db.utils.IntegrityError: duplicate key value violates unique constraint "basket_savedbasketitem_user_id_variant_id_7c915701_uniq"
DETAIL:  Key (user_id, variant_id)=(2, 37) already exists.

ERROR 2026-07-15 21:48:01,521 basehttp 10880 14312 "POST /basket/add/37/ HTTP/1.1" 500 179711
INFO 2026-07-15 21:50:03,842 basehttp 10880 10180 "GET / HTTP/1.1" 200 100475
INFO 2026-07-15 21:50:07,388 basehttp 10880 10180 "GET /shop/ HTTP/1.1" 200 82387
INFO 2026-07-15 21:50:10,921 basehttp 10880 22924 "POST /basket/add/37/ HTTP/1.1" 200 58
INFO 2026-07-15 21:50:10,923 basehttp 10880 9364 "POST /basket/add/37/ HTTP/1.1" 200 58
INFO 2026-07-15 21:50:12,599 basehttp 10880 10180 "GET /media/products/1000526985.jpg HTTP/1.1" 200 587190
INFO 2026-07-15 21:50:13,928 basehttp 10880 18656 "GET /media/products/1000526984.jpg HTTP/1.1" 200 453928
INFO 2026-07-15 21:50:19,059 basehttp 10880 9364 "GET /basket/ HTTP/1.1" 200 74445
INFO 2026-07-15 21:50:21,421 basehttp 10880 8200 "GET /media/products/1000526983.jpg HTTP/1.1" 200 748398
INFO 2026-07-15 21:50:22,037 basehttp 10880 21332 "GET /media/products/1000533260.jpg HTTP/1.1" 200 748555
INFO 2026-07-15 21:50:22,142 basehttp 10880 21112 "GET /media/products/1000526968.jpg HTTP/1.1" 200 773432
INFO 2026-07-15 21:50:26,501 basehttp 10880 21112 - Broken pipe from ('127.0.0.1', 57453)
INFO 2026-07-15 21:50:26,502 basehttp 10880 24608 - Broken pipe from ('127.0.0.1', 57452)
WARNING 2026-07-15 21:50:42,022 log 10880 18656 Forbidden (CSRF token from the 'X-Csrftoken' HTTP header has incorrect length.): /basket/update/37/
WARNING 2026-07-15 21:50:42,026 basehttp 10880 18656 "POST /basket/update/37/ HTTP/1.1" 403 2563
WARNING 2026-07-15 21:50:42,706 log 10880 18656 Forbidden (CSRF token from the 'X-Csrftoken' HTTP header has incorrect length.): /basket/update/37/
WARNING 2026-07-15 21:50:42,707 basehttp 10880 18656 "POST /basket/update/37/ HTTP/1.1" 403 2563
WARNING 2026-07-15 21:50:42,909 log 10880 22924 Forbidden (CSRF token from the 'X-Csrftoken' HTTP header has incorrect length.): /basket/update/37/
WARNING 2026-07-15 21:50:42,909 basehttp 10880 22924 "POST /basket/update/37/ HTTP/1.1" 403 2563
WARNING 2026-07-15 21:50:43,117 log 10880 18656 Forbidden (CSRF token from the 'X-Csrftoken' HTTP header has incorrect length.): /basket/update/37/
WARNING 2026-07-15 21:50:43,119 basehttp 10880 18656 "POST /basket/update/37/ HTTP/1.1" 403 2563
WARNING 2026-07-15 21:50:43,335 log 10880 22924 Forbidden (CSRF token from the 'X-Csrftoken' HTTP header has incorrect length.): /basket/update/37/
WARNING 2026-07-15 21:50:43,335 basehttp 10880 22924 "POST /basket/update/37/ HTTP/1.1" 403 2563
WARNING 2026-07-15 21:50:44,270 log 10880 22924 Forbidden (CSRF token from the 'X-Csrftoken' HTTP header has incorrect length.): /basket/update/37/
WARNING 2026-07-15 21:50:44,272 basehttp 10880 22924 "POST /basket/update/37/ HTTP/1.1" 403 2563
WARNING 2026-07-15 21:50:44,452 log 10880 18656 Forbidden (CSRF token from the 'X-Csrftoken' HTTP header has incorrect length.): /basket/update/37/
WARNING 2026-07-15 21:50:44,454 basehttp 10880 18656 "POST /basket/update/37/ HTTP/1.1" 403 2563
WARNING 2026-07-15 21:50:44,657 log 10880 22924 Forbidden (CSRF token from the 'X-Csrftoken' HTTP header has incorrect length.): /basket/update/37/
WARNING 2026-07-15 21:50:44,659 basehttp 10880 22924 "POST /basket/update/37/ HTTP/1.1" 403 2563
WARNING 2026-07-15 21:50:46,145 log 10880 18656 Forbidden (CSRF token from the 'X-Csrftoken' HTTP header has incorrect length.): /basket/update/37/
WARNING 2026-07-15 21:50:46,147 basehttp 10880 18656 "POST /basket/update/37/ HTTP/1.1" 403 2563
WARNING 2026-07-15 21:50:46,303 log 10880 24276 Forbidden (CSRF token from the 'X-Csrftoken' HTTP header has incorrect length.): /basket/update/37/
WARNING 2026-07-15 21:50:46,305 basehttp 10880 24276 "POST /basket/update/37/ HTTP/1.1" 403 2563
WARNING 2026-07-15 21:50:46,515 log 10880 18656 Forbidden (CSRF token from the 'X-Csrftoken' HTTP header has incorrect length.): /basket/update/37/
WARNING 2026-07-15 21:50:46,518 basehttp 10880 18656 "POST /basket/update/37/ HTTP/1.1" 403 2563
WARNING 2026-07-15 21:50:46,827 log 10880 2352 Forbidden (CSRF token from the 'X-Csrftoken' HTTP header has incorrect length.): /basket/update/37/
WARNING 2026-07-15 21:50:46,828 basehttp 10880 2352 "POST /basket/update/37/ HTTP/1.1" 403 2563
WARNING 2026-07-15 21:50:46,922 log 10880 24276 Forbidden (CSRF token from the 'X-Csrftoken' HTTP header has incorrect length.): /basket/update/37/
WARNING 2026-07-15 21:50:46,924 basehttp 10880 24276 "POST /basket/update/37/ HTTP/1.1" 403 2563
WARNING 2026-07-15 21:50:47,071 log 10880 18656 Forbidden (CSRF token from the 'X-Csrftoken' HTTP header has incorrect length.): /basket/update/37/
WARNING 2026-07-15 21:50:47,071 basehttp 10880 18656 "POST /basket/update/37/ HTTP/1.1" 403 2563
INFO 2026-07-15 21:50:48,257 basehttp 10880 24276 "POST /basket/remove/37/ HTTP/1.1" 200 35
INFO 2026-07-15 21:50:48,876 basehttp 10880 24276 "GET /basket/ HTTP/1.1" 200 71769
INFO 2026-07-15 21:50:51,690 basehttp 10880 24276 "GET /shop/ HTTP/1.1" 200 82387
INFO 2026-07-15 21:50:57,402 basehttp 10880 20348 "POST /basket/add/37/ HTTP/1.1" 200 57
INFO 2026-07-15 21:50:57,413 basehttp 10880 4180 "POST /basket/add/37/ HTTP/1.1" 200 57
INFO 2026-07-15 21:51:05,952 basehttp 10880 20348 "GET /basket/ HTTP/1.1" 200 74443
INFO 2026-07-15 21:51:06,319 basehttp 10880 24276 "GET /media/products/1000526983.jpg HTTP/1.1" 200 748398
INFO 2026-07-15 21:51:08,511 basehttp 10880 2352 "GET /media/products/1000533260.jpg HTTP/1.1" 200 748555
INFO 2026-07-15 21:51:08,618 basehttp 10880 18760 "GET /media/products/1000526968.jpg HTTP/1.1" 200 773432
INFO 2026-07-15 21:51:11,104 basehttp 10880 20348 "GET /checkout/ HTTP/1.1" 200 78608
INFO 2026-07-15 21:51:12,212 basehttp 10880 18760 - Broken pipe from ('127.0.0.1', 55427)
INFO 2026-07-15 21:51:12,212 basehttp 10880 25816 - Broken pipe from ('127.0.0.1', 55429)
INFO 2026-07-15 21:51:34,038 autoreload 10880 24448 C:\Users\Hp\Desktop\ORAIMOTECH\core\settings.py changed, reloading.
INFO 2026-07-15 21:51:37,026 autoreload 23624 26536 Watching for file changes with StatReloader
INFO 2026-07-15 21:51:53,559 basehttp 23624 8532 "POST /checkout/ HTTP/1.1" 302 0
INFO 2026-07-15 21:51:54,204 basehttp 23624 8532 "GET /checkout/success/OR-ED8E447F/ HTTP/1.1" 200 64400
INFO 2026-07-15 21:52:02,932 basehttp 23624 8532 "GET /checkout/receipt/OR-ED8E447F/ HTTP/1.1" 200 2855
INFO 2026-07-15 21:55:05,215 basehttp 23624 24680 "GET /adteddymin/ HTTP/1.1" 200 8298
INFO 2026-07-15 21:55:07,739 basehttp 23624 24680 "GET /adteddymin/checkout/order/ HTTP/1.1" 200 19877
INFO 2026-07-15 21:55:07,803 basehttp 23624 24680 "GET /adteddymin/jsi18n/ HTTP/1.1" 200 3342
INFO 2026-07-15 21:57:29,672 basehttp 23624 24680 "GET /shop/ HTTP/1.1" 200 88831
INFO 2026-07-15 21:57:34,607 basehttp 23624 24680 "POST /basket/add/31/ HTTP/1.1" 200 58
INFO 2026-07-15 21:57:34,668 basehttp 23624 16172 "POST /basket/add/31/ HTTP/1.1" 200 58
INFO 2026-07-15 21:57:38,291 basehttp 23624 24680 "POST /basket/add/30/ HTTP/1.1" 200 59
ERROR 2026-07-15 21:57:38,402 log 23624 16172 Internal Server Error: /basket/add/30/
Traceback (most recent call last):
  File "C:\Users\Hp\Desktop\ORAIMOTECH\venv\Lib\site-packages\django\db\backends\utils.py", line 105, in _execute
    return self.cursor.execute(sql, params)
           ^^^^^^^^^^^^^^^^^^^^^^^^^^^^^^^^
psycopg2.errors.UniqueViolation: duplicate key value violates unique constraint "basket_savedbasketitem_user_id_variant_id_7c915701_uniq"
DETAIL:  Key (user_id, variant_id)=(2, 30) already exists.


The above exception was the direct cause of the following exception:

Traceback (most recent call last):
  File "C:\Users\Hp\Desktop\ORAIMOTECH\venv\Lib\site-packages\django\core\handlers\exception.py", line 55, in inner
    response = get_response(request)
               ^^^^^^^^^^^^^^^^^^^^^
  File "C:\Users\Hp\Desktop\ORAIMOTECH\venv\Lib\site-packages\django\core\handlers\base.py", line 197, in _get_response
    response = wrapped_callback(request, *callback_args, **callback_kwargs)
               ^^^^^^^^^^^^^^^^^^^^^^^^^^^^^^^^^^^^^^^^^^^^^^^^^^^^^^^^^^^^
  File "C:\Users\Hp\Desktop\ORAIMOTECH\venv\Lib\site-packages\django\views\decorators\http.py", line 63, in inner
    return func(request, *args, **kwargs)
           ^^^^^^^^^^^^^^^^^^^^^^^^^^^^^^
  File "C:\Users\Hp\Desktop\ORAIMOTECH\basket\views.py", line 17, in basket_add
    basket.add(variant_id, quantity)
  File "C:\Users\Hp\Desktop\ORAIMOTECH\basket\basket.py", line 25, in add
    self._sync_with_user()
  File "C:\Users\Hp\Desktop\ORAIMOTECH\basket\basket.py", line 63, in _sync_with_user
    self.save_to_user(self.request.user)
  File "C:\Users\Hp\Desktop\ORAIMOTECH\basket\basket.py", line 96, in save_to_user
    SavedBasketItem.objects.create(
  File "C:\Users\Hp\Desktop\ORAIMOTECH\venv\Lib\site-packages\django\db\models\manager.py", line 87, in manager_method
    return getattr(self.get_queryset(), name)(*args, **kwargs)
           ^^^^^^^^^^^^^^^^^^^^^^^^^^^^^^^^^^^^^^^^^^^^^^^^^^^
  File "C:\Users\Hp\Desktop\ORAIMOTECH\venv\Lib\site-packages\django\db\models\query.py", line 677, in create
    obj.save(force_insert=True, using=self.db)
  File "C:\Users\Hp\Desktop\ORAIMOTECH\venv\Lib\site-packages\django\db\models\base.py", line 814, in save
    self.save_base(
  File "C:\Users\Hp\Desktop\ORAIMOTECH\venv\Lib\site-packages\django\db\models\base.py", line 901, in save_base
    updated = self._save_table(
              ^^^^^^^^^^^^^^^^^
  File "C:\Users\Hp\Desktop\ORAIMOTECH\venv\Lib\site-packages\django\db\models\base.py", line 1059, in _save_table
    results = self._do_insert(
              ^^^^^^^^^^^^^^^^
  File "C:\Users\Hp\Desktop\ORAIMOTECH\venv\Lib\site-packages\django\db\models\base.py", line 1100, in _do_insert
    return manager._insert(
           ^^^^^^^^^^^^^^^^
  File "C:\Users\Hp\Desktop\ORAIMOTECH\venv\Lib\site-packages\django\db\models\manager.py", line 87, in manager_method
    return getattr(self.get_queryset(), name)(*args, **kwargs)
           ^^^^^^^^^^^^^^^^^^^^^^^^^^^^^^^^^^^^^^^^^^^^^^^^^^^
  File "C:\Users\Hp\Desktop\ORAIMOTECH\venv\Lib\site-packages\django\db\models\query.py", line 1845, in _insert
    return query.get_compiler(using=using).execute_sql(returning_fields)
           ^^^^^^^^^^^^^^^^^^^^^^^^^^^^^^^^^^^^^^^^^^^^^^^^^^^^^^^^^^^^^
  File "C:\Users\Hp\Desktop\ORAIMOTECH\venv\Lib\site-packages\django\db\models\sql\compiler.py", line 1822, in execute_sql
    cursor.execute(sql, params)
  File "C:\Users\Hp\Desktop\ORAIMOTECH\venv\Lib\site-packages\django\db\backends\utils.py", line 122, in execute
    return super().execute(sql, params)
           ^^^^^^^^^^^^^^^^^^^^^^^^^^^^
  File "C:\Users\Hp\Desktop\ORAIMOTECH\venv\Lib\site-packages\django\db\backends\utils.py", line 79, in execute
    return self._execute_with_wrappers(
           ^^^^^^^^^^^^^^^^^^^^^^^^^^^^
  File "C:\Users\Hp\Desktop\ORAIMOTECH\venv\Lib\site-packages\django\db\backends\utils.py", line 92, in _execute_with_wrappers
    return executor(sql, params, many, context)
           ^^^^^^^^^^^^^^^^^^^^^^^^^^^^^^^^^^^^
  File "C:\Users\Hp\Desktop\ORAIMOTECH\venv\Lib\site-packages\django\db\backends\utils.py", line 100, in _execute
    with self.db.wrap_database_errors:
  File "C:\Users\Hp\Desktop\ORAIMOTECH\venv\Lib\site-packages\django\db\utils.py", line 91, in __exit__
    raise dj_exc_value.with_traceback(traceback) from exc_value
  File "C:\Users\Hp\Desktop\ORAIMOTECH\venv\Lib\site-packages\django\db\backends\utils.py", line 105, in _execute
    return self.cursor.execute(sql, params)
           ^^^^^^^^^^^^^^^^^^^^^^^^^^^^^^^^
django.db.utils.IntegrityError: duplicate key value violates unique constraint "basket_savedbasketitem_user_id_variant_id_7c915701_uniq"
DETAIL:  Key (user_id, variant_id)=(2, 30) already exists.

ERROR 2026-07-15 21:57:38,402 log 23624 16172 Internal Server Error: /basket/add/30/
Traceback (most recent call last):
  File "C:\Users\Hp\Desktop\ORAIMOTECH\venv\Lib\site-packages\django\db\backends\utils.py", line 105, in _execute
    return self.cursor.execute(sql, params)
           ^^^^^^^^^^^^^^^^^^^^^^^^^^^^^^^^
psycopg2.errors.UniqueViolation: duplicate key value violates unique constraint "basket_savedbasketitem_user_id_variant_id_7c915701_uniq"
DETAIL:  Key (user_id, variant_id)=(2, 30) already exists.


The above exception was the direct cause of the following exception:

Traceback (most recent call last):
  File "C:\Users\Hp\Desktop\ORAIMOTECH\venv\Lib\site-packages\django\core\handlers\exception.py", line 55, in inner
    response = get_response(request)
               ^^^^^^^^^^^^^^^^^^^^^
  File "C:\Users\Hp\Desktop\ORAIMOTECH\venv\Lib\site-packages\django\core\handlers\base.py", line 197, in _get_response
    response = wrapped_callback(request, *callback_args, **callback_kwargs)
               ^^^^^^^^^^^^^^^^^^^^^^^^^^^^^^^^^^^^^^^^^^^^^^^^^^^^^^^^^^^^
  File "C:\Users\Hp\Desktop\ORAIMOTECH\venv\Lib\site-packages\django\views\decorators\http.py", line 63, in inner
    return func(request, *args, **kwargs)
           ^^^^^^^^^^^^^^^^^^^^^^^^^^^^^^
  File "C:\Users\Hp\Desktop\ORAIMOTECH\basket\views.py", line 17, in basket_add
    basket.add(variant_id, quantity)
  File "C:\Users\Hp\Desktop\ORAIMOTECH\basket\basket.py", line 25, in add
    self._sync_with_user()
  File "C:\Users\Hp\Desktop\ORAIMOTECH\basket\basket.py", line 63, in _sync_with_user
    self.save_to_user(self.request.user)
  File "C:\Users\Hp\Desktop\ORAIMOTECH\basket\basket.py", line 96, in save_to_user
    SavedBasketItem.objects.create(
  File "C:\Users\Hp\Desktop\ORAIMOTECH\venv\Lib\site-packages\django\db\models\manager.py", line 87, in manager_method
    return getattr(self.get_queryset(), name)(*args, **kwargs)
           ^^^^^^^^^^^^^^^^^^^^^^^^^^^^^^^^^^^^^^^^^^^^^^^^^^^
  File "C:\Users\Hp\Desktop\ORAIMOTECH\venv\Lib\site-packages\django\db\models\query.py", line 677, in create
    obj.save(force_insert=True, using=self.db)
  File "C:\Users\Hp\Desktop\ORAIMOTECH\venv\Lib\site-packages\django\db\models\base.py", line 814, in save
    self.save_base(
  File "C:\Users\Hp\Desktop\ORAIMOTECH\venv\Lib\site-packages\django\db\models\base.py", line 901, in save_base
    updated = self._save_table(
              ^^^^^^^^^^^^^^^^^
  File "C:\Users\Hp\Desktop\ORAIMOTECH\venv\Lib\site-packages\django\db\models\base.py", line 1059, in _save_table
    results = self._do_insert(
              ^^^^^^^^^^^^^^^^
  File "C:\Users\Hp\Desktop\ORAIMOTECH\venv\Lib\site-packages\django\db\models\base.py", line 1100, in _do_insert
    return manager._insert(
           ^^^^^^^^^^^^^^^^
  File "C:\Users\Hp\Desktop\ORAIMOTECH\venv\Lib\site-packages\django\db\models\manager.py", line 87, in manager_method
    return getattr(self.get_queryset(), name)(*args, **kwargs)
           ^^^^^^^^^^^^^^^^^^^^^^^^^^^^^^^^^^^^^^^^^^^^^^^^^^^
  File "C:\Users\Hp\Desktop\ORAIMOTECH\venv\Lib\site-packages\django\db\models\query.py", line 1845, in _insert
    return query.get_compiler(using=using).execute_sql(returning_fields)
           ^^^^^^^^^^^^^^^^^^^^^^^^^^^^^^^^^^^^^^^^^^^^^^^^^^^^^^^^^^^^^
  File "C:\Users\Hp\Desktop\ORAIMOTECH\venv\Lib\site-packages\django\db\models\sql\compiler.py", line 1822, in execute_sql
    cursor.execute(sql, params)
  File "C:\Users\Hp\Desktop\ORAIMOTECH\venv\Lib\site-packages\django\db\backends\utils.py", line 122, in execute
    return super().execute(sql, params)
           ^^^^^^^^^^^^^^^^^^^^^^^^^^^^
  File "C:\Users\Hp\Desktop\ORAIMOTECH\venv\Lib\site-packages\django\db\backends\utils.py", line 79, in execute
    return self._execute_with_wrappers(
           ^^^^^^^^^^^^^^^^^^^^^^^^^^^^
  File "C:\Users\Hp\Desktop\ORAIMOTECH\venv\Lib\site-packages\django\db\backends\utils.py", line 92, in _execute_with_wrappers
    return executor(sql, params, many, context)
           ^^^^^^^^^^^^^^^^^^^^^^^^^^^^^^^^^^^^
  File "C:\Users\Hp\Desktop\ORAIMOTECH\venv\Lib\site-packages\django\db\backends\utils.py", line 100, in _execute
    with self.db.wrap_database_errors:
  File "C:\Users\Hp\Desktop\ORAIMOTECH\venv\Lib\site-packages\django\db\utils.py", line 91, in __exit__
    raise dj_exc_value.with_traceback(traceback) from exc_value
  File "C:\Users\Hp\Desktop\ORAIMOTECH\venv\Lib\site-packages\django\db\backends\utils.py", line 105, in _execute
    return self.cursor.execute(sql, params)
           ^^^^^^^^^^^^^^^^^^^^^^^^^^^^^^^^
django.db.utils.IntegrityError: duplicate key value violates unique constraint "basket_savedbasketitem_user_id_variant_id_7c915701_uniq"
DETAIL:  Key (user_id, variant_id)=(2, 30) already exists.

ERROR 2026-07-15 21:57:38,483 basehttp 23624 16172 "POST /basket/add/30/ HTTP/1.1" 500 180360
INFO 2026-07-15 21:57:42,950 basehttp 23624 16172 "POST /basket/add/30/ HTTP/1.1" 200 59
ERROR 2026-07-15 21:57:43,005 log 23624 24680 Internal Server Error: /basket/add/30/
Traceback (most recent call last):
  File "C:\Users\Hp\Desktop\ORAIMOTECH\venv\Lib\site-packages\django\db\backends\utils.py", line 105, in _execute
    return self.cursor.execute(sql, params)
           ^^^^^^^^^^^^^^^^^^^^^^^^^^^^^^^^
psycopg2.errors.UniqueViolation: duplicate key value violates unique constraint "basket_savedbasketitem_user_id_variant_id_7c915701_uniq"
DETAIL:  Key (user_id, variant_id)=(2, 37) already exists.


The above exception was the direct cause of the following exception:

Traceback (most recent call last):
  File "C:\Users\Hp\Desktop\ORAIMOTECH\venv\Lib\site-packages\django\core\handlers\exception.py", line 55, in inner
    response = get_response(request)
               ^^^^^^^^^^^^^^^^^^^^^
  File "C:\Users\Hp\Desktop\ORAIMOTECH\venv\Lib\site-packages\django\core\handlers\base.py", line 197, in _get_response
    response = wrapped_callback(request, *callback_args, **callback_kwargs)
               ^^^^^^^^^^^^^^^^^^^^^^^^^^^^^^^^^^^^^^^^^^^^^^^^^^^^^^^^^^^^
  File "C:\Users\Hp\Desktop\ORAIMOTECH\venv\Lib\site-packages\django\views\decorators\http.py", line 63, in inner
    return func(request, *args, **kwargs)
           ^^^^^^^^^^^^^^^^^^^^^^^^^^^^^^
  File "C:\Users\Hp\Desktop\ORAIMOTECH\basket\views.py", line 17, in basket_add
    basket.add(variant_id, quantity)
  File "C:\Users\Hp\Desktop\ORAIMOTECH\basket\basket.py", line 25, in add
    self._sync_with_user()
  File "C:\Users\Hp\Desktop\ORAIMOTECH\basket\basket.py", line 63, in _sync_with_user
    self.save_to_user(self.request.user)
  File "C:\Users\Hp\Desktop\ORAIMOTECH\basket\basket.py", line 96, in save_to_user
    SavedBasketItem.objects.create(
  File "C:\Users\Hp\Desktop\ORAIMOTECH\venv\Lib\site-packages\django\db\models\manager.py", line 87, in manager_method
    return getattr(self.get_queryset(), name)(*args, **kwargs)
           ^^^^^^^^^^^^^^^^^^^^^^^^^^^^^^^^^^^^^^^^^^^^^^^^^^^
  File "C:\Users\Hp\Desktop\ORAIMOTECH\venv\Lib\site-packages\django\db\models\query.py", line 677, in create
    obj.save(force_insert=True, using=self.db)
  File "C:\Users\Hp\Desktop\ORAIMOTECH\venv\Lib\site-packages\django\db\models\base.py", line 814, in save
    self.save_base(
  File "C:\Users\Hp\Desktop\ORAIMOTECH\venv\Lib\site-packages\django\db\models\base.py", line 901, in save_base
    updated = self._save_table(
              ^^^^^^^^^^^^^^^^^
  File "C:\Users\Hp\Desktop\ORAIMOTECH\venv\Lib\site-packages\django\db\models\base.py", line 1059, in _save_table
    results = self._do_insert(
              ^^^^^^^^^^^^^^^^
  File "C:\Users\Hp\Desktop\ORAIMOTECH\venv\Lib\site-packages\django\db\models\base.py", line 1100, in _do_insert
    return manager._insert(
           ^^^^^^^^^^^^^^^^
  File "C:\Users\Hp\Desktop\ORAIMOTECH\venv\Lib\site-packages\django\db\models\manager.py", line 87, in manager_method
    return getattr(self.get_queryset(), name)(*args, **kwargs)
           ^^^^^^^^^^^^^^^^^^^^^^^^^^^^^^^^^^^^^^^^^^^^^^^^^^^
  File "C:\Users\Hp\Desktop\ORAIMOTECH\venv\Lib\site-packages\django\db\models\query.py", line 1845, in _insert
    return query.get_compiler(using=using).execute_sql(returning_fields)
           ^^^^^^^^^^^^^^^^^^^^^^^^^^^^^^^^^^^^^^^^^^^^^^^^^^^^^^^^^^^^^
  File "C:\Users\Hp\Desktop\ORAIMOTECH\venv\Lib\site-packages\django\db\models\sql\compiler.py", line 1822, in execute_sql
    cursor.execute(sql, params)
  File "C:\Users\Hp\Desktop\ORAIMOTECH\venv\Lib\site-packages\django\db\backends\utils.py", line 122, in execute
    return super().execute(sql, params)
           ^^^^^^^^^^^^^^^^^^^^^^^^^^^^
  File "C:\Users\Hp\Desktop\ORAIMOTECH\venv\Lib\site-packages\django\db\backends\utils.py", line 79, in execute
    return self._execute_with_wrappers(
           ^^^^^^^^^^^^^^^^^^^^^^^^^^^^
  File "C:\Users\Hp\Desktop\ORAIMOTECH\venv\Lib\site-packages\django\db\backends\utils.py", line 92, in _execute_with_wrappers
    return executor(sql, params, many, context)
           ^^^^^^^^^^^^^^^^^^^^^^^^^^^^^^^^^^^^
  File "C:\Users\Hp\Desktop\ORAIMOTECH\venv\Lib\site-packages\django\db\backends\utils.py", line 100, in _execute
    with self.db.wrap_database_errors:
  File "C:\Users\Hp\Desktop\ORAIMOTECH\venv\Lib\site-packages\django\db\utils.py", line 91, in __exit__
    raise dj_exc_value.with_traceback(traceback) from exc_value
  File "C:\Users\Hp\Desktop\ORAIMOTECH\venv\Lib\site-packages\django\db\backends\utils.py", line 105, in _execute
    return self.cursor.execute(sql, params)
           ^^^^^^^^^^^^^^^^^^^^^^^^^^^^^^^^
django.db.utils.IntegrityError: duplicate key value violates unique constraint "basket_savedbasketitem_user_id_variant_id_7c915701_uniq"
DETAIL:  Key (user_id, variant_id)=(2, 37) already exists.

ERROR 2026-07-15 21:57:43,005 log 23624 24680 Internal Server Error: /basket/add/30/
Traceback (most recent call last):
  File "C:\Users\Hp\Desktop\ORAIMOTECH\venv\Lib\site-packages\django\db\backends\utils.py", line 105, in _execute
    return self.cursor.execute(sql, params)
           ^^^^^^^^^^^^^^^^^^^^^^^^^^^^^^^^
psycopg2.errors.UniqueViolation: duplicate key value violates unique constraint "basket_savedbasketitem_user_id_variant_id_7c915701_uniq"
DETAIL:  Key (user_id, variant_id)=(2, 37) already exists.


The above exception was the direct cause of the following exception:

Traceback (most recent call last):
  File "C:\Users\Hp\Desktop\ORAIMOTECH\venv\Lib\site-packages\django\core\handlers\exception.py", line 55, in inner
    response = get_response(request)
               ^^^^^^^^^^^^^^^^^^^^^
  File "C:\Users\Hp\Desktop\ORAIMOTECH\venv\Lib\site-packages\django\core\handlers\base.py", line 197, in _get_response
    response = wrapped_callback(request, *callback_args, **callback_kwargs)
               ^^^^^^^^^^^^^^^^^^^^^^^^^^^^^^^^^^^^^^^^^^^^^^^^^^^^^^^^^^^^
  File "C:\Users\Hp\Desktop\ORAIMOTECH\venv\Lib\site-packages\django\views\decorators\http.py", line 63, in inner
    return func(request, *args, **kwargs)
           ^^^^^^^^^^^^^^^^^^^^^^^^^^^^^^
  File "C:\Users\Hp\Desktop\ORAIMOTECH\basket\views.py", line 17, in basket_add
    basket.add(variant_id, quantity)
  File "C:\Users\Hp\Desktop\ORAIMOTECH\basket\basket.py", line 25, in add
    self._sync_with_user()
  File "C:\Users\Hp\Desktop\ORAIMOTECH\basket\basket.py", line 63, in _sync_with_user
    self.save_to_user(self.request.user)
  File "C:\Users\Hp\Desktop\ORAIMOTECH\basket\basket.py", line 96, in save_to_user
    SavedBasketItem.objects.create(
  File "C:\Users\Hp\Desktop\ORAIMOTECH\venv\Lib\site-packages\django\db\models\manager.py", line 87, in manager_method
    return getattr(self.get_queryset(), name)(*args, **kwargs)
           ^^^^^^^^^^^^^^^^^^^^^^^^^^^^^^^^^^^^^^^^^^^^^^^^^^^
  File "C:\Users\Hp\Desktop\ORAIMOTECH\venv\Lib\site-packages\django\db\models\query.py", line 677, in create
    obj.save(force_insert=True, using=self.db)
  File "C:\Users\Hp\Desktop\ORAIMOTECH\venv\Lib\site-packages\django\db\models\base.py", line 814, in save
    self.save_base(
  File "C:\Users\Hp\Desktop\ORAIMOTECH\venv\Lib\site-packages\django\db\models\base.py", line 901, in save_base
    updated = self._save_table(
              ^^^^^^^^^^^^^^^^^
  File "C:\Users\Hp\Desktop\ORAIMOTECH\venv\Lib\site-packages\django\db\models\base.py", line 1059, in _save_table
    results = self._do_insert(
              ^^^^^^^^^^^^^^^^
  File "C:\Users\Hp\Desktop\ORAIMOTECH\venv\Lib\site-packages\django\db\models\base.py", line 1100, in _do_insert
    return manager._insert(
           ^^^^^^^^^^^^^^^^
  File "C:\Users\Hp\Desktop\ORAIMOTECH\venv\Lib\site-packages\django\db\models\manager.py", line 87, in manager_method
    return getattr(self.get_queryset(), name)(*args, **kwargs)
           ^^^^^^^^^^^^^^^^^^^^^^^^^^^^^^^^^^^^^^^^^^^^^^^^^^^
  File "C:\Users\Hp\Desktop\ORAIMOTECH\venv\Lib\site-packages\django\db\models\query.py", line 1845, in _insert
    return query.get_compiler(using=using).execute_sql(returning_fields)
           ^^^^^^^^^^^^^^^^^^^^^^^^^^^^^^^^^^^^^^^^^^^^^^^^^^^^^^^^^^^^^
  File "C:\Users\Hp\Desktop\ORAIMOTECH\venv\Lib\site-packages\django\db\models\sql\compiler.py", line 1822, in execute_sql
    cursor.execute(sql, params)
  File "C:\Users\Hp\Desktop\ORAIMOTECH\venv\Lib\site-packages\django\db\backends\utils.py", line 122, in execute
    return super().execute(sql, params)
           ^^^^^^^^^^^^^^^^^^^^^^^^^^^^
  File "C:\Users\Hp\Desktop\ORAIMOTECH\venv\Lib\site-packages\django\db\backends\utils.py", line 79, in execute
    return self._execute_with_wrappers(
           ^^^^^^^^^^^^^^^^^^^^^^^^^^^^
  File "C:\Users\Hp\Desktop\ORAIMOTECH\venv\Lib\site-packages\django\db\backends\utils.py", line 92, in _execute_with_wrappers
    return executor(sql, params, many, context)
           ^^^^^^^^^^^^^^^^^^^^^^^^^^^^^^^^^^^^
  File "C:\Users\Hp\Desktop\ORAIMOTECH\venv\Lib\site-packages\django\db\backends\utils.py", line 100, in _execute
    with self.db.wrap_database_errors:
  File "C:\Users\Hp\Desktop\ORAIMOTECH\venv\Lib\site-packages\django\db\utils.py", line 91, in __exit__
    raise dj_exc_value.with_traceback(traceback) from exc_value
  File "C:\Users\Hp\Desktop\ORAIMOTECH\venv\Lib\site-packages\django\db\backends\utils.py", line 105, in _execute
    return self.cursor.execute(sql, params)
           ^^^^^^^^^^^^^^^^^^^^^^^^^^^^^^^^
django.db.utils.IntegrityError: duplicate key value violates unique constraint "basket_savedbasketitem_user_id_variant_id_7c915701_uniq"
DETAIL:  Key (user_id, variant_id)=(2, 37) already exists.

ERROR 2026-07-15 21:57:43,046 basehttp 23624 24680 "POST /basket/add/30/ HTTP/1.1" 500 180086
INFO 2026-07-15 21:57:46,736 basehttp 23624 24680 "GET /basket/ HTTP/1.1" 200 84577
WARNING 2026-07-15 21:57:53,857 log 23624 24680 Forbidden (CSRF token from the 'X-Csrftoken' HTTP header has incorrect length.): /basket/update/37/
WARNING 2026-07-15 21:57:53,858 basehttp 23624 24680 "POST /basket/update/37/ HTTP/1.1" 403 2563
WARNING 2026-07-15 21:57:54,016 log 23624 24680 Forbidden (CSRF token from the 'X-Csrftoken' HTTP header has incorrect length.): /basket/update/37/
WARNING 2026-07-15 21:57:54,017 basehttp 23624 24680 "POST /basket/update/37/ HTTP/1.1" 403 2563
WARNING 2026-07-15 21:57:54,185 log 23624 24680 Forbidden (CSRF token from the 'X-Csrftoken' HTTP header has incorrect length.): /basket/update/37/
WARNING 2026-07-15 21:57:54,186 basehttp 23624 24680 "POST /basket/update/37/ HTTP/1.1" 403 2563
WARNING 2026-07-15 21:57:54,337 log 23624 24680 Forbidden (CSRF token from the 'X-Csrftoken' HTTP header has incorrect length.): /basket/update/37/
WARNING 2026-07-15 21:57:54,338 basehttp 23624 24680 "POST /basket/update/37/ HTTP/1.1" 403 2563
WARNING 2026-07-15 21:57:54,501 log 23624 24680 Forbidden (CSRF token from the 'X-Csrftoken' HTTP header has incorrect length.): /basket/update/37/
WARNING 2026-07-15 21:57:54,502 basehttp 23624 24680 "POST /basket/update/37/ HTTP/1.1" 403 2563
WARNING 2026-07-15 21:57:54,654 log 23624 24680 Forbidden (CSRF token from the 'X-Csrftoken' HTTP header has incorrect length.): /basket/update/37/
WARNING 2026-07-15 21:57:54,655 basehttp 23624 24680 "POST /basket/update/37/ HTTP/1.1" 403 2563
WARNING 2026-07-15 21:57:54,838 log 23624 24680 Forbidden (CSRF token from the 'X-Csrftoken' HTTP header has incorrect length.): /basket/update/37/
WARNING 2026-07-15 21:57:54,839 basehttp 23624 24680 "POST /basket/update/37/ HTTP/1.1" 403 2563
WARNING 2026-07-15 21:57:55,018 log 23624 24680 Forbidden (CSRF token from the 'X-Csrftoken' HTTP header has incorrect length.): /basket/update/37/
WARNING 2026-07-15 21:57:55,018 basehttp 23624 24680 "POST /basket/update/37/ HTTP/1.1" 403 2563
WARNING 2026-07-15 21:57:55,188 log 23624 24680 Forbidden (CSRF token from the 'X-Csrftoken' HTTP header has incorrect length.): /basket/update/37/
WARNING 2026-07-15 21:57:55,189 basehttp 23624 24680 "POST /basket/update/37/ HTTP/1.1" 403 2563
WARNING 2026-07-15 21:57:55,404 log 23624 24680 Forbidden (CSRF token from the 'X-Csrftoken' HTTP header has incorrect length.): /basket/update/37/
WARNING 2026-07-15 21:57:55,405 basehttp 23624 24680 "POST /basket/update/37/ HTTP/1.1" 403 2563
WARNING 2026-07-15 21:57:55,802 log 23624 24680 Forbidden (CSRF token from the 'X-Csrftoken' HTTP header has incorrect length.): /basket/update/37/
WARNING 2026-07-15 21:57:55,803 basehttp 23624 24680 "POST /basket/update/37/ HTTP/1.1" 403 2563
WARNING 2026-07-15 21:57:56,009 log 23624 24680 Forbidden (CSRF token from the 'X-Csrftoken' HTTP header has incorrect length.): /basket/update/37/
WARNING 2026-07-15 21:57:56,009 basehttp 23624 24680 "POST /basket/update/37/ HTTP/1.1" 403 2563
WARNING 2026-07-15 21:57:57,680 log 23624 24680 Forbidden (CSRF token from the 'X-Csrftoken' HTTP header has incorrect length.): /basket/update/31/
WARNING 2026-07-15 21:57:57,681 basehttp 23624 24680 "POST /basket/update/31/ HTTP/1.1" 403 2563
INFO 2026-07-15 21:57:59,530 basehttp 23624 24680 "POST /basket/remove/31/ HTTP/1.1" 200 35
INFO 2026-07-15 21:57:59,556 basehttp 23624 24680 "GET /basket/ HTTP/1.1" 200 82737
WARNING 2026-07-15 21:58:01,787 log 23624 24680 Forbidden (CSRF token from the 'X-Csrftoken' HTTP header has incorrect length.): /basket/update/37/
WARNING 2026-07-15 21:58:01,788 basehttp 23624 24680 "POST /basket/update/37/ HTTP/1.1" 403 2563
WARNING 2026-07-15 21:58:01,954 log 23624 24680 Forbidden (CSRF token from the 'X-Csrftoken' HTTP header has incorrect length.): /basket/update/37/
WARNING 2026-07-15 21:58:01,955 basehttp 23624 24680 "POST /basket/update/37/ HTTP/1.1" 403 2563
WARNING 2026-07-15 21:58:02,123 log 23624 24680 Forbidden (CSRF token from the 'X-Csrftoken' HTTP header has incorrect length.): /basket/update/37/
WARNING 2026-07-15 21:58:02,124 basehttp 23624 24680 "POST /basket/update/37/ HTTP/1.1" 403 2563
INFO 2026-07-15 21:58:03,758 basehttp 23624 24680 "GET /basket/ HTTP/1.1" 200 82737
INFO 2026-07-15 21:58:07,043 basehttp 23624 24680 "GET / HTTP/1.1" 200 106919
INFO 2026-07-15 21:58:11,099 basehttp 23624 24680 "POST /basket/add/33/ HTTP/1.1" 200 59
ERROR 2026-07-15 21:58:11,171 log 23624 16172 Internal Server Error: /basket/add/33/
Traceback (most recent call last):
  File "C:\Users\Hp\Desktop\ORAIMOTECH\venv\Lib\site-packages\django\db\backends\utils.py", line 105, in _execute
    return self.cursor.execute(sql, params)
           ^^^^^^^^^^^^^^^^^^^^^^^^^^^^^^^^
psycopg2.errors.UniqueViolation: duplicate key value violates unique constraint "basket_savedbasketitem_user_id_variant_id_7c915701_uniq"
DETAIL:  Key (user_id, variant_id)=(2, 37) already exists.


The above exception was the direct cause of the following exception:

Traceback (most recent call last):
  File "C:\Users\Hp\Desktop\ORAIMOTECH\venv\Lib\site-packages\django\core\handlers\exception.py", line 55, in inner
    response = get_response(request)
               ^^^^^^^^^^^^^^^^^^^^^
  File "C:\Users\Hp\Desktop\ORAIMOTECH\venv\Lib\site-packages\django\core\handlers\base.py", line 197, in _get_response
    response = wrapped_callback(request, *callback_args, **callback_kwargs)
               ^^^^^^^^^^^^^^^^^^^^^^^^^^^^^^^^^^^^^^^^^^^^^^^^^^^^^^^^^^^^
  File "C:\Users\Hp\Desktop\ORAIMOTECH\venv\Lib\site-packages\django\views\decorators\http.py", line 63, in inner
    return func(request, *args, **kwargs)
           ^^^^^^^^^^^^^^^^^^^^^^^^^^^^^^
  File "C:\Users\Hp\Desktop\ORAIMOTECH\basket\views.py", line 17, in basket_add
    basket.add(variant_id, quantity)
  File "C:\Users\Hp\Desktop\ORAIMOTECH\basket\basket.py", line 25, in add
    self._sync_with_user()
  File "C:\Users\Hp\Desktop\ORAIMOTECH\basket\basket.py", line 63, in _sync_with_user
    self.save_to_user(self.request.user)
  File "C:\Users\Hp\Desktop\ORAIMOTECH\basket\basket.py", line 96, in save_to_user
    SavedBasketItem.objects.create(
  File "C:\Users\Hp\Desktop\ORAIMOTECH\venv\Lib\site-packages\django\db\models\manager.py", line 87, in manager_method
    return getattr(self.get_queryset(), name)(*args, **kwargs)
           ^^^^^^^^^^^^^^^^^^^^^^^^^^^^^^^^^^^^^^^^^^^^^^^^^^^
  File "C:\Users\Hp\Desktop\ORAIMOTECH\venv\Lib\site-packages\django\db\models\query.py", line 677, in create
    obj.save(force_insert=True, using=self.db)
  File "C:\Users\Hp\Desktop\ORAIMOTECH\venv\Lib\site-packages\django\db\models\base.py", line 814, in save
    self.save_base(
  File "C:\Users\Hp\Desktop\ORAIMOTECH\venv\Lib\site-packages\django\db\models\base.py", line 901, in save_base
    updated = self._save_table(
              ^^^^^^^^^^^^^^^^^
  File "C:\Users\Hp\Desktop\ORAIMOTECH\venv\Lib\site-packages\django\db\models\base.py", line 1059, in _save_table
    results = self._do_insert(
              ^^^^^^^^^^^^^^^^
  File "C:\Users\Hp\Desktop\ORAIMOTECH\venv\Lib\site-packages\django\db\models\base.py", line 1100, in _do_insert
    return manager._insert(
           ^^^^^^^^^^^^^^^^
  File "C:\Users\Hp\Desktop\ORAIMOTECH\venv\Lib\site-packages\django\db\models\manager.py", line 87, in manager_method
    return getattr(self.get_queryset(), name)(*args, **kwargs)
           ^^^^^^^^^^^^^^^^^^^^^^^^^^^^^^^^^^^^^^^^^^^^^^^^^^^
  File "C:\Users\Hp\Desktop\ORAIMOTECH\venv\Lib\site-packages\django\db\models\query.py", line 1845, in _insert
    return query.get_compiler(using=using).execute_sql(returning_fields)
           ^^^^^^^^^^^^^^^^^^^^^^^^^^^^^^^^^^^^^^^^^^^^^^^^^^^^^^^^^^^^^
  File "C:\Users\Hp\Desktop\ORAIMOTECH\venv\Lib\site-packages\django\db\models\sql\compiler.py", line 1822, in execute_sql
    cursor.execute(sql, params)
  File "C:\Users\Hp\Desktop\ORAIMOTECH\venv\Lib\site-packages\django\db\backends\utils.py", line 122, in execute
    return super().execute(sql, params)
           ^^^^^^^^^^^^^^^^^^^^^^^^^^^^
  File "C:\Users\Hp\Desktop\ORAIMOTECH\venv\Lib\site-packages\django\db\backends\utils.py", line 79, in execute
    return self._execute_with_wrappers(
           ^^^^^^^^^^^^^^^^^^^^^^^^^^^^
  File "C:\Users\Hp\Desktop\ORAIMOTECH\venv\Lib\site-packages\django\db\backends\utils.py", line 92, in _execute_with_wrappers
    return executor(sql, params, many, context)
           ^^^^^^^^^^^^^^^^^^^^^^^^^^^^^^^^^^^^
  File "C:\Users\Hp\Desktop\ORAIMOTECH\venv\Lib\site-packages\django\db\backends\utils.py", line 100, in _execute
    with self.db.wrap_database_errors:
  File "C:\Users\Hp\Desktop\ORAIMOTECH\venv\Lib\site-packages\django\db\utils.py", line 91, in __exit__
    raise dj_exc_value.with_traceback(traceback) from exc_value
  File "C:\Users\Hp\Desktop\ORAIMOTECH\venv\Lib\site-packages\django\db\backends\utils.py", line 105, in _execute
    return self.cursor.execute(sql, params)
           ^^^^^^^^^^^^^^^^^^^^^^^^^^^^^^^^
django.db.utils.IntegrityError: duplicate key value violates unique constraint "basket_savedbasketitem_user_id_variant_id_7c915701_uniq"
DETAIL:  Key (user_id, variant_id)=(2, 37) already exists.

ERROR 2026-07-15 21:58:11,171 log 23624 16172 Internal Server Error: /basket/add/33/
Traceback (most recent call last):
  File "C:\Users\Hp\Desktop\ORAIMOTECH\venv\Lib\site-packages\django\db\backends\utils.py", line 105, in _execute
    return self.cursor.execute(sql, params)
           ^^^^^^^^^^^^^^^^^^^^^^^^^^^^^^^^
psycopg2.errors.UniqueViolation: duplicate key value violates unique constraint "basket_savedbasketitem_user_id_variant_id_7c915701_uniq"
DETAIL:  Key (user_id, variant_id)=(2, 37) already exists.


The above exception was the direct cause of the following exception:

Traceback (most recent call last):
  File "C:\Users\Hp\Desktop\ORAIMOTECH\venv\Lib\site-packages\django\core\handlers\exception.py", line 55, in inner
    response = get_response(request)
               ^^^^^^^^^^^^^^^^^^^^^
  File "C:\Users\Hp\Desktop\ORAIMOTECH\venv\Lib\site-packages\django\core\handlers\base.py", line 197, in _get_response
    response = wrapped_callback(request, *callback_args, **callback_kwargs)
               ^^^^^^^^^^^^^^^^^^^^^^^^^^^^^^^^^^^^^^^^^^^^^^^^^^^^^^^^^^^^
  File "C:\Users\Hp\Desktop\ORAIMOTECH\venv\Lib\site-packages\django\views\decorators\http.py", line 63, in inner
    return func(request, *args, **kwargs)
           ^^^^^^^^^^^^^^^^^^^^^^^^^^^^^^
  File "C:\Users\Hp\Desktop\ORAIMOTECH\basket\views.py", line 17, in basket_add
    basket.add(variant_id, quantity)
  File "C:\Users\Hp\Desktop\ORAIMOTECH\basket\basket.py", line 25, in add
    self._sync_with_user()
  File "C:\Users\Hp\Desktop\ORAIMOTECH\basket\basket.py", line 63, in _sync_with_user
    self.save_to_user(self.request.user)
  File "C:\Users\Hp\Desktop\ORAIMOTECH\basket\basket.py", line 96, in save_to_user
    SavedBasketItem.objects.create(
  File "C:\Users\Hp\Desktop\ORAIMOTECH\venv\Lib\site-packages\django\db\models\manager.py", line 87, in manager_method
    return getattr(self.get_queryset(), name)(*args, **kwargs)
           ^^^^^^^^^^^^^^^^^^^^^^^^^^^^^^^^^^^^^^^^^^^^^^^^^^^
  File "C:\Users\Hp\Desktop\ORAIMOTECH\venv\Lib\site-packages\django\db\models\query.py", line 677, in create
    obj.save(force_insert=True, using=self.db)
  File "C:\Users\Hp\Desktop\ORAIMOTECH\venv\Lib\site-packages\django\db\models\base.py", line 814, in save
    self.save_base(
  File "C:\Users\Hp\Desktop\ORAIMOTECH\venv\Lib\site-packages\django\db\models\base.py", line 901, in save_base
    updated = self._save_table(
              ^^^^^^^^^^^^^^^^^
  File "C:\Users\Hp\Desktop\ORAIMOTECH\venv\Lib\site-packages\django\db\models\base.py", line 1059, in _save_table
    results = self._do_insert(
              ^^^^^^^^^^^^^^^^
  File "C:\Users\Hp\Desktop\ORAIMOTECH\venv\Lib\site-packages\django\db\models\base.py", line 1100, in _do_insert
    return manager._insert(
           ^^^^^^^^^^^^^^^^
  File "C:\Users\Hp\Desktop\ORAIMOTECH\venv\Lib\site-packages\django\db\models\manager.py", line 87, in manager_method
    return getattr(self.get_queryset(), name)(*args, **kwargs)
           ^^^^^^^^^^^^^^^^^^^^^^^^^^^^^^^^^^^^^^^^^^^^^^^^^^^
  File "C:\Users\Hp\Desktop\ORAIMOTECH\venv\Lib\site-packages\django\db\models\query.py", line 1845, in _insert
    return query.get_compiler(using=using).execute_sql(returning_fields)
           ^^^^^^^^^^^^^^^^^^^^^^^^^^^^^^^^^^^^^^^^^^^^^^^^^^^^^^^^^^^^^
  File "C:\Users\Hp\Desktop\ORAIMOTECH\venv\Lib\site-packages\django\db\models\sql\compiler.py", line 1822, in execute_sql
    cursor.execute(sql, params)
  File "C:\Users\Hp\Desktop\ORAIMOTECH\venv\Lib\site-packages\django\db\backends\utils.py", line 122, in execute
    return super().execute(sql, params)
           ^^^^^^^^^^^^^^^^^^^^^^^^^^^^
  File "C:\Users\Hp\Desktop\ORAIMOTECH\venv\Lib\site-packages\django\db\backends\utils.py", line 79, in execute
    return self._execute_with_wrappers(
           ^^^^^^^^^^^^^^^^^^^^^^^^^^^^
  File "C:\Users\Hp\Desktop\ORAIMOTECH\venv\Lib\site-packages\django\db\backends\utils.py", line 92, in _execute_with_wrappers
    return executor(sql, params, many, context)
           ^^^^^^^^^^^^^^^^^^^^^^^^^^^^^^^^^^^^
  File "C:\Users\Hp\Desktop\ORAIMOTECH\venv\Lib\site-packages\django\db\backends\utils.py", line 100, in _execute
    with self.db.wrap_database_errors:
  File "C:\Users\Hp\Desktop\ORAIMOTECH\venv\Lib\site-packages\django\db\utils.py", line 91, in __exit__
    raise dj_exc_value.with_traceback(traceback) from exc_value
  File "C:\Users\Hp\Desktop\ORAIMOTECH\venv\Lib\site-packages\django\db\backends\utils.py", line 105, in _execute
    return self.cursor.execute(sql, params)
           ^^^^^^^^^^^^^^^^^^^^^^^^^^^^^^^^
django.db.utils.IntegrityError: duplicate key value violates unique constraint "basket_savedbasketitem_user_id_variant_id_7c915701_uniq"
DETAIL:  Key (user_id, variant_id)=(2, 37) already exists.

ERROR 2026-07-15 21:58:11,251 basehttp 23624 16172 "POST /basket/add/33/ HTTP/1.1" 500 180337
INFO 2026-07-15 22:03:42,551 autoreload 23624 26536 C:\Users\Hp\Desktop\ORAIMOTECH\basket\basket.py changed, reloading.
INFO 2026-07-15 22:03:44,420 autoreload 21420 22740 Watching for file changes with StatReloader
INFO 2026-07-15 22:03:51,718 autoreload 21420 22740 C:\Users\Hp\Desktop\ORAIMOTECH\basket\views.py changed, reloading.
INFO 2026-07-15 22:03:53,155 autoreload 18652 2968 Watching for file changes with StatReloader
INFO 2026-07-15 22:03:59,139 autoreload 18652 2968 C:\Users\Hp\Desktop\ORAIMOTECH\basket\urls.py changed, reloading.
INFO 2026-07-15 22:04:00,645 autoreload 19780 17204 Watching for file changes with StatReloader
INFO 2026-07-15 22:05:27,511 basehttp 19780 24352 "GET /checkout/success/OR-ED8E447F/ HTTP/1.1" 200 69928
INFO 2026-07-15 22:05:34,344 basehttp 19780 24352 "GET /shop/ HTTP/1.1" 200 88327
INFO 2026-07-15 22:05:38,197 basehttp 19780 13984 "POST /basket/add/36/ HTTP/1.1" 200 58
INFO 2026-07-15 22:05:38,198 basehttp 19780 23656 "POST /basket/add/36/ HTTP/1.1" 200 58
INFO 2026-07-15 22:05:40,476 basehttp 19780 24352 "GET /media/products/1000533260.jpg HTTP/1.1" 200 748555
INFO 2026-07-15 22:05:42,084 basehttp 19780 23372 "GET /media/products/1000526968.jpg HTTP/1.1" 200 773432
INFO 2026-07-15 22:05:44,779 basehttp 19780 23656 "POST /basket/add/34/ HTTP/1.1" 200 59
INFO 2026-07-15 22:05:44,883 basehttp 19780 13984 "POST /basket/add/34/ HTTP/1.1" 200 59
INFO 2026-07-15 22:05:44,969 basehttp 19780 25272 "GET /media/products/1000533308.jpg HTTP/1.1" 200 1048906
INFO 2026-07-15 22:05:50,050 basehttp 19780 23656 "GET /basket/ HTTP/1.1" 200 82728
WARNING 2026-07-15 22:05:55,870 log 19780 23656 Forbidden (CSRF token from the 'X-Csrftoken' HTTP header has incorrect length.): /basket/update/34/
WARNING 2026-07-15 22:05:55,871 basehttp 19780 23656 "POST /basket/update/34/ HTTP/1.1" 403 2563
WARNING 2026-07-15 22:05:56,797 log 19780 23656 Forbidden (CSRF token from the 'X-Csrftoken' HTTP header has incorrect length.): /basket/update/34/
WARNING 2026-07-15 22:05:56,798 basehttp 19780 23656 "POST /basket/update/34/ HTTP/1.1" 403 2563
WARNING 2026-07-15 22:05:57,926 log 19780 23656 Forbidden (CSRF token from the 'X-Csrftoken' HTTP header has incorrect length.): /basket/update/34/
WARNING 2026-07-15 22:05:57,927 basehttp 19780 23656 "POST /basket/update/34/ HTTP/1.1" 403 2563
WARNING 2026-07-15 22:05:58,645 log 19780 23656 Forbidden (CSRF token from the 'X-Csrftoken' HTTP header has incorrect length.): /basket/update/34/
WARNING 2026-07-15 22:05:58,646 basehttp 19780 23656 "POST /basket/update/34/ HTTP/1.1" 403 2563
WARNING 2026-07-15 22:05:58,757 log 19780 23372 Forbidden (CSRF token from the 'X-Csrftoken' HTTP header has incorrect length.): /basket/update/34/
WARNING 2026-07-15 22:05:58,759 basehttp 19780 23372 "POST /basket/update/34/ HTTP/1.1" 403 2563
WARNING 2026-07-15 22:05:59,062 log 19780 23656 Forbidden (CSRF token from the 'X-Csrftoken' HTTP header has incorrect length.): /basket/update/34/
WARNING 2026-07-15 22:05:59,064 basehttp 19780 23656 "POST /basket/update/34/ HTTP/1.1" 403 2563
WARNING 2026-07-15 22:05:59,161 log 19780 17240 Forbidden (CSRF token from the 'X-Csrftoken' HTTP header has incorrect length.): /basket/update/34/
WARNING 2026-07-15 22:05:59,162 basehttp 19780 17240 "POST /basket/update/34/ HTTP/1.1" 403 2563
WARNING 2026-07-15 22:06:00,418 log 19780 23656 Forbidden (CSRF token from the 'X-Csrftoken' HTTP header has incorrect length.): /basket/update/36/
WARNING 2026-07-15 22:06:00,419 basehttp 19780 23656 "POST /basket/update/36/ HTTP/1.1" 403 2563
WARNING 2026-07-15 22:06:00,804 log 19780 23372 Forbidden (CSRF token from the 'X-Csrftoken' HTTP header has incorrect length.): /basket/update/36/
WARNING 2026-07-15 22:06:00,807 basehttp 19780 23372 "POST /basket/update/36/ HTTP/1.1" 403 2563
WARNING 2026-07-15 22:06:01,047 log 19780 23656 Forbidden (CSRF token from the 'X-Csrftoken' HTTP header has incorrect length.): /basket/update/36/
WARNING 2026-07-15 22:06:01,049 basehttp 19780 23656 "POST /basket/update/36/ HTTP/1.1" 403 2563
WARNING 2026-07-15 22:06:01,244 log 19780 23372 Forbidden (CSRF token from the 'X-Csrftoken' HTTP header has incorrect length.): /basket/update/36/
WARNING 2026-07-15 22:06:01,246 basehttp 19780 23372 "POST /basket/update/36/ HTTP/1.1" 403 2563
INFO 2026-07-15 22:11:41,118 autoreload 19780 17204 C:\Users\Hp\Desktop\ORAIMOTECH\basket\basket.py changed, reloading.
INFO 2026-07-15 22:11:43,839 autoreload 26496 4568 Watching for file changes with StatReloader
INFO 2026-07-15 22:12:28,815 autoreload 26496 4568 C:\Users\Hp\Desktop\ORAIMOTECH\basket\views.py changed, reloading.
INFO 2026-07-15 22:12:30,345 autoreload 20724 25696 Watching for file changes with StatReloader
INFO 2026-07-15 22:13:00,317 basehttp 20724 10752 "GET /basket/ HTTP/1.1" 200 82728
INFO 2026-07-15 22:13:05,358 basehttp 20724 10752 "GET /basket/ HTTP/1.1" 200 82728
INFO 2026-07-15 22:13:09,791 basehttp 20724 10752 "GET / HTTP/1.1" 200 106415
INFO 2026-07-15 22:13:13,797 basehttp 20724 10752 "GET /basket/ HTTP/1.1" 200 82728
INFO 2026-07-15 22:13:16,580 basehttp 20724 10752 "POST /basket/remove/34/ HTTP/1.1" 200 35
INFO 2026-07-15 22:13:17,187 basehttp 20724 10752 "GET /basket/ HTTP/1.1" 200 80898
INFO 2026-07-15 22:13:20,287 basehttp 20724 10752 "POST /basket/remove/36/ HTTP/1.1" 200 35
INFO 2026-07-15 22:13:20,901 basehttp 20724 10752 "GET /basket/ HTTP/1.1" 200 78234
INFO 2026-07-15 22:13:24,741 basehttp 20724 10752 "GET / HTTP/1.1" 200 106415
INFO 2026-07-15 22:13:28,638 basehttp 20724 10752 "POST /basket/add/36/ HTTP/1.1" 200 58
INFO 2026-07-15 22:13:28,693 basehttp 20724 21176 "POST /basket/add/36/ HTTP/1.1" 200 58
INFO 2026-07-15 22:13:32,729 basehttp 20724 10752 "POST /basket/add/35/ HTTP/1.1" 200 59
INFO 2026-07-15 22:13:32,737 basehttp 20724 21176 "POST /basket/add/35/ HTTP/1.1" 200 59
INFO 2026-07-15 22:13:36,347 basehttp 20724 10752 "POST /basket/add/34/ HTTP/1.1" 200 59
INFO 2026-07-15 22:13:36,350 basehttp 20724 21176 "POST /basket/add/34/ HTTP/1.1" 200 59
INFO 2026-07-15 22:13:43,021 basehttp 20724 10752 "GET /basket/ HTTP/1.1" 200 84555
INFO 2026-07-15 22:13:48,572 basehttp 20724 10752 "POST /basket/update/34/ HTTP/1.1" 200 56
INFO 2026-07-15 22:13:48,881 basehttp 20724 21176 "POST /basket/update/34/ HTTP/1.1" 200 56
INFO 2026-07-15 22:13:48,977 basehttp 20724 10752 "POST /basket/update/34/ HTTP/1.1" 200 56
INFO 2026-07-15 22:13:49,192 basehttp 20724 21176 "POST /basket/update/34/ HTTP/1.1" 200 56
INFO 2026-07-15 22:13:49,211 basehttp 20724 25412 "POST /basket/update/34/ HTTP/1.1" 200 56
INFO 2026-07-15 22:13:49,394 basehttp 20724 10752 "POST /basket/update/34/ HTTP/1.1" 200 56
INFO 2026-07-15 22:13:49,596 basehttp 20724 25412 "POST /basket/update/34/ HTTP/1.1" 200 56
INFO 2026-07-15 22:13:49,809 basehttp 20724 10752 "POST /basket/update/34/ HTTP/1.1" 200 56
INFO 2026-07-15 22:13:51,757 basehttp 20724 25412 "POST /basket/update/34/ HTTP/1.1" 200 56
INFO 2026-07-15 22:13:53,322 basehttp 20724 25412 "POST /basket/update/34/ HTTP/1.1" 200 56
INFO 2026-07-15 22:14:00,698 basehttp 20724 25412 "POST /basket/update/35/ HTTP/1.1" 200 56
INFO 2026-07-15 22:14:00,801 basehttp 20724 21176 "POST /basket/update/35/ HTTP/1.1" 200 56
INFO 2026-07-15 22:14:01,016 basehttp 20724 25412 "POST /basket/update/35/ HTTP/1.1" 200 56
INFO 2026-07-15 22:14:01,116 basehttp 20724 21176 "POST /basket/update/35/ HTTP/1.1" 200 56
INFO 2026-07-15 22:14:03,584 basehttp 20724 21176 "POST /basket/update/36/ HTTP/1.1" 200 56
INFO 2026-07-15 22:14:08,748 basehttp 20724 21176 "POST /basket/remove/36/ HTTP/1.1" 200 35
INFO 2026-07-15 22:14:09,342 basehttp 20724 21176 "GET /basket/ HTTP/1.1" 200 82719
INFO 2026-07-15 22:14:11,501 basehttp 20724 21176 "POST /basket/remove/34/ HTTP/1.1" 200 35
INFO 2026-07-15 22:14:12,116 basehttp 20724 21176 "GET /basket/ HTTP/1.1" 200 80890
INFO 2026-07-15 22:14:14,378 basehttp 20724 21176 "POST /basket/remove/35/ HTTP/1.1" 200 35
INFO 2026-07-15 22:14:15,097 basehttp 20724 21176 "GET /basket/ HTTP/1.1" 200 78234
INFO 2026-07-15 22:14:18,224 basehttp 20724 21176 "GET /shop/ HTTP/1.1" 200 88327
INFO 2026-07-15 22:14:22,827 basehttp 20724 21176 "POST /basket/add/37/ HTTP/1.1" 200 57
INFO 2026-07-15 22:14:22,832 basehttp 20724 25412 "POST /basket/add/37/ HTTP/1.1" 200 57
INFO 2026-07-15 22:14:26,954 basehttp 20724 25412 "POST /basket/add/36/ HTTP/1.1" 200 58
INFO 2026-07-15 22:14:26,961 basehttp 20724 21176 "POST /basket/add/36/ HTTP/1.1" 200 58
INFO 2026-07-15 22:14:30,331 basehttp 20724 25412 "POST /basket/add/35/ HTTP/1.1" 200 59
INFO 2026-07-15 22:14:30,372 basehttp 20724 21176 "POST /basket/add/35/ HTTP/1.1" 200 59
INFO 2026-07-15 22:14:36,712 basehttp 20724 25412 "POST /basket/add/34/ HTTP/1.1" 200 59
INFO 2026-07-15 22:14:36,714 basehttp 20724 21176 "POST /basket/add/34/ HTTP/1.1" 200 59
INFO 2026-07-15 22:14:41,753 basehttp 20724 21176 "POST /basket/add/31/ HTTP/1.1" 200 59
INFO 2026-07-15 22:14:41,754 basehttp 20724 25412 "POST /basket/add/31/ HTTP/1.1" 200 59
INFO 2026-07-15 22:14:45,961 basehttp 20724 25412 "POST /basket/add/30/ HTTP/1.1" 200 59
INFO 2026-07-15 22:14:45,963 basehttp 20724 21176 "POST /basket/add/30/ HTTP/1.1" 200 59
INFO 2026-07-15 22:14:50,589 basehttp 20724 21176 "GET /basket/ HTTP/1.1" 200 90088
INFO 2026-07-15 22:14:55,136 basehttp 20724 21176 "POST /basket/update/35/ HTTP/1.1" 200 56
INFO 2026-07-15 22:17:01,795 basehttp 20724 26284 "GET / HTTP/1.1" 200 106415
INFO 2026-07-15 22:17:03,997 basehttp 20724 4312 "GET / HTTP/1.1" 200 106415
INFO 2026-07-15 22:17:04,204 basehttp 20724 4312 - Broken pipe from ('127.0.0.1', 49673)
INFO 2026-07-15 22:17:05,341 basehttp 20724 23048 "GET / HTTP/1.1" 200 106415
INFO 2026-07-15 22:17:11,533 basehttp 20724 22276 "GET /adteddymin/checkout/order/ HTTP/1.1" 200 19877
INFO 2026-07-15 22:17:43,101 basehttp 20724 23048 "GET /basket/ HTTP/1.1" 200 88805
INFO 2026-07-15 22:17:46,697 basehttp 20724 23048 "POST /basket/update/37/ HTTP/1.1" 200 56
INFO 2026-07-15 22:17:49,617 basehttp 20724 23048 "POST /basket/update/37/ HTTP/1.1" 200 56
WARNING 2026-07-15 22:17:57,084 log 20724 23048 Forbidden (CSRF token from the 'X-Csrftoken' HTTP header has incorrect length.): /basket/remove/30/
WARNING 2026-07-15 22:17:57,086 basehttp 20724 23048 "POST /basket/remove/30/ HTTP/1.1" 403 2563
WARNING 2026-07-15 22:18:01,930 log 20724 23048 Forbidden (CSRF token from the 'X-Csrftoken' HTTP header has incorrect length.): /basket/remove/37/
WARNING 2026-07-15 22:18:01,930 basehttp 20724 23048 "POST /basket/remove/37/ HTTP/1.1" 403 2563
WARNING 2026-07-15 22:18:05,720 log 20724 23048 Forbidden (CSRF token from the 'X-Csrftoken' HTTP header has incorrect length.): /basket/remove/36/
WARNING 2026-07-15 22:18:05,723 basehttp 20724 23048 "POST /basket/remove/36/ HTTP/1.1" 403 2563
INFO 2026-07-15 22:21:00,287 basehttp 20724 15060 "GET /basket/ HTTP/1.1" 200 90355
INFO 2026-07-15 22:21:05,960 basehttp 20724 15060 "POST /basket/update/37/ HTTP/1.1" 200 56
INFO 2026-07-15 22:22:25,139 basehttp 20724 15060 "GET /basket/ HTTP/1.1" 200 90472
INFO 2026-07-15 22:22:31,008 basehttp 20724 15060 "POST /basket/update/35/ HTTP/1.1" 200 56
INFO 2026-07-15 22:22:54,289 basehttp 20724 15060 "GET /shop/ HTTP/1.1" 200 88327
INFO 2026-07-15 22:22:58,511 basehttp 20724 15060 "GET / HTTP/1.1" 200 106415
INFO 2026-07-15 22:24:25,459 basehttp 20724 26408 "GET /basket/ HTTP/1.1" 200 90489
INFO 2026-07-15 22:24:33,734 basehttp 20724 26408 "POST /basket/update/37/ HTTP/1.1" 200 56
INFO 2026-07-15 22:24:37,435 basehttp 20724 26408 "POST /basket/update/35/ HTTP/1.1" 200 56
INFO 2026-07-15 22:24:40,954 basehttp 20724 26408 "GET /checkout/ HTTP/1.1" 200 84552
INFO 2026-07-15 22:24:50,107 basehttp 20724 26408 "GET /checkout/ HTTP/1.1" 200 84552
INFO 2026-07-15 22:32:14,194 basehttp 20724 20912 "GET /contact/ HTTP/1.1" 200 70068
INFO 2026-07-15 22:32:15,458 basehttp 20724 20912 "GET /captcha/image/626be8a3baa54cbc370d3c22c1bb117838f3858c/ HTTP/1.1" 200 3474
INFO 2026-07-15 22:34:45,182 autoreload 20724 25696 C:\Users\Hp\Desktop\ORAIMOTECH\core\settings.py changed, reloading.
INFO 2026-07-15 22:34:47,158 autoreload 21244 26024 Watching for file changes with StatReloader
INFO 2026-07-15 22:36:27,727 autoreload 21244 26024 C:\Users\Hp\Desktop\ORAIMOTECH\core\emails.py changed, reloading.
INFO 2026-07-15 22:36:29,857 autoreload 1884 22928 Watching for file changes with StatReloader
INFO 2026-07-15 22:36:54,791 autoreload 1884 22928 C:\Users\Hp\Desktop\ORAIMOTECH\checkout\views.py changed, reloading.
INFO 2026-07-15 22:36:56,046 autoreload 24808 23192 Watching for file changes with StatReloader
INFO 2026-07-15 22:37:55,278 autoreload 24808 23192 C:\Users\Hp\Desktop\ORAIMOTECH\checkout\views.py changed, reloading.
INFO 2026-07-15 22:37:56,967 autoreload 7980 18244 Watching for file changes with StatReloader
INFO 2026-07-15 22:38:09,018 autoreload 7980 18244 C:\Users\Hp\Desktop\ORAIMOTECH\checkout\views.py changed, reloading.
INFO 2026-07-15 22:38:10,202 autoreload 8620 25248 Watching for file changes with StatReloader
INFO 2026-07-15 22:43:18,678 autoreload 24868 20508 Watching for file changes with StatReloader
INFO 2026-07-15 22:43:35,662 autoreload 19340 22616 Watching for file changes with StatReloader
INFO 2026-07-15 22:46:21,559 autoreload 24396 4608 Watching for file changes with StatReloader
INFO 2026-07-15 22:47:09,069 autoreload 24396 4608 C:\Users\Hp\Desktop\ORAIMOTECH\core\emails.py changed, reloading.
INFO 2026-07-15 22:47:10,422 autoreload 840 24004 Watching for file changes with StatReloader
INFO 2026-07-15 22:47:49,012 basehttp 840 24132 "GET /adteddymin/checkout/order/ HTTP/1.1" 200 20106
INFO 2026-07-15 22:47:49,104 basehttp 840 22792 "GET /static/admin/css/dark_mode.e18e9a052429.css HTTP/1.1" 200 772
INFO 2026-07-15 22:47:49,104 basehttp 840 24132 "GET /static/admin/css/base.6be58084bde8.css HTTP/1.1" 200 4888
INFO 2026-07-15 22:47:49,111 basehttp 840 13420 "GET /static/admin/css/nav_sidebar.dd925738f4cc.css HTTP/1.1" 200 811
INFO 2026-07-15 22:47:49,112 basehttp 840 17764 "GET /static/admin/js/jquery.init.b7781a0897fc.js HTTP/1.1" 200 236
INFO 2026-07-15 22:47:49,114 basehttp 840 26608 "GET /static/admin/css/changelists.47cb433b29d4.css HTTP/1.1" 200 1619
INFO 2026-07-15 22:47:49,115 basehttp 840 18284 "GET /static/admin/js/vendor/jquery/jquery.min.2c872dbe60f4.js HTTP/1.1" 200 30336
INFO 2026-07-15 22:47:49,128 basehttp 840 24132 "GET /static/admin/js/core.7e257fdf56dc.js HTTP/1.1" 200 1550
INFO 2026-07-15 22:47:49,129 basehttp 840 22792 "GET /static/admin/css/responsive.eafb93ff084c.css HTTP/1.1" 200 3370
INFO 2026-07-15 22:47:49,136 basehttp 840 13420 "GET /static/admin/js/admin/RelatedObjectLookups.ef211845e458.js HTTP/1.1" 200 2325
INFO 2026-07-15 22:47:49,144 basehttp 840 26608 "GET /static/admin/js/prepopulate.bd2361dfd64d.js HTTP/1.1" 200 536
INFO 2026-07-15 22:47:49,148 basehttp 840 17764 "GET /static/admin/js/actions.867b023a736d.js HTTP/1.1" 200 1937
INFO 2026-07-15 22:47:49,148 basehttp 840 24132 "GET /adteddymin/jsi18n/ HTTP/1.1" 200 3342
INFO 2026-07-15 22:47:49,148 basehttp 840 18284 "GET /static/admin/js/urlify.ae970a820212.js HTTP/1.1" 200 2578
INFO 2026-07-15 22:47:49,157 basehttp 840 22792 "GET /static/admin/js/vendor/xregexp/xregexp.min.f1ae4617847c.js HTTP/1.1" 200 46360
INFO 2026-07-15 22:47:49,161 basehttp 840 13420 "GET /static/admin/img/search.7cf54ff789c6.svg HTTP/1.1" 200 264
INFO 2026-07-15 22:47:49,210 basehttp 840 13420 "GET /static/admin/js/theme.ab270f56bb9c.js HTTP/1.1" 200 605
INFO 2026-07-15 22:47:49,212 basehttp 840 22792 "GET /static/admin/js/nav_sidebar.3b9190d420b1.js HTTP/1.1" 200 845
INFO 2026-07-15 22:47:49,274 basehttp 840 13420 "GET /static/admin/img/tooltag-add.e59d620a9742.svg HTTP/1.1" 200 203
INFO 2026-07-15 22:47:49,274 basehttp 840 22792 "GET /static/admin/js/filters.0e360b7a9f80.js HTTP/1.1" 200 502
INFO 2026-07-15 22:47:49,322 basehttp 840 22792 "GET /static/admin/img/icon-viewlink.41eb31f7826e.svg HTTP/1.1" 200 346
INFO 2026-07-15 22:47:53,951 basehttp 840 24488 "GET / HTTP/1.1" 200 106415
INFO 2026-07-15 22:48:27,179 basehttp 840 24488 "GET / HTTP/1.1" 200 106415
INFO 2026-07-15 22:49:05,156 basehttp 840 24488 "GET / HTTP/1.1" 200 106415
INFO 2026-07-15 22:49:18,693 basehttp 840 24488 "GET /basket/ HTTP/1.1" 200 90487
INFO 2026-07-15 22:49:32,857 basehttp 840 19012 "GET /checkout/ HTTP/1.1" 200 84548
INFO 2026-07-15 22:49:40,349 basehttp 840 3884 "GET /accounts/register/ HTTP/1.1" 200 66035
INFO 2026-07-15 22:49:49,513 basehttp 840 3884 "GET / HTTP/1.1" 200 106415
INFO 2026-07-15 22:49:52,451 basehttp 840 3884 "GET /basket/ HTTP/1.1" 200 81291
ERROR 2026-07-15 22:49:56,412 log 840 3884 Internal Server Error: /basket/remove/24/
Traceback (most recent call last):
  File "C:\Users\Hp\Desktop\ORAIMOTECH\venv\Lib\site-packages\django\core\handlers\exception.py", line 55, in inner
    response = get_response(request)
               ^^^^^^^^^^^^^^^^^^^^^
  File "C:\Users\Hp\Desktop\ORAIMOTECH\venv\Lib\site-packages\django\core\handlers\base.py", line 197, in _get_response
    response = wrapped_callback(request, *callback_args, **callback_kwargs)
               ^^^^^^^^^^^^^^^^^^^^^^^^^^^^^^^^^^^^^^^^^^^^^^^^^^^^^^^^^^^^
  File "C:\Users\Hp\Desktop\ORAIMOTECH\venv\Lib\site-packages\django\views\decorators\http.py", line 63, in inner
    return func(request, *args, **kwargs)
           ^^^^^^^^^^^^^^^^^^^^^^^^^^^^^^
  File "C:\Users\Hp\Desktop\ORAIMOTECH\basket\views.py", line 62, in basket_remove
    return redirect('basket_detail')
           ^^^^^^^^^^^^^^^^^^^^^^^^^
  File "C:\Users\Hp\Desktop\ORAIMOTECH\venv\Lib\site-packages\django\shortcuts.py", line 48, in redirect
    return redirect_class(resolve_url(to, *args, **kwargs))
                          ^^^^^^^^^^^^^^^^^^^^^^^^^^^^^^^^
  File "C:\Users\Hp\Desktop\ORAIMOTECH\venv\Lib\site-packages\django\shortcuts.py", line 179, in resolve_url
    return reverse(to, args=args, kwargs=kwargs)
           ^^^^^^^^^^^^^^^^^^^^^^^^^^^^^^^^^^^^^
  File "C:\Users\Hp\Desktop\ORAIMOTECH\venv\Lib\site-packages\django\urls\base.py", line 88, in reverse
    return resolver._reverse_with_prefix(view, prefix, *args, **kwargs)
           ^^^^^^^^^^^^^^^^^^^^^^^^^^^^^^^^^^^^^^^^^^^^^^^^^^^^^^^^^^^^
  File "C:\Users\Hp\Desktop\ORAIMOTECH\venv\Lib\site-packages\django\urls\resolvers.py", line 848, in _reverse_with_prefix
    raise NoReverseMatch(msg)
django.urls.exceptions.NoReverseMatch: Reverse for 'basket_detail' not found. 'basket_detail' is not a valid view function or pattern name.
ERROR 2026-07-15 22:49:56,465 log 840 3884 Internal Server Error: /basket/remove/24/
Traceback (most recent call last):
  File "C:\Users\Hp\Desktop\ORAIMOTECH\venv\Lib\site-packages\django\core\handlers\exception.py", line 55, in inner
    response = get_response(request)
               ^^^^^^^^^^^^^^^^^^^^^
  File "C:\Users\Hp\Desktop\ORAIMOTECH\venv\Lib\site-packages\django\utils\deprecation.py", line 134, in __call__
    response = response or self.get_response(request)
                           ^^^^^^^^^^^^^^^^^^^^^^^^^^
  File "C:\Users\Hp\Desktop\ORAIMOTECH\venv\Lib\site-packages\django\core\handlers\exception.py", line 57, in inner
    response = response_for_exception(request, exc)
               ^^^^^^^^^^^^^^^^^^^^^^^^^^^^^^^^^^^^
  File "C:\Users\Hp\Desktop\ORAIMOTECH\venv\Lib\site-packages\django\core\handlers\exception.py", line 143, in response_for_exception
    log_response(
  File "C:\Users\Hp\Desktop\ORAIMOTECH\venv\Lib\site-packages\django\utils\log.py", line 241, in log_response
    getattr(logger, level)(
  File "C:\Program Files\WindowsApps\PythonSoftwareFoundation.Python.3.11_3.11.2544.0_x64__qbz5n2kfra8p0\Lib\logging\__init__.py", line 1518, in error
    self._log(ERROR, msg, args, **kwargs)
  File "C:\Program Files\WindowsApps\PythonSoftwareFoundation.Python.3.11_3.11.2544.0_x64__qbz5n2kfra8p0\Lib\logging\__init__.py", line 1634, in _log
    self.handle(record)
  File "C:\Program Files\WindowsApps\PythonSoftwareFoundation.Python.3.11_3.11.2544.0_x64__qbz5n2kfra8p0\Lib\logging\__init__.py", line 1644, in handle
    self.callHandlers(record)
  File "C:\Program Files\WindowsApps\PythonSoftwareFoundation.Python.3.11_3.11.2544.0_x64__qbz5n2kfra8p0\Lib\logging\__init__.py", line 1706, in callHandlers
    hdlr.handle(record)
  File "C:\Program Files\WindowsApps\PythonSoftwareFoundation.Python.3.11_3.11.2544.0_x64__qbz5n2kfra8p0\Lib\logging\__init__.py", line 978, in handle
    self.emit(record)
  File "C:\Users\Hp\Desktop\ORAIMOTECH\venv\Lib\site-packages\django\utils\log.py", line 128, in emit
    self.send_mail(subject, message, fail_silently=True, html_message=html_message)
  File "C:\Users\Hp\Desktop\ORAIMOTECH\venv\Lib\site-packages\django\utils\log.py", line 132, in send_mail
    subject, message, *args, connection=self.connection(), **kwargs
                                        ^^^^^^^^^^^^^^^^^
  File "C:\Users\Hp\Desktop\ORAIMOTECH\venv\Lib\site-packages\django\utils\log.py", line 136, in connection
    return get_connection(backend=self.email_backend, fail_silently=True)
           ^^^^^^^^^^^^^^^^^^^^^^^^^^^^^^^^^^^^^^^^^^^^^^^^^^^^^^^^^^^^^^
  File "C:\Users\Hp\Desktop\ORAIMOTECH\venv\Lib\site-packages\django\core\mail\__init__.py", line 50, in get_connection
    klass = import_string(backend or settings.EMAIL_BACKEND)
            ^^^^^^^^^^^^^^^^^^^^^^^^^^^^^^^^^^^^^^^^^^^^^^^^
  File "C:\Users\Hp\Desktop\ORAIMOTECH\venv\Lib\site-packages\django\utils\module_loading.py", line 30, in import_string
    return cached_import(module_path, class_name)
           ^^^^^^^^^^^^^^^^^^^^^^^^^^^^^^^^^^^^^^
  File "C:\Users\Hp\Desktop\ORAIMOTECH\venv\Lib\site-packages\django\utils\module_loading.py", line 15, in cached_import
    module = import_module(module_path)
             ^^^^^^^^^^^^^^^^^^^^^^^^^^
  File "C:\Program Files\WindowsApps\PythonSoftwareFoundation.Python.3.11_3.11.2544.0_x64__qbz5n2kfra8p0\Lib\importlib\__init__.py", line 126, in import_module
    return _bootstrap._gcd_import(name[level:], package, level)
           ^^^^^^^^^^^^^^^^^^^^^^^^^^^^^^^^^^^^^^^^^^^^^^^^^^^^
  File "<frozen importlib._bootstrap>", line 1204, in _gcd_import
  File "<frozen importlib._bootstrap>", line 1176, in _find_and_load
  File "<frozen importlib._bootstrap>", line 1135, in _find_and_load_unlocked
ModuleNotFoundError: No module named 'django.core.mail.backends.smtp.console'; 'django.core.mail.backends.smtp' is not a package
ERROR 2026-07-15 22:49:56,540 log 840 3884 Internal Server Error: /basket/remove/24/
Traceback (most recent call last):
  File "C:\Users\Hp\Desktop\ORAIMOTECH\venv\Lib\site-packages\django\core\handlers\exception.py", line 55, in inner
    response = get_response(request)
               ^^^^^^^^^^^^^^^^^^^^^
  File "C:\Users\Hp\Desktop\ORAIMOTECH\venv\Lib\site-packages\django\utils\deprecation.py", line 134, in __call__
    response = response or self.get_response(request)
                           ^^^^^^^^^^^^^^^^^^^^^^^^^^
  File "C:\Users\Hp\Desktop\ORAIMOTECH\venv\Lib\site-packages\django\core\handlers\exception.py", line 57, in inner
    response = response_for_exception(request, exc)
               ^^^^^^^^^^^^^^^^^^^^^^^^^^^^^^^^^^^^
  File "C:\Users\Hp\Desktop\ORAIMOTECH\venv\Lib\site-packages\django\core\handlers\exception.py", line 143, in response_for_exception
    log_response(
  File "C:\Users\Hp\Desktop\ORAIMOTECH\venv\Lib\site-packages\django\utils\log.py", line 241, in log_response
    getattr(logger, level)(
  File "C:\Program Files\WindowsApps\PythonSoftwareFoundation.Python.3.11_3.11.2544.0_x64__qbz5n2kfra8p0\Lib\logging\__init__.py", line 1518, in error
    self._log(ERROR, msg, args, **kwargs)
  File "C:\Program Files\WindowsApps\PythonSoftwareFoundation.Python.3.11_3.11.2544.0_x64__qbz5n2kfra8p0\Lib\logging\__init__.py", line 1634, in _log
    self.handle(record)
  File "C:\Program Files\WindowsApps\PythonSoftwareFoundation.Python.3.11_3.11.2544.0_x64__qbz5n2kfra8p0\Lib\logging\__init__.py", line 1644, in handle
    self.callHandlers(record)
  File "C:\Program Files\WindowsApps\PythonSoftwareFoundation.Python.3.11_3.11.2544.0_x64__qbz5n2kfra8p0\Lib\logging\__init__.py", line 1706, in callHandlers
    hdlr.handle(record)
  File "C:\Program Files\WindowsApps\PythonSoftwareFoundation.Python.3.11_3.11.2544.0_x64__qbz5n2kfra8p0\Lib\logging\__init__.py", line 978, in handle
    self.emit(record)
  File "C:\Users\Hp\Desktop\ORAIMOTECH\venv\Lib\site-packages\django\utils\log.py", line 128, in emit
    self.send_mail(subject, message, fail_silently=True, html_message=html_message)
  File "C:\Users\Hp\Desktop\ORAIMOTECH\venv\Lib\site-packages\django\utils\log.py", line 132, in send_mail
    subject, message, *args, connection=self.connection(), **kwargs
                                        ^^^^^^^^^^^^^^^^^
  File "C:\Users\Hp\Desktop\ORAIMOTECH\venv\Lib\site-packages\django\utils\log.py", line 136, in connection
    return get_connection(backend=self.email_backend, fail_silently=True)
           ^^^^^^^^^^^^^^^^^^^^^^^^^^^^^^^^^^^^^^^^^^^^^^^^^^^^^^^^^^^^^^
  File "C:\Users\Hp\Desktop\ORAIMOTECH\venv\Lib\site-packages\django\core\mail\__init__.py", line 50, in get_connection
    klass = import_string(backend or settings.EMAIL_BACKEND)
            ^^^^^^^^^^^^^^^^^^^^^^^^^^^^^^^^^^^^^^^^^^^^^^^^
  File "C:\Users\Hp\Desktop\ORAIMOTECH\venv\Lib\site-packages\django\utils\module_loading.py", line 30, in import_string
    return cached_import(module_path, class_name)
           ^^^^^^^^^^^^^^^^^^^^^^^^^^^^^^^^^^^^^^
  File "C:\Users\Hp\Desktop\ORAIMOTECH\venv\Lib\site-packages\django\utils\module_loading.py", line 15, in cached_import
    module = import_module(module_path)
             ^^^^^^^^^^^^^^^^^^^^^^^^^^
  File "C:\Program Files\WindowsApps\PythonSoftwareFoundation.Python.3.11_3.11.2544.0_x64__qbz5n2kfra8p0\Lib\importlib\__init__.py", line 126, in import_module
    return _bootstrap._gcd_import(name[level:], package, level)
           ^^^^^^^^^^^^^^^^^^^^^^^^^^^^^^^^^^^^^^^^^^^^^^^^^^^^
  File "<frozen importlib._bootstrap>", line 1204, in _gcd_import
  File "<frozen importlib._bootstrap>", line 1176, in _find_and_load
  File "<frozen importlib._bootstrap>", line 1135, in _find_and_load_unlocked
ModuleNotFoundError: No module named 'django.core.mail.backends.smtp.console'; 'django.core.mail.backends.smtp' is not a package
ERROR 2026-07-15 22:49:56,560 log 840 3884 Internal Server Error: /basket/remove/24/
Traceback (most recent call last):
  File "C:\Users\Hp\Desktop\ORAIMOTECH\venv\Lib\site-packages\django\core\handlers\exception.py", line 55, in inner
    response = get_response(request)
               ^^^^^^^^^^^^^^^^^^^^^
  File "C:\Users\Hp\Desktop\ORAIMOTECH\venv\Lib\site-packages\django\utils\deprecation.py", line 134, in __call__
    response = response or self.get_response(request)
                           ^^^^^^^^^^^^^^^^^^^^^^^^^^
  File "C:\Users\Hp\Desktop\ORAIMOTECH\venv\Lib\site-packages\django\core\handlers\exception.py", line 57, in inner
    response = response_for_exception(request, exc)
               ^^^^^^^^^^^^^^^^^^^^^^^^^^^^^^^^^^^^
  File "C:\Users\Hp\Desktop\ORAIMOTECH\venv\Lib\site-packages\django\core\handlers\exception.py", line 143, in response_for_exception
    log_response(
  File "C:\Users\Hp\Desktop\ORAIMOTECH\venv\Lib\site-packages\django\utils\log.py", line 241, in log_response
    getattr(logger, level)(
  File "C:\Program Files\WindowsApps\PythonSoftwareFoundation.Python.3.11_3.11.2544.0_x64__qbz5n2kfra8p0\Lib\logging\__init__.py", line 1518, in error
    self._log(ERROR, msg, args, **kwargs)
  File "C:\Program Files\WindowsApps\PythonSoftwareFoundation.Python.3.11_3.11.2544.0_x64__qbz5n2kfra8p0\Lib\logging\__init__.py", line 1634, in _log
    self.handle(record)
  File "C:\Program Files\WindowsApps\PythonSoftwareFoundation.Python.3.11_3.11.2544.0_x64__qbz5n2kfra8p0\Lib\logging\__init__.py", line 1644, in handle
    self.callHandlers(record)
  File "C:\Program Files\WindowsApps\PythonSoftwareFoundation.Python.3.11_3.11.2544.0_x64__qbz5n2kfra8p0\Lib\logging\__init__.py", line 1706, in callHandlers
    hdlr.handle(record)
  File "C:\Program Files\WindowsApps\PythonSoftwareFoundation.Python.3.11_3.11.2544.0_x64__qbz5n2kfra8p0\Lib\logging\__init__.py", line 978, in handle
    self.emit(record)
  File "C:\Users\Hp\Desktop\ORAIMOTECH\venv\Lib\site-packages\django\utils\log.py", line 128, in emit
    self.send_mail(subject, message, fail_silently=True, html_message=html_message)
  File "C:\Users\Hp\Desktop\ORAIMOTECH\venv\Lib\site-packages\django\utils\log.py", line 132, in send_mail
    subject, message, *args, connection=self.connection(), **kwargs
                                        ^^^^^^^^^^^^^^^^^
  File "C:\Users\Hp\Desktop\ORAIMOTECH\venv\Lib\site-packages\django\utils\log.py", line 136, in connection
    return get_connection(backend=self.email_backend, fail_silently=True)
           ^^^^^^^^^^^^^^^^^^^^^^^^^^^^^^^^^^^^^^^^^^^^^^^^^^^^^^^^^^^^^^
  File "C:\Users\Hp\Desktop\ORAIMOTECH\venv\Lib\site-packages\django\core\mail\__init__.py", line 50, in get_connection
    klass = import_string(backend or settings.EMAIL_BACKEND)
            ^^^^^^^^^^^^^^^^^^^^^^^^^^^^^^^^^^^^^^^^^^^^^^^^
  File "C:\Users\Hp\Desktop\ORAIMOTECH\venv\Lib\site-packages\django\utils\module_loading.py", line 30, in import_string
    return cached_import(module_path, class_name)
           ^^^^^^^^^^^^^^^^^^^^^^^^^^^^^^^^^^^^^^
  File "C:\Users\Hp\Desktop\ORAIMOTECH\venv\Lib\site-packages\django\utils\module_loading.py", line 15, in cached_import
    module = import_module(module_path)
             ^^^^^^^^^^^^^^^^^^^^^^^^^^
  File "C:\Program Files\WindowsApps\PythonSoftwareFoundation.Python.3.11_3.11.2544.0_x64__qbz5n2kfra8p0\Lib\importlib\__init__.py", line 126, in import_module
    return _bootstrap._gcd_import(name[level:], package, level)
           ^^^^^^^^^^^^^^^^^^^^^^^^^^^^^^^^^^^^^^^^^^^^^^^^^^^^
  File "<frozen importlib._bootstrap>", line 1204, in _gcd_import
  File "<frozen importlib._bootstrap>", line 1176, in _find_and_load
  File "<frozen importlib._bootstrap>", line 1135, in _find_and_load_unlocked
ModuleNotFoundError: No module named 'django.core.mail.backends.smtp.console'; 'django.core.mail.backends.smtp' is not a package
ERROR 2026-07-15 22:49:56,581 log 840 3884 Internal Server Error: /basket/remove/24/
Traceback (most recent call last):
  File "C:\Users\Hp\Desktop\ORAIMOTECH\venv\Lib\site-packages\django\core\handlers\exception.py", line 55, in inner
    response = get_response(request)
               ^^^^^^^^^^^^^^^^^^^^^
  File "C:\Users\Hp\Desktop\ORAIMOTECH\venv\Lib\site-packages\django\utils\deprecation.py", line 134, in __call__
    response = response or self.get_response(request)
                           ^^^^^^^^^^^^^^^^^^^^^^^^^^
  File "C:\Users\Hp\Desktop\ORAIMOTECH\venv\Lib\site-packages\django\core\handlers\exception.py", line 57, in inner
    response = response_for_exception(request, exc)
               ^^^^^^^^^^^^^^^^^^^^^^^^^^^^^^^^^^^^
  File "C:\Users\Hp\Desktop\ORAIMOTECH\venv\Lib\site-packages\django\core\handlers\exception.py", line 143, in response_for_exception
    log_response(
  File "C:\Users\Hp\Desktop\ORAIMOTECH\venv\Lib\site-packages\django\utils\log.py", line 241, in log_response
    getattr(logger, level)(
  File "C:\Program Files\WindowsApps\PythonSoftwareFoundation.Python.3.11_3.11.2544.0_x64__qbz5n2kfra8p0\Lib\logging\__init__.py", line 1518, in error
    self._log(ERROR, msg, args, **kwargs)
  File "C:\Program Files\WindowsApps\PythonSoftwareFoundation.Python.3.11_3.11.2544.0_x64__qbz5n2kfra8p0\Lib\logging\__init__.py", line 1634, in _log
    self.handle(record)
  File "C:\Program Files\WindowsApps\PythonSoftwareFoundation.Python.3.11_3.11.2544.0_x64__qbz5n2kfra8p0\Lib\logging\__init__.py", line 1644, in handle
    self.callHandlers(record)
  File "C:\Program Files\WindowsApps\PythonSoftwareFoundation.Python.3.11_3.11.2544.0_x64__qbz5n2kfra8p0\Lib\logging\__init__.py", line 1706, in callHandlers
    hdlr.handle(record)
  File "C:\Program Files\WindowsApps\PythonSoftwareFoundation.Python.3.11_3.11.2544.0_x64__qbz5n2kfra8p0\Lib\logging\__init__.py", line 978, in handle
    self.emit(record)
  File "C:\Users\Hp\Desktop\ORAIMOTECH\venv\Lib\site-packages\django\utils\log.py", line 128, in emit
    self.send_mail(subject, message, fail_silently=True, html_message=html_message)
  File "C:\Users\Hp\Desktop\ORAIMOTECH\venv\Lib\site-packages\django\utils\log.py", line 132, in send_mail
    subject, message, *args, connection=self.connection(), **kwargs
                                        ^^^^^^^^^^^^^^^^^
  File "C:\Users\Hp\Desktop\ORAIMOTECH\venv\Lib\site-packages\django\utils\log.py", line 136, in connection
    return get_connection(backend=self.email_backend, fail_silently=True)
           ^^^^^^^^^^^^^^^^^^^^^^^^^^^^^^^^^^^^^^^^^^^^^^^^^^^^^^^^^^^^^^
  File "C:\Users\Hp\Desktop\ORAIMOTECH\venv\Lib\site-packages\django\core\mail\__init__.py", line 50, in get_connection
    klass = import_string(backend or settings.EMAIL_BACKEND)
            ^^^^^^^^^^^^^^^^^^^^^^^^^^^^^^^^^^^^^^^^^^^^^^^^
  File "C:\Users\Hp\Desktop\ORAIMOTECH\venv\Lib\site-packages\django\utils\module_loading.py", line 30, in import_string
    return cached_import(module_path, class_name)
           ^^^^^^^^^^^^^^^^^^^^^^^^^^^^^^^^^^^^^^
  File "C:\Users\Hp\Desktop\ORAIMOTECH\venv\Lib\site-packages\django\utils\module_loading.py", line 15, in cached_import
    module = import_module(module_path)
             ^^^^^^^^^^^^^^^^^^^^^^^^^^
  File "C:\Program Files\WindowsApps\PythonSoftwareFoundation.Python.3.11_3.11.2544.0_x64__qbz5n2kfra8p0\Lib\importlib\__init__.py", line 126, in import_module
    return _bootstrap._gcd_import(name[level:], package, level)
           ^^^^^^^^^^^^^^^^^^^^^^^^^^^^^^^^^^^^^^^^^^^^^^^^^^^^
  File "<frozen importlib._bootstrap>", line 1204, in _gcd_import
  File "<frozen importlib._bootstrap>", line 1176, in _find_and_load
  File "<frozen importlib._bootstrap>", line 1135, in _find_and_load_unlocked
ModuleNotFoundError: No module named 'django.core.mail.backends.smtp.console'; 'django.core.mail.backends.smtp' is not a package
ERROR 2026-07-15 22:49:56,597 log 840 3884 Internal Server Error: /basket/remove/24/
Traceback (most recent call last):
  File "C:\Users\Hp\Desktop\ORAIMOTECH\venv\Lib\site-packages\django\core\handlers\exception.py", line 55, in inner
    response = get_response(request)
               ^^^^^^^^^^^^^^^^^^^^^
  File "C:\Users\Hp\Desktop\ORAIMOTECH\venv\Lib\site-packages\django\utils\deprecation.py", line 134, in __call__
    response = response or self.get_response(request)
                           ^^^^^^^^^^^^^^^^^^^^^^^^^^
  File "C:\Users\Hp\Desktop\ORAIMOTECH\venv\Lib\site-packages\django\core\handlers\exception.py", line 57, in inner
    response = response_for_exception(request, exc)
               ^^^^^^^^^^^^^^^^^^^^^^^^^^^^^^^^^^^^
  File "C:\Users\Hp\Desktop\ORAIMOTECH\venv\Lib\site-packages\django\core\handlers\exception.py", line 143, in response_for_exception
    log_response(
  File "C:\Users\Hp\Desktop\ORAIMOTECH\venv\Lib\site-packages\django\utils\log.py", line 241, in log_response
    getattr(logger, level)(
  File "C:\Program Files\WindowsApps\PythonSoftwareFoundation.Python.3.11_3.11.2544.0_x64__qbz5n2kfra8p0\Lib\logging\__init__.py", line 1518, in error
    self._log(ERROR, msg, args, **kwargs)
  File "C:\Program Files\WindowsApps\PythonSoftwareFoundation.Python.3.11_3.11.2544.0_x64__qbz5n2kfra8p0\Lib\logging\__init__.py", line 1634, in _log
    self.handle(record)
  File "C:\Program Files\WindowsApps\PythonSoftwareFoundation.Python.3.11_3.11.2544.0_x64__qbz5n2kfra8p0\Lib\logging\__init__.py", line 1644, in handle
    self.callHandlers(record)
  File "C:\Program Files\WindowsApps\PythonSoftwareFoundation.Python.3.11_3.11.2544.0_x64__qbz5n2kfra8p0\Lib\logging\__init__.py", line 1706, in callHandlers
    hdlr.handle(record)
  File "C:\Program Files\WindowsApps\PythonSoftwareFoundation.Python.3.11_3.11.2544.0_x64__qbz5n2kfra8p0\Lib\logging\__init__.py", line 978, in handle
    self.emit(record)
  File "C:\Users\Hp\Desktop\ORAIMOTECH\venv\Lib\site-packages\django\utils\log.py", line 128, in emit
    self.send_mail(subject, message, fail_silently=True, html_message=html_message)
  File "C:\Users\Hp\Desktop\ORAIMOTECH\venv\Lib\site-packages\django\utils\log.py", line 132, in send_mail
    subject, message, *args, connection=self.connection(), **kwargs
                                        ^^^^^^^^^^^^^^^^^
  File "C:\Users\Hp\Desktop\ORAIMOTECH\venv\Lib\site-packages\django\utils\log.py", line 136, in connection
    return get_connection(backend=self.email_backend, fail_silently=True)
           ^^^^^^^^^^^^^^^^^^^^^^^^^^^^^^^^^^^^^^^^^^^^^^^^^^^^^^^^^^^^^^
  File "C:\Users\Hp\Desktop\ORAIMOTECH\venv\Lib\site-packages\django\core\mail\__init__.py", line 50, in get_connection
    klass = import_string(backend or settings.EMAIL_BACKEND)
            ^^^^^^^^^^^^^^^^^^^^^^^^^^^^^^^^^^^^^^^^^^^^^^^^
  File "C:\Users\Hp\Desktop\ORAIMOTECH\venv\Lib\site-packages\django\utils\module_loading.py", line 30, in import_string
    return cached_import(module_path, class_name)
           ^^^^^^^^^^^^^^^^^^^^^^^^^^^^^^^^^^^^^^
  File "C:\Users\Hp\Desktop\ORAIMOTECH\venv\Lib\site-packages\django\utils\module_loading.py", line 15, in cached_import
    module = import_module(module_path)
             ^^^^^^^^^^^^^^^^^^^^^^^^^^
  File "C:\Program Files\WindowsApps\PythonSoftwareFoundation.Python.3.11_3.11.2544.0_x64__qbz5n2kfra8p0\Lib\importlib\__init__.py", line 126, in import_module
    return _bootstrap._gcd_import(name[level:], package, level)
           ^^^^^^^^^^^^^^^^^^^^^^^^^^^^^^^^^^^^^^^^^^^^^^^^^^^^
  File "<frozen importlib._bootstrap>", line 1204, in _gcd_import
  File "<frozen importlib._bootstrap>", line 1176, in _find_and_load
  File "<frozen importlib._bootstrap>", line 1135, in _find_and_load_unlocked
ModuleNotFoundError: No module named 'django.core.mail.backends.smtp.console'; 'django.core.mail.backends.smtp' is not a package
ERROR 2026-07-15 22:49:56,620 log 840 3884 Internal Server Error: /basket/remove/24/
Traceback (most recent call last):
  File "C:\Users\Hp\Desktop\ORAIMOTECH\venv\Lib\site-packages\django\core\handlers\exception.py", line 55, in inner
    response = get_response(request)
               ^^^^^^^^^^^^^^^^^^^^^
  File "C:\Users\Hp\Desktop\ORAIMOTECH\venv\Lib\site-packages\django\utils\deprecation.py", line 134, in __call__
    response = response or self.get_response(request)
                           ^^^^^^^^^^^^^^^^^^^^^^^^^^
  File "C:\Users\Hp\Desktop\ORAIMOTECH\venv\Lib\site-packages\django\core\handlers\exception.py", line 57, in inner
    response = response_for_exception(request, exc)
               ^^^^^^^^^^^^^^^^^^^^^^^^^^^^^^^^^^^^
  File "C:\Users\Hp\Desktop\ORAIMOTECH\venv\Lib\site-packages\django\core\handlers\exception.py", line 143, in response_for_exception
    log_response(
  File "C:\Users\Hp\Desktop\ORAIMOTECH\venv\Lib\site-packages\django\utils\log.py", line 241, in log_response
    getattr(logger, level)(
  File "C:\Program Files\WindowsApps\PythonSoftwareFoundation.Python.3.11_3.11.2544.0_x64__qbz5n2kfra8p0\Lib\logging\__init__.py", line 1518, in error
    self._log(ERROR, msg, args, **kwargs)
  File "C:\Program Files\WindowsApps\PythonSoftwareFoundation.Python.3.11_3.11.2544.0_x64__qbz5n2kfra8p0\Lib\logging\__init__.py", line 1634, in _log
    self.handle(record)
  File "C:\Program Files\WindowsApps\PythonSoftwareFoundation.Python.3.11_3.11.2544.0_x64__qbz5n2kfra8p0\Lib\logging\__init__.py", line 1644, in handle
    self.callHandlers(record)
  File "C:\Program Files\WindowsApps\PythonSoftwareFoundation.Python.3.11_3.11.2544.0_x64__qbz5n2kfra8p0\Lib\logging\__init__.py", line 1706, in callHandlers
    hdlr.handle(record)
  File "C:\Program Files\WindowsApps\PythonSoftwareFoundation.Python.3.11_3.11.2544.0_x64__qbz5n2kfra8p0\Lib\logging\__init__.py", line 978, in handle
    self.emit(record)
  File "C:\Users\Hp\Desktop\ORAIMOTECH\venv\Lib\site-packages\django\utils\log.py", line 128, in emit
    self.send_mail(subject, message, fail_silently=True, html_message=html_message)
  File "C:\Users\Hp\Desktop\ORAIMOTECH\venv\Lib\site-packages\django\utils\log.py", line 132, in send_mail
    subject, message, *args, connection=self.connection(), **kwargs
                                        ^^^^^^^^^^^^^^^^^
  File "C:\Users\Hp\Desktop\ORAIMOTECH\venv\Lib\site-packages\django\utils\log.py", line 136, in connection
    return get_connection(backend=self.email_backend, fail_silently=True)
           ^^^^^^^^^^^^^^^^^^^^^^^^^^^^^^^^^^^^^^^^^^^^^^^^^^^^^^^^^^^^^^
  File "C:\Users\Hp\Desktop\ORAIMOTECH\venv\Lib\site-packages\django\core\mail\__init__.py", line 50, in get_connection
    klass = import_string(backend or settings.EMAIL_BACKEND)
            ^^^^^^^^^^^^^^^^^^^^^^^^^^^^^^^^^^^^^^^^^^^^^^^^
  File "C:\Users\Hp\Desktop\ORAIMOTECH\venv\Lib\site-packages\django\utils\module_loading.py", line 30, in import_string
    return cached_import(module_path, class_name)
           ^^^^^^^^^^^^^^^^^^^^^^^^^^^^^^^^^^^^^^
  File "C:\Users\Hp\Desktop\ORAIMOTECH\venv\Lib\site-packages\django\utils\module_loading.py", line 15, in cached_import
    module = import_module(module_path)
             ^^^^^^^^^^^^^^^^^^^^^^^^^^
  File "C:\Program Files\WindowsApps\PythonSoftwareFoundation.Python.3.11_3.11.2544.0_x64__qbz5n2kfra8p0\Lib\importlib\__init__.py", line 126, in import_module
    return _bootstrap._gcd_import(name[level:], package, level)
           ^^^^^^^^^^^^^^^^^^^^^^^^^^^^^^^^^^^^^^^^^^^^^^^^^^^^
  File "<frozen importlib._bootstrap>", line 1204, in _gcd_import
  File "<frozen importlib._bootstrap>", line 1176, in _find_and_load
  File "<frozen importlib._bootstrap>", line 1135, in _find_and_load_unlocked
ModuleNotFoundError: No module named 'django.core.mail.backends.smtp.console'; 'django.core.mail.backends.smtp' is not a package
ERROR 2026-07-15 22:49:56,639 log 840 3884 Internal Server Error: /basket/remove/24/
Traceback (most recent call last):
  File "C:\Users\Hp\Desktop\ORAIMOTECH\venv\Lib\site-packages\django\core\handlers\exception.py", line 55, in inner
    response = get_response(request)
               ^^^^^^^^^^^^^^^^^^^^^
  File "C:\Users\Hp\Desktop\ORAIMOTECH\venv\Lib\site-packages\whitenoise\middleware.py", line 124, in __call__
    return self.get_response(request)
           ^^^^^^^^^^^^^^^^^^^^^^^^^^
  File "C:\Users\Hp\Desktop\ORAIMOTECH\venv\Lib\site-packages\django\core\handlers\exception.py", line 57, in inner
    response = response_for_exception(request, exc)
               ^^^^^^^^^^^^^^^^^^^^^^^^^^^^^^^^^^^^
  File "C:\Users\Hp\Desktop\ORAIMOTECH\venv\Lib\site-packages\django\core\handlers\exception.py", line 143, in response_for_exception
    log_response(
  File "C:\Users\Hp\Desktop\ORAIMOTECH\venv\Lib\site-packages\django\utils\log.py", line 241, in log_response
    getattr(logger, level)(
  File "C:\Program Files\WindowsApps\PythonSoftwareFoundation.Python.3.11_3.11.2544.0_x64__qbz5n2kfra8p0\Lib\logging\__init__.py", line 1518, in error
    self._log(ERROR, msg, args, **kwargs)
  File "C:\Program Files\WindowsApps\PythonSoftwareFoundation.Python.3.11_3.11.2544.0_x64__qbz5n2kfra8p0\Lib\logging\__init__.py", line 1634, in _log
    self.handle(record)
  File "C:\Program Files\WindowsApps\PythonSoftwareFoundation.Python.3.11_3.11.2544.0_x64__qbz5n2kfra8p0\Lib\logging\__init__.py", line 1644, in handle
    self.callHandlers(record)
  File "C:\Program Files\WindowsApps\PythonSoftwareFoundation.Python.3.11_3.11.2544.0_x64__qbz5n2kfra8p0\Lib\logging\__init__.py", line 1706, in callHandlers
    hdlr.handle(record)
  File "C:\Program Files\WindowsApps\PythonSoftwareFoundation.Python.3.11_3.11.2544.0_x64__qbz5n2kfra8p0\Lib\logging\__init__.py", line 978, in handle
    self.emit(record)
  File "C:\Users\Hp\Desktop\ORAIMOTECH\venv\Lib\site-packages\django\utils\log.py", line 128, in emit
    self.send_mail(subject, message, fail_silently=True, html_message=html_message)
  File "C:\Users\Hp\Desktop\ORAIMOTECH\venv\Lib\site-packages\django\utils\log.py", line 132, in send_mail
    subject, message, *args, connection=self.connection(), **kwargs
                                        ^^^^^^^^^^^^^^^^^
  File "C:\Users\Hp\Desktop\ORAIMOTECH\venv\Lib\site-packages\django\utils\log.py", line 136, in connection
    return get_connection(backend=self.email_backend, fail_silently=True)
           ^^^^^^^^^^^^^^^^^^^^^^^^^^^^^^^^^^^^^^^^^^^^^^^^^^^^^^^^^^^^^^
  File "C:\Users\Hp\Desktop\ORAIMOTECH\venv\Lib\site-packages\django\core\mail\__init__.py", line 50, in get_connection
    klass = import_string(backend or settings.EMAIL_BACKEND)
            ^^^^^^^^^^^^^^^^^^^^^^^^^^^^^^^^^^^^^^^^^^^^^^^^
  File "C:\Users\Hp\Desktop\ORAIMOTECH\venv\Lib\site-packages\django\utils\module_loading.py", line 30, in import_string
    return cached_import(module_path, class_name)
           ^^^^^^^^^^^^^^^^^^^^^^^^^^^^^^^^^^^^^^
  File "C:\Users\Hp\Desktop\ORAIMOTECH\venv\Lib\site-packages\django\utils\module_loading.py", line 15, in cached_import
    module = import_module(module_path)
             ^^^^^^^^^^^^^^^^^^^^^^^^^^
  File "C:\Program Files\WindowsApps\PythonSoftwareFoundation.Python.3.11_3.11.2544.0_x64__qbz5n2kfra8p0\Lib\importlib\__init__.py", line 126, in import_module
    return _bootstrap._gcd_import(name[level:], package, level)
           ^^^^^^^^^^^^^^^^^^^^^^^^^^^^^^^^^^^^^^^^^^^^^^^^^^^^
  File "<frozen importlib._bootstrap>", line 1204, in _gcd_import
  File "<frozen importlib._bootstrap>", line 1176, in _find_and_load
  File "<frozen importlib._bootstrap>", line 1135, in _find_and_load_unlocked
ModuleNotFoundError: No module named 'django.core.mail.backends.smtp.console'; 'django.core.mail.backends.smtp' is not a package
ERROR 2026-07-15 22:49:56,659 log 840 3884 Internal Server Error: /basket/remove/24/
Traceback (most recent call last):
  File "C:\Users\Hp\Desktop\ORAIMOTECH\venv\Lib\site-packages\django\core\handlers\exception.py", line 55, in inner
    response = get_response(request)
               ^^^^^^^^^^^^^^^^^^^^^
  File "C:\Users\Hp\Desktop\ORAIMOTECH\venv\Lib\site-packages\django\utils\deprecation.py", line 134, in __call__
    response = response or self.get_response(request)
                           ^^^^^^^^^^^^^^^^^^^^^^^^^^
  File "C:\Users\Hp\Desktop\ORAIMOTECH\venv\Lib\site-packages\django\core\handlers\exception.py", line 57, in inner
    response = response_for_exception(request, exc)
               ^^^^^^^^^^^^^^^^^^^^^^^^^^^^^^^^^^^^
  File "C:\Users\Hp\Desktop\ORAIMOTECH\venv\Lib\site-packages\django\core\handlers\exception.py", line 143, in response_for_exception
    log_response(
  File "C:\Users\Hp\Desktop\ORAIMOTECH\venv\Lib\site-packages\django\utils\log.py", line 241, in log_response
    getattr(logger, level)(
  File "C:\Program Files\WindowsApps\PythonSoftwareFoundation.Python.3.11_3.11.2544.0_x64__qbz5n2kfra8p0\Lib\logging\__init__.py", line 1518, in error
    self._log(ERROR, msg, args, **kwargs)
  File "C:\Program Files\WindowsApps\PythonSoftwareFoundation.Python.3.11_3.11.2544.0_x64__qbz5n2kfra8p0\Lib\logging\__init__.py", line 1634, in _log
    self.handle(record)
  File "C:\Program Files\WindowsApps\PythonSoftwareFoundation.Python.3.11_3.11.2544.0_x64__qbz5n2kfra8p0\Lib\logging\__init__.py", line 1644, in handle
    self.callHandlers(record)
  File "C:\Program Files\WindowsApps\PythonSoftwareFoundation.Python.3.11_3.11.2544.0_x64__qbz5n2kfra8p0\Lib\logging\__init__.py", line 1706, in callHandlers
    hdlr.handle(record)
  File "C:\Program Files\WindowsApps\PythonSoftwareFoundation.Python.3.11_3.11.2544.0_x64__qbz5n2kfra8p0\Lib\logging\__init__.py", line 978, in handle
    self.emit(record)
  File "C:\Users\Hp\Desktop\ORAIMOTECH\venv\Lib\site-packages\django\utils\log.py", line 128, in emit
    self.send_mail(subject, message, fail_silently=True, html_message=html_message)
  File "C:\Users\Hp\Desktop\ORAIMOTECH\venv\Lib\site-packages\django\utils\log.py", line 132, in send_mail
    subject, message, *args, connection=self.connection(), **kwargs
                                        ^^^^^^^^^^^^^^^^^
  File "C:\Users\Hp\Desktop\ORAIMOTECH\venv\Lib\site-packages\django\utils\log.py", line 136, in connection
    return get_connection(backend=self.email_backend, fail_silently=True)
           ^^^^^^^^^^^^^^^^^^^^^^^^^^^^^^^^^^^^^^^^^^^^^^^^^^^^^^^^^^^^^^
  File "C:\Users\Hp\Desktop\ORAIMOTECH\venv\Lib\site-packages\django\core\mail\__init__.py", line 50, in get_connection
    klass = import_string(backend or settings.EMAIL_BACKEND)
            ^^^^^^^^^^^^^^^^^^^^^^^^^^^^^^^^^^^^^^^^^^^^^^^^
  File "C:\Users\Hp\Desktop\ORAIMOTECH\venv\Lib\site-packages\django\utils\module_loading.py", line 30, in import_string
    return cached_import(module_path, class_name)
           ^^^^^^^^^^^^^^^^^^^^^^^^^^^^^^^^^^^^^^
  File "C:\Users\Hp\Desktop\ORAIMOTECH\venv\Lib\site-packages\django\utils\module_loading.py", line 15, in cached_import
    module = import_module(module_path)
             ^^^^^^^^^^^^^^^^^^^^^^^^^^
  File "C:\Program Files\WindowsApps\PythonSoftwareFoundation.Python.3.11_3.11.2544.0_x64__qbz5n2kfra8p0\Lib\importlib\__init__.py", line 126, in import_module
    return _bootstrap._gcd_import(name[level:], package, level)
           ^^^^^^^^^^^^^^^^^^^^^^^^^^^^^^^^^^^^^^^^^^^^^^^^^^^^
  File "<frozen importlib._bootstrap>", line 1204, in _gcd_import
  File "<frozen importlib._bootstrap>", line 1176, in _find_and_load
  File "<frozen importlib._bootstrap>", line 1135, in _find_and_load_unlocked
ModuleNotFoundError: No module named 'django.core.mail.backends.smtp.console'; 'django.core.mail.backends.smtp' is not a package
ERROR 2026-07-15 22:49:56,676 log 840 3884 Internal Server Error: /basket/remove/24/
Traceback (most recent call last):
  File "C:\Users\Hp\Desktop\ORAIMOTECH\venv\Lib\site-packages\django\core\handlers\exception.py", line 55, in inner
    response = get_response(request)
               ^^^^^^^^^^^^^^^^^^^^^
  File "C:\Users\Hp\Desktop\ORAIMOTECH\venv\Lib\site-packages\corsheaders\middleware.py", line 56, in __call__
    result = self.get_response(request)
             ^^^^^^^^^^^^^^^^^^^^^^^^^^
  File "C:\Users\Hp\Desktop\ORAIMOTECH\venv\Lib\site-packages\django\core\handlers\exception.py", line 57, in inner
    response = response_for_exception(request, exc)
               ^^^^^^^^^^^^^^^^^^^^^^^^^^^^^^^^^^^^
  File "C:\Users\Hp\Desktop\ORAIMOTECH\venv\Lib\site-packages\django\core\handlers\exception.py", line 143, in response_for_exception
    log_response(
  File "C:\Users\Hp\Desktop\ORAIMOTECH\venv\Lib\site-packages\django\utils\log.py", line 241, in log_response
    getattr(logger, level)(
  File "C:\Program Files\WindowsApps\PythonSoftwareFoundation.Python.3.11_3.11.2544.0_x64__qbz5n2kfra8p0\Lib\logging\__init__.py", line 1518, in error
    self._log(ERROR, msg, args, **kwargs)
  File "C:\Program Files\WindowsApps\PythonSoftwareFoundation.Python.3.11_3.11.2544.0_x64__qbz5n2kfra8p0\Lib\logging\__init__.py", line 1634, in _log
    self.handle(record)
  File "C:\Program Files\WindowsApps\PythonSoftwareFoundation.Python.3.11_3.11.2544.0_x64__qbz5n2kfra8p0\Lib\logging\__init__.py", line 1644, in handle
    self.callHandlers(record)
  File "C:\Program Files\WindowsApps\PythonSoftwareFoundation.Python.3.11_3.11.2544.0_x64__qbz5n2kfra8p0\Lib\logging\__init__.py", line 1706, in callHandlers
    hdlr.handle(record)
  File "C:\Program Files\WindowsApps\PythonSoftwareFoundation.Python.3.11_3.11.2544.0_x64__qbz5n2kfra8p0\Lib\logging\__init__.py", line 978, in handle
    self.emit(record)
  File "C:\Users\Hp\Desktop\ORAIMOTECH\venv\Lib\site-packages\django\utils\log.py", line 128, in emit
    self.send_mail(subject, message, fail_silently=True, html_message=html_message)
  File "C:\Users\Hp\Desktop\ORAIMOTECH\venv\Lib\site-packages\django\utils\log.py", line 132, in send_mail
    subject, message, *args, connection=self.connection(), **kwargs
                                        ^^^^^^^^^^^^^^^^^
  File "C:\Users\Hp\Desktop\ORAIMOTECH\venv\Lib\site-packages\django\utils\log.py", line 136, in connection
    return get_connection(backend=self.email_backend, fail_silently=True)
           ^^^^^^^^^^^^^^^^^^^^^^^^^^^^^^^^^^^^^^^^^^^^^^^^^^^^^^^^^^^^^^
  File "C:\Users\Hp\Desktop\ORAIMOTECH\venv\Lib\site-packages\django\core\mail\__init__.py", line 50, in get_connection
    klass = import_string(backend or settings.EMAIL_BACKEND)
            ^^^^^^^^^^^^^^^^^^^^^^^^^^^^^^^^^^^^^^^^^^^^^^^^
  File "C:\Users\Hp\Desktop\ORAIMOTECH\venv\Lib\site-packages\django\utils\module_loading.py", line 30, in import_string
    return cached_import(module_path, class_name)
           ^^^^^^^^^^^^^^^^^^^^^^^^^^^^^^^^^^^^^^
  File "C:\Users\Hp\Desktop\ORAIMOTECH\venv\Lib\site-packages\django\utils\module_loading.py", line 15, in cached_import
    module = import_module(module_path)
             ^^^^^^^^^^^^^^^^^^^^^^^^^^
  File "C:\Program Files\WindowsApps\PythonSoftwareFoundation.Python.3.11_3.11.2544.0_x64__qbz5n2kfra8p0\Lib\importlib\__init__.py", line 126, in import_module
    return _bootstrap._gcd_import(name[level:], package, level)
           ^^^^^^^^^^^^^^^^^^^^^^^^^^^^^^^^^^^^^^^^^^^^^^^^^^^^
  File "<frozen importlib._bootstrap>", line 1204, in _gcd_import
  File "<frozen importlib._bootstrap>", line 1176, in _find_and_load
  File "<frozen importlib._bootstrap>", line 1135, in _find_and_load_unlocked
ModuleNotFoundError: No module named 'django.core.mail.backends.smtp.console'; 'django.core.mail.backends.smtp' is not a package
ERROR 2026-07-15 22:49:56,699 basehttp 840 3884 "POST /basket/remove/24/ HTTP/1.1" 500 59
WARNING 2026-07-15 22:49:58,326 basehttp 840 19064 "GET /basket/remove/24/ HTTP/1.1" 405 0
WARNING 2026-07-15 22:49:59,039 basehttp 840 19104 "GET /basket/remove/24/ HTTP/1.1" 405 0
WARNING 2026-07-15 22:49:59,041 basehttp 840 26156 "GET /basket/remove/24/ HTTP/1.1" 405 0
ERROR 2026-07-15 22:50:00,447 log 840 3884 Internal Server Error: /basket/remove/24/
Traceback (most recent call last):
  File "C:\Users\Hp\Desktop\ORAIMOTECH\venv\Lib\site-packages\django\core\handlers\exception.py", line 55, in inner
    response = get_response(request)
               ^^^^^^^^^^^^^^^^^^^^^
  File "C:\Users\Hp\Desktop\ORAIMOTECH\venv\Lib\site-packages\django\core\handlers\base.py", line 197, in _get_response
    response = wrapped_callback(request, *callback_args, **callback_kwargs)
               ^^^^^^^^^^^^^^^^^^^^^^^^^^^^^^^^^^^^^^^^^^^^^^^^^^^^^^^^^^^^
  File "C:\Users\Hp\Desktop\ORAIMOTECH\venv\Lib\site-packages\django\views\decorators\http.py", line 63, in inner
    return func(request, *args, **kwargs)
           ^^^^^^^^^^^^^^^^^^^^^^^^^^^^^^
  File "C:\Users\Hp\Desktop\ORAIMOTECH\basket\views.py", line 62, in basket_remove
    return redirect('basket_detail')
           ^^^^^^^^^^^^^^^^^^^^^^^^^
  File "C:\Users\Hp\Desktop\ORAIMOTECH\venv\Lib\site-packages\django\shortcuts.py", line 48, in redirect
    return redirect_class(resolve_url(to, *args, **kwargs))
                          ^^^^^^^^^^^^^^^^^^^^^^^^^^^^^^^^
  File "C:\Users\Hp\Desktop\ORAIMOTECH\venv\Lib\site-packages\django\shortcuts.py", line 179, in resolve_url
    return reverse(to, args=args, kwargs=kwargs)
           ^^^^^^^^^^^^^^^^^^^^^^^^^^^^^^^^^^^^^
  File "C:\Users\Hp\Desktop\ORAIMOTECH\venv\Lib\site-packages\django\urls\base.py", line 88, in reverse
    return resolver._reverse_with_prefix(view, prefix, *args, **kwargs)
           ^^^^^^^^^^^^^^^^^^^^^^^^^^^^^^^^^^^^^^^^^^^^^^^^^^^^^^^^^^^^
  File "C:\Users\Hp\Desktop\ORAIMOTECH\venv\Lib\site-packages\django\urls\resolvers.py", line 848, in _reverse_with_prefix
    raise NoReverseMatch(msg)
django.urls.exceptions.NoReverseMatch: Reverse for 'basket_detail' not found. 'basket_detail' is not a valid view function or pattern name.
ERROR 2026-07-15 22:50:00,462 log 840 3884 Internal Server Error: /basket/remove/24/
Traceback (most recent call last):
  File "C:\Users\Hp\Desktop\ORAIMOTECH\venv\Lib\site-packages\django\core\handlers\exception.py", line 55, in inner
    response = get_response(request)
               ^^^^^^^^^^^^^^^^^^^^^
  File "C:\Users\Hp\Desktop\ORAIMOTECH\venv\Lib\site-packages\django\utils\deprecation.py", line 134, in __call__
    response = response or self.get_response(request)
                           ^^^^^^^^^^^^^^^^^^^^^^^^^^
  File "C:\Users\Hp\Desktop\ORAIMOTECH\venv\Lib\site-packages\django\core\handlers\exception.py", line 57, in inner
    response = response_for_exception(request, exc)
               ^^^^^^^^^^^^^^^^^^^^^^^^^^^^^^^^^^^^
  File "C:\Users\Hp\Desktop\ORAIMOTECH\venv\Lib\site-packages\django\core\handlers\exception.py", line 143, in response_for_exception
    log_response(
  File "C:\Users\Hp\Desktop\ORAIMOTECH\venv\Lib\site-packages\django\utils\log.py", line 241, in log_response
    getattr(logger, level)(
  File "C:\Program Files\WindowsApps\PythonSoftwareFoundation.Python.3.11_3.11.2544.0_x64__qbz5n2kfra8p0\Lib\logging\__init__.py", line 1518, in error
    self._log(ERROR, msg, args, **kwargs)
  File "C:\Program Files\WindowsApps\PythonSoftwareFoundation.Python.3.11_3.11.2544.0_x64__qbz5n2kfra8p0\Lib\logging\__init__.py", line 1634, in _log
    self.handle(record)
  File "C:\Program Files\WindowsApps\PythonSoftwareFoundation.Python.3.11_3.11.2544.0_x64__qbz5n2kfra8p0\Lib\logging\__init__.py", line 1644, in handle
    self.callHandlers(record)
  File "C:\Program Files\WindowsApps\PythonSoftwareFoundation.Python.3.11_3.11.2544.0_x64__qbz5n2kfra8p0\Lib\logging\__init__.py", line 1706, in callHandlers
    hdlr.handle(record)
  File "C:\Program Files\WindowsApps\PythonSoftwareFoundation.Python.3.11_3.11.2544.0_x64__qbz5n2kfra8p0\Lib\logging\__init__.py", line 978, in handle
    self.emit(record)
  File "C:\Users\Hp\Desktop\ORAIMOTECH\venv\Lib\site-packages\django\utils\log.py", line 128, in emit
    self.send_mail(subject, message, fail_silently=True, html_message=html_message)
  File "C:\Users\Hp\Desktop\ORAIMOTECH\venv\Lib\site-packages\django\utils\log.py", line 132, in send_mail
    subject, message, *args, connection=self.connection(), **kwargs
                                        ^^^^^^^^^^^^^^^^^
  File "C:\Users\Hp\Desktop\ORAIMOTECH\venv\Lib\site-packages\django\utils\log.py", line 136, in connection
    return get_connection(backend=self.email_backend, fail_silently=True)
           ^^^^^^^^^^^^^^^^^^^^^^^^^^^^^^^^^^^^^^^^^^^^^^^^^^^^^^^^^^^^^^
  File "C:\Users\Hp\Desktop\ORAIMOTECH\venv\Lib\site-packages\django\core\mail\__init__.py", line 50, in get_connection
    klass = import_string(backend or settings.EMAIL_BACKEND)
            ^^^^^^^^^^^^^^^^^^^^^^^^^^^^^^^^^^^^^^^^^^^^^^^^
  File "C:\Users\Hp\Desktop\ORAIMOTECH\venv\Lib\site-packages\django\utils\module_loading.py", line 30, in import_string
    return cached_import(module_path, class_name)
           ^^^^^^^^^^^^^^^^^^^^^^^^^^^^^^^^^^^^^^
  File "C:\Users\Hp\Desktop\ORAIMOTECH\venv\Lib\site-packages\django\utils\module_loading.py", line 15, in cached_import
    module = import_module(module_path)
             ^^^^^^^^^^^^^^^^^^^^^^^^^^
  File "C:\Program Files\WindowsApps\PythonSoftwareFoundation.Python.3.11_3.11.2544.0_x64__qbz5n2kfra8p0\Lib\importlib\__init__.py", line 126, in import_module
    return _bootstrap._gcd_import(name[level:], package, level)
           ^^^^^^^^^^^^^^^^^^^^^^^^^^^^^^^^^^^^^^^^^^^^^^^^^^^^
  File "<frozen importlib._bootstrap>", line 1204, in _gcd_import
  File "<frozen importlib._bootstrap>", line 1176, in _find_and_load
  File "<frozen importlib._bootstrap>", line 1135, in _find_and_load_unlocked
ModuleNotFoundError: No module named 'django.core.mail.backends.smtp.console'; 'django.core.mail.backends.smtp' is not a package
ERROR 2026-07-15 22:50:00,484 log 840 3884 Internal Server Error: /basket/remove/24/
Traceback (most recent call last):
  File "C:\Users\Hp\Desktop\ORAIMOTECH\venv\Lib\site-packages\django\core\handlers\exception.py", line 55, in inner
    response = get_response(request)
               ^^^^^^^^^^^^^^^^^^^^^
  File "C:\Users\Hp\Desktop\ORAIMOTECH\venv\Lib\site-packages\django\utils\deprecation.py", line 134, in __call__
    response = response or self.get_response(request)
                           ^^^^^^^^^^^^^^^^^^^^^^^^^^
  File "C:\Users\Hp\Desktop\ORAIMOTECH\venv\Lib\site-packages\django\core\handlers\exception.py", line 57, in inner
    response = response_for_exception(request, exc)
               ^^^^^^^^^^^^^^^^^^^^^^^^^^^^^^^^^^^^
  File "C:\Users\Hp\Desktop\ORAIMOTECH\venv\Lib\site-packages\django\core\handlers\exception.py", line 143, in response_for_exception
    log_response(
  File "C:\Users\Hp\Desktop\ORAIMOTECH\venv\Lib\site-packages\django\utils\log.py", line 241, in log_response
    getattr(logger, level)(
  File "C:\Program Files\WindowsApps\PythonSoftwareFoundation.Python.3.11_3.11.2544.0_x64__qbz5n2kfra8p0\Lib\logging\__init__.py", line 1518, in error
    self._log(ERROR, msg, args, **kwargs)
  File "C:\Program Files\WindowsApps\PythonSoftwareFoundation.Python.3.11_3.11.2544.0_x64__qbz5n2kfra8p0\Lib\logging\__init__.py", line 1634, in _log
    self.handle(record)
  File "C:\Program Files\WindowsApps\PythonSoftwareFoundation.Python.3.11_3.11.2544.0_x64__qbz5n2kfra8p0\Lib\logging\__init__.py", line 1644, in handle
    self.callHandlers(record)
  File "C:\Program Files\WindowsApps\PythonSoftwareFoundation.Python.3.11_3.11.2544.0_x64__qbz5n2kfra8p0\Lib\logging\__init__.py", line 1706, in callHandlers
    hdlr.handle(record)
  File "C:\Program Files\WindowsApps\PythonSoftwareFoundation.Python.3.11_3.11.2544.0_x64__qbz5n2kfra8p0\Lib\logging\__init__.py", line 978, in handle
    self.emit(record)
  File "C:\Users\Hp\Desktop\ORAIMOTECH\venv\Lib\site-packages\django\utils\log.py", line 128, in emit
    self.send_mail(subject, message, fail_silently=True, html_message=html_message)
  File "C:\Users\Hp\Desktop\ORAIMOTECH\venv\Lib\site-packages\django\utils\log.py", line 132, in send_mail
    subject, message, *args, connection=self.connection(), **kwargs
                                        ^^^^^^^^^^^^^^^^^
  File "C:\Users\Hp\Desktop\ORAIMOTECH\venv\Lib\site-packages\django\utils\log.py", line 136, in connection
    return get_connection(backend=self.email_backend, fail_silently=True)
           ^^^^^^^^^^^^^^^^^^^^^^^^^^^^^^^^^^^^^^^^^^^^^^^^^^^^^^^^^^^^^^
  File "C:\Users\Hp\Desktop\ORAIMOTECH\venv\Lib\site-packages\django\core\mail\__init__.py", line 50, in get_connection
    klass = import_string(backend or settings.EMAIL_BACKEND)
            ^^^^^^^^^^^^^^^^^^^^^^^^^^^^^^^^^^^^^^^^^^^^^^^^
  File "C:\Users\Hp\Desktop\ORAIMOTECH\venv\Lib\site-packages\django\utils\module_loading.py", line 30, in import_string
    return cached_import(module_path, class_name)
           ^^^^^^^^^^^^^^^^^^^^^^^^^^^^^^^^^^^^^^
  File "C:\Users\Hp\Desktop\ORAIMOTECH\venv\Lib\site-packages\django\utils\module_loading.py", line 15, in cached_import
    module = import_module(module_path)
             ^^^^^^^^^^^^^^^^^^^^^^^^^^
  File "C:\Program Files\WindowsApps\PythonSoftwareFoundation.Python.3.11_3.11.2544.0_x64__qbz5n2kfra8p0\Lib\importlib\__init__.py", line 126, in import_module
    return _bootstrap._gcd_import(name[level:], package, level)
           ^^^^^^^^^^^^^^^^^^^^^^^^^^^^^^^^^^^^^^^^^^^^^^^^^^^^
  File "<frozen importlib._bootstrap>", line 1204, in _gcd_import
  File "<frozen importlib._bootstrap>", line 1176, in _find_and_load
  File "<frozen importlib._bootstrap>", line 1135, in _find_and_load_unlocked
ModuleNotFoundError: No module named 'django.core.mail.backends.smtp.console'; 'django.core.mail.backends.smtp' is not a package
ERROR 2026-07-15 22:50:00,498 log 840 3884 Internal Server Error: /basket/remove/24/
Traceback (most recent call last):
  File "C:\Users\Hp\Desktop\ORAIMOTECH\venv\Lib\site-packages\django\core\handlers\exception.py", line 55, in inner
    response = get_response(request)
               ^^^^^^^^^^^^^^^^^^^^^
  File "C:\Users\Hp\Desktop\ORAIMOTECH\venv\Lib\site-packages\django\utils\deprecation.py", line 134, in __call__
    response = response or self.get_response(request)
                           ^^^^^^^^^^^^^^^^^^^^^^^^^^
  File "C:\Users\Hp\Desktop\ORAIMOTECH\venv\Lib\site-packages\django\core\handlers\exception.py", line 57, in inner
    response = response_for_exception(request, exc)
               ^^^^^^^^^^^^^^^^^^^^^^^^^^^^^^^^^^^^
  File "C:\Users\Hp\Desktop\ORAIMOTECH\venv\Lib\site-packages\django\core\handlers\exception.py", line 143, in response_for_exception
    log_response(
  File "C:\Users\Hp\Desktop\ORAIMOTECH\venv\Lib\site-packages\django\utils\log.py", line 241, in log_response
    getattr(logger, level)(
  File "C:\Program Files\WindowsApps\PythonSoftwareFoundation.Python.3.11_3.11.2544.0_x64__qbz5n2kfra8p0\Lib\logging\__init__.py", line 1518, in error
    self._log(ERROR, msg, args, **kwargs)
  File "C:\Program Files\WindowsApps\PythonSoftwareFoundation.Python.3.11_3.11.2544.0_x64__qbz5n2kfra8p0\Lib\logging\__init__.py", line 1634, in _log
    self.handle(record)
  File "C:\Program Files\WindowsApps\PythonSoftwareFoundation.Python.3.11_3.11.2544.0_x64__qbz5n2kfra8p0\Lib\logging\__init__.py", line 1644, in handle
    self.callHandlers(record)
  File "C:\Program Files\WindowsApps\PythonSoftwareFoundation.Python.3.11_3.11.2544.0_x64__qbz5n2kfra8p0\Lib\logging\__init__.py", line 1706, in callHandlers
    hdlr.handle(record)
  File "C:\Program Files\WindowsApps\PythonSoftwareFoundation.Python.3.11_3.11.2544.0_x64__qbz5n2kfra8p0\Lib\logging\__init__.py", line 978, in handle
    self.emit(record)
  File "C:\Users\Hp\Desktop\ORAIMOTECH\venv\Lib\site-packages\django\utils\log.py", line 128, in emit
    self.send_mail(subject, message, fail_silently=True, html_message=html_message)
  File "C:\Users\Hp\Desktop\ORAIMOTECH\venv\Lib\site-packages\django\utils\log.py", line 132, in send_mail
    subject, message, *args, connection=self.connection(), **kwargs
                                        ^^^^^^^^^^^^^^^^^
  File "C:\Users\Hp\Desktop\ORAIMOTECH\venv\Lib\site-packages\django\utils\log.py", line 136, in connection
    return get_connection(backend=self.email_backend, fail_silently=True)
           ^^^^^^^^^^^^^^^^^^^^^^^^^^^^^^^^^^^^^^^^^^^^^^^^^^^^^^^^^^^^^^
  File "C:\Users\Hp\Desktop\ORAIMOTECH\venv\Lib\site-packages\django\core\mail\__init__.py", line 50, in get_connection
    klass = import_string(backend or settings.EMAIL_BACKEND)
            ^^^^^^^^^^^^^^^^^^^^^^^^^^^^^^^^^^^^^^^^^^^^^^^^
  File "C:\Users\Hp\Desktop\ORAIMOTECH\venv\Lib\site-packages\django\utils\module_loading.py", line 30, in import_string
    return cached_import(module_path, class_name)
           ^^^^^^^^^^^^^^^^^^^^^^^^^^^^^^^^^^^^^^
  File "C:\Users\Hp\Desktop\ORAIMOTECH\venv\Lib\site-packages\django\utils\module_loading.py", line 15, in cached_import
    module = import_module(module_path)
             ^^^^^^^^^^^^^^^^^^^^^^^^^^
  File "C:\Program Files\WindowsApps\PythonSoftwareFoundation.Python.3.11_3.11.2544.0_x64__qbz5n2kfra8p0\Lib\importlib\__init__.py", line 126, in import_module
    return _bootstrap._gcd_import(name[level:], package, level)
           ^^^^^^^^^^^^^^^^^^^^^^^^^^^^^^^^^^^^^^^^^^^^^^^^^^^^
  File "<frozen importlib._bootstrap>", line 1204, in _gcd_import
  File "<frozen importlib._bootstrap>", line 1176, in _find_and_load
  File "<frozen importlib._bootstrap>", line 1135, in _find_and_load_unlocked
ModuleNotFoundError: No module named 'django.core.mail.backends.smtp.console'; 'django.core.mail.backends.smtp' is not a package
ERROR 2026-07-15 22:50:00,523 log 840 3884 Internal Server Error: /basket/remove/24/
Traceback (most recent call last):
  File "C:\Users\Hp\Desktop\ORAIMOTECH\venv\Lib\site-packages\django\core\handlers\exception.py", line 55, in inner
    response = get_response(request)
               ^^^^^^^^^^^^^^^^^^^^^
  File "C:\Users\Hp\Desktop\ORAIMOTECH\venv\Lib\site-packages\django\utils\deprecation.py", line 134, in __call__
    response = response or self.get_response(request)
                           ^^^^^^^^^^^^^^^^^^^^^^^^^^
  File "C:\Users\Hp\Desktop\ORAIMOTECH\venv\Lib\site-packages\django\core\handlers\exception.py", line 57, in inner
    response = response_for_exception(request, exc)
               ^^^^^^^^^^^^^^^^^^^^^^^^^^^^^^^^^^^^
  File "C:\Users\Hp\Desktop\ORAIMOTECH\venv\Lib\site-packages\django\core\handlers\exception.py", line 143, in response_for_exception
    log_response(
  File "C:\Users\Hp\Desktop\ORAIMOTECH\venv\Lib\site-packages\django\utils\log.py", line 241, in log_response
    getattr(logger, level)(
  File "C:\Program Files\WindowsApps\PythonSoftwareFoundation.Python.3.11_3.11.2544.0_x64__qbz5n2kfra8p0\Lib\logging\__init__.py", line 1518, in error
    self._log(ERROR, msg, args, **kwargs)
  File "C:\Program Files\WindowsApps\PythonSoftwareFoundation.Python.3.11_3.11.2544.0_x64__qbz5n2kfra8p0\Lib\logging\__init__.py", line 1634, in _log
    self.handle(record)
  File "C:\Program Files\WindowsApps\PythonSoftwareFoundation.Python.3.11_3.11.2544.0_x64__qbz5n2kfra8p0\Lib\logging\__init__.py", line 1644, in handle
    self.callHandlers(record)
  File "C:\Program Files\WindowsApps\PythonSoftwareFoundation.Python.3.11_3.11.2544.0_x64__qbz5n2kfra8p0\Lib\logging\__init__.py", line 1706, in callHandlers
    hdlr.handle(record)
  File "C:\Program Files\WindowsApps\PythonSoftwareFoundation.Python.3.11_3.11.2544.0_x64__qbz5n2kfra8p0\Lib\logging\__init__.py", line 978, in handle
    self.emit(record)
  File "C:\Users\Hp\Desktop\ORAIMOTECH\venv\Lib\site-packages\django\utils\log.py", line 128, in emit
    self.send_mail(subject, message, fail_silently=True, html_message=html_message)
  File "C:\Users\Hp\Desktop\ORAIMOTECH\venv\Lib\site-packages\django\utils\log.py", line 132, in send_mail
    subject, message, *args, connection=self.connection(), **kwargs
                                        ^^^^^^^^^^^^^^^^^
  File "C:\Users\Hp\Desktop\ORAIMOTECH\venv\Lib\site-packages\django\utils\log.py", line 136, in connection
    return get_connection(backend=self.email_backend, fail_silently=True)
           ^^^^^^^^^^^^^^^^^^^^^^^^^^^^^^^^^^^^^^^^^^^^^^^^^^^^^^^^^^^^^^
  File "C:\Users\Hp\Desktop\ORAIMOTECH\venv\Lib\site-packages\django\core\mail\__init__.py", line 50, in get_connection
    klass = import_string(backend or settings.EMAIL_BACKEND)
            ^^^^^^^^^^^^^^^^^^^^^^^^^^^^^^^^^^^^^^^^^^^^^^^^
  File "C:\Users\Hp\Desktop\ORAIMOTECH\venv\Lib\site-packages\django\utils\module_loading.py", line 30, in import_string
    return cached_import(module_path, class_name)
           ^^^^^^^^^^^^^^^^^^^^^^^^^^^^^^^^^^^^^^
  File "C:\Users\Hp\Desktop\ORAIMOTECH\venv\Lib\site-packages\django\utils\module_loading.py", line 15, in cached_import
    module = import_module(module_path)
             ^^^^^^^^^^^^^^^^^^^^^^^^^^
  File "C:\Program Files\WindowsApps\PythonSoftwareFoundation.Python.3.11_3.11.2544.0_x64__qbz5n2kfra8p0\Lib\importlib\__init__.py", line 126, in import_module
    return _bootstrap._gcd_import(name[level:], package, level)
           ^^^^^^^^^^^^^^^^^^^^^^^^^^^^^^^^^^^^^^^^^^^^^^^^^^^^
  File "<frozen importlib._bootstrap>", line 1204, in _gcd_import
  File "<frozen importlib._bootstrap>", line 1176, in _find_and_load
  File "<frozen importlib._bootstrap>", line 1135, in _find_and_load_unlocked
ModuleNotFoundError: No module named 'django.core.mail.backends.smtp.console'; 'django.core.mail.backends.smtp' is not a package
ERROR 2026-07-15 22:50:00,541 log 840 3884 Internal Server Error: /basket/remove/24/
Traceback (most recent call last):
  File "C:\Users\Hp\Desktop\ORAIMOTECH\venv\Lib\site-packages\django\core\handlers\exception.py", line 55, in inner
    response = get_response(request)
               ^^^^^^^^^^^^^^^^^^^^^
  File "C:\Users\Hp\Desktop\ORAIMOTECH\venv\Lib\site-packages\django\utils\deprecation.py", line 134, in __call__
    response = response or self.get_response(request)
                           ^^^^^^^^^^^^^^^^^^^^^^^^^^
  File "C:\Users\Hp\Desktop\ORAIMOTECH\venv\Lib\site-packages\django\core\handlers\exception.py", line 57, in inner
    response = response_for_exception(request, exc)
               ^^^^^^^^^^^^^^^^^^^^^^^^^^^^^^^^^^^^
  File "C:\Users\Hp\Desktop\ORAIMOTECH\venv\Lib\site-packages\django\core\handlers\exception.py", line 143, in response_for_exception
    log_response(
  File "C:\Users\Hp\Desktop\ORAIMOTECH\venv\Lib\site-packages\django\utils\log.py", line 241, in log_response
    getattr(logger, level)(
  File "C:\Program Files\WindowsApps\PythonSoftwareFoundation.Python.3.11_3.11.2544.0_x64__qbz5n2kfra8p0\Lib\logging\__init__.py", line 1518, in error
    self._log(ERROR, msg, args, **kwargs)
  File "C:\Program Files\WindowsApps\PythonSoftwareFoundation.Python.3.11_3.11.2544.0_x64__qbz5n2kfra8p0\Lib\logging\__init__.py", line 1634, in _log
    self.handle(record)
  File "C:\Program Files\WindowsApps\PythonSoftwareFoundation.Python.3.11_3.11.2544.0_x64__qbz5n2kfra8p0\Lib\logging\__init__.py", line 1644, in handle
    self.callHandlers(record)
  File "C:\Program Files\WindowsApps\PythonSoftwareFoundation.Python.3.11_3.11.2544.0_x64__qbz5n2kfra8p0\Lib\logging\__init__.py", line 1706, in callHandlers
    hdlr.handle(record)
  File "C:\Program Files\WindowsApps\PythonSoftwareFoundation.Python.3.11_3.11.2544.0_x64__qbz5n2kfra8p0\Lib\logging\__init__.py", line 978, in handle
    self.emit(record)
  File "C:\Users\Hp\Desktop\ORAIMOTECH\venv\Lib\site-packages\django\utils\log.py", line 128, in emit
    self.send_mail(subject, message, fail_silently=True, html_message=html_message)
  File "C:\Users\Hp\Desktop\ORAIMOTECH\venv\Lib\site-packages\django\utils\log.py", line 132, in send_mail
    subject, message, *args, connection=self.connection(), **kwargs
                                        ^^^^^^^^^^^^^^^^^
  File "C:\Users\Hp\Desktop\ORAIMOTECH\venv\Lib\site-packages\django\utils\log.py", line 136, in connection
    return get_connection(backend=self.email_backend, fail_silently=True)
           ^^^^^^^^^^^^^^^^^^^^^^^^^^^^^^^^^^^^^^^^^^^^^^^^^^^^^^^^^^^^^^
  File "C:\Users\Hp\Desktop\ORAIMOTECH\venv\Lib\site-packages\django\core\mail\__init__.py", line 50, in get_connection
    klass = import_string(backend or settings.EMAIL_BACKEND)
            ^^^^^^^^^^^^^^^^^^^^^^^^^^^^^^^^^^^^^^^^^^^^^^^^
  File "C:\Users\Hp\Desktop\ORAIMOTECH\venv\Lib\site-packages\django\utils\module_loading.py", line 30, in import_string
    return cached_import(module_path, class_name)
           ^^^^^^^^^^^^^^^^^^^^^^^^^^^^^^^^^^^^^^
  File "C:\Users\Hp\Desktop\ORAIMOTECH\venv\Lib\site-packages\django\utils\module_loading.py", line 15, in cached_import
    module = import_module(module_path)
             ^^^^^^^^^^^^^^^^^^^^^^^^^^
  File "C:\Program Files\WindowsApps\PythonSoftwareFoundation.Python.3.11_3.11.2544.0_x64__qbz5n2kfra8p0\Lib\importlib\__init__.py", line 126, in import_module
    return _bootstrap._gcd_import(name[level:], package, level)
           ^^^^^^^^^^^^^^^^^^^^^^^^^^^^^^^^^^^^^^^^^^^^^^^^^^^^
  File "<frozen importlib._bootstrap>", line 1204, in _gcd_import
  File "<frozen importlib._bootstrap>", line 1176, in _find_and_load
  File "<frozen importlib._bootstrap>", line 1135, in _find_and_load_unlocked
ModuleNotFoundError: No module named 'django.core.mail.backends.smtp.console'; 'django.core.mail.backends.smtp' is not a package
ERROR 2026-07-15 22:50:00,556 log 840 3884 Internal Server Error: /basket/remove/24/
Traceback (most recent call last):
  File "C:\Users\Hp\Desktop\ORAIMOTECH\venv\Lib\site-packages\django\core\handlers\exception.py", line 55, in inner
    response = get_response(request)
               ^^^^^^^^^^^^^^^^^^^^^
  File "C:\Users\Hp\Desktop\ORAIMOTECH\venv\Lib\site-packages\django\utils\deprecation.py", line 134, in __call__
    response = response or self.get_response(request)
                           ^^^^^^^^^^^^^^^^^^^^^^^^^^
  File "C:\Users\Hp\Desktop\ORAIMOTECH\venv\Lib\site-packages\django\core\handlers\exception.py", line 57, in inner
    response = response_for_exception(request, exc)
               ^^^^^^^^^^^^^^^^^^^^^^^^^^^^^^^^^^^^
  File "C:\Users\Hp\Desktop\ORAIMOTECH\venv\Lib\site-packages\django\core\handlers\exception.py", line 143, in response_for_exception
    log_response(
  File "C:\Users\Hp\Desktop\ORAIMOTECH\venv\Lib\site-packages\django\utils\log.py", line 241, in log_response
    getattr(logger, level)(
  File "C:\Program Files\WindowsApps\PythonSoftwareFoundation.Python.3.11_3.11.2544.0_x64__qbz5n2kfra8p0\Lib\logging\__init__.py", line 1518, in error
    self._log(ERROR, msg, args, **kwargs)
  File "C:\Program Files\WindowsApps\PythonSoftwareFoundation.Python.3.11_3.11.2544.0_x64__qbz5n2kfra8p0\Lib\logging\__init__.py", line 1634, in _log
    self.handle(record)
  File "C:\Program Files\WindowsApps\PythonSoftwareFoundation.Python.3.11_3.11.2544.0_x64__qbz5n2kfra8p0\Lib\logging\__init__.py", line 1644, in handle
    self.callHandlers(record)
  File "C:\Program Files\WindowsApps\PythonSoftwareFoundation.Python.3.11_3.11.2544.0_x64__qbz5n2kfra8p0\Lib\logging\__init__.py", line 1706, in callHandlers
    hdlr.handle(record)
  File "C:\Program Files\WindowsApps\PythonSoftwareFoundation.Python.3.11_3.11.2544.0_x64__qbz5n2kfra8p0\Lib\logging\__init__.py", line 978, in handle
    self.emit(record)
  File "C:\Users\Hp\Desktop\ORAIMOTECH\venv\Lib\site-packages\django\utils\log.py", line 128, in emit
    self.send_mail(subject, message, fail_silently=True, html_message=html_message)
  File "C:\Users\Hp\Desktop\ORAIMOTECH\venv\Lib\site-packages\django\utils\log.py", line 132, in send_mail
    subject, message, *args, connection=self.connection(), **kwargs
                                        ^^^^^^^^^^^^^^^^^
  File "C:\Users\Hp\Desktop\ORAIMOTECH\venv\Lib\site-packages\django\utils\log.py", line 136, in connection
    return get_connection(backend=self.email_backend, fail_silently=True)
           ^^^^^^^^^^^^^^^^^^^^^^^^^^^^^^^^^^^^^^^^^^^^^^^^^^^^^^^^^^^^^^
  File "C:\Users\Hp\Desktop\ORAIMOTECH\venv\Lib\site-packages\django\core\mail\__init__.py", line 50, in get_connection
    klass = import_string(backend or settings.EMAIL_BACKEND)
            ^^^^^^^^^^^^^^^^^^^^^^^^^^^^^^^^^^^^^^^^^^^^^^^^
  File "C:\Users\Hp\Desktop\ORAIMOTECH\venv\Lib\site-packages\django\utils\module_loading.py", line 30, in import_string
    return cached_import(module_path, class_name)
           ^^^^^^^^^^^^^^^^^^^^^^^^^^^^^^^^^^^^^^
  File "C:\Users\Hp\Desktop\ORAIMOTECH\venv\Lib\site-packages\django\utils\module_loading.py", line 15, in cached_import
    module = import_module(module_path)
             ^^^^^^^^^^^^^^^^^^^^^^^^^^
  File "C:\Program Files\WindowsApps\PythonSoftwareFoundation.Python.3.11_3.11.2544.0_x64__qbz5n2kfra8p0\Lib\importlib\__init__.py", line 126, in import_module
    return _bootstrap._gcd_import(name[level:], package, level)
           ^^^^^^^^^^^^^^^^^^^^^^^^^^^^^^^^^^^^^^^^^^^^^^^^^^^^
  File "<frozen importlib._bootstrap>", line 1204, in _gcd_import
  File "<frozen importlib._bootstrap>", line 1176, in _find_and_load
  File "<frozen importlib._bootstrap>", line 1135, in _find_and_load_unlocked
ModuleNotFoundError: No module named 'django.core.mail.backends.smtp.console'; 'django.core.mail.backends.smtp' is not a package
ERROR 2026-07-15 22:50:00,576 log 840 3884 Internal Server Error: /basket/remove/24/
Traceback (most recent call last):
  File "C:\Users\Hp\Desktop\ORAIMOTECH\venv\Lib\site-packages\django\core\handlers\exception.py", line 55, in inner
    response = get_response(request)
               ^^^^^^^^^^^^^^^^^^^^^
  File "C:\Users\Hp\Desktop\ORAIMOTECH\venv\Lib\site-packages\whitenoise\middleware.py", line 124, in __call__
    return self.get_response(request)
           ^^^^^^^^^^^^^^^^^^^^^^^^^^
  File "C:\Users\Hp\Desktop\ORAIMOTECH\venv\Lib\site-packages\django\core\handlers\exception.py", line 57, in inner
    response = response_for_exception(request, exc)
               ^^^^^^^^^^^^^^^^^^^^^^^^^^^^^^^^^^^^
  File "C:\Users\Hp\Desktop\ORAIMOTECH\venv\Lib\site-packages\django\core\handlers\exception.py", line 143, in response_for_exception
    log_response(
  File "C:\Users\Hp\Desktop\ORAIMOTECH\venv\Lib\site-packages\django\utils\log.py", line 241, in log_response
    getattr(logger, level)(
  File "C:\Program Files\WindowsApps\PythonSoftwareFoundation.Python.3.11_3.11.2544.0_x64__qbz5n2kfra8p0\Lib\logging\__init__.py", line 1518, in error
    self._log(ERROR, msg, args, **kwargs)
  File "C:\Program Files\WindowsApps\PythonSoftwareFoundation.Python.3.11_3.11.2544.0_x64__qbz5n2kfra8p0\Lib\logging\__init__.py", line 1634, in _log
    self.handle(record)
  File "C:\Program Files\WindowsApps\PythonSoftwareFoundation.Python.3.11_3.11.2544.0_x64__qbz5n2kfra8p0\Lib\logging\__init__.py", line 1644, in handle
    self.callHandlers(record)
  File "C:\Program Files\WindowsApps\PythonSoftwareFoundation.Python.3.11_3.11.2544.0_x64__qbz5n2kfra8p0\Lib\logging\__init__.py", line 1706, in callHandlers
    hdlr.handle(record)
  File "C:\Program Files\WindowsApps\PythonSoftwareFoundation.Python.3.11_3.11.2544.0_x64__qbz5n2kfra8p0\Lib\logging\__init__.py", line 978, in handle
    self.emit(record)
  File "C:\Users\Hp\Desktop\ORAIMOTECH\venv\Lib\site-packages\django\utils\log.py", line 128, in emit
    self.send_mail(subject, message, fail_silently=True, html_message=html_message)
  File "C:\Users\Hp\Desktop\ORAIMOTECH\venv\Lib\site-packages\django\utils\log.py", line 132, in send_mail
    subject, message, *args, connection=self.connection(), **kwargs
                                        ^^^^^^^^^^^^^^^^^
  File "C:\Users\Hp\Desktop\ORAIMOTECH\venv\Lib\site-packages\django\utils\log.py", line 136, in connection
    return get_connection(backend=self.email_backend, fail_silently=True)
           ^^^^^^^^^^^^^^^^^^^^^^^^^^^^^^^^^^^^^^^^^^^^^^^^^^^^^^^^^^^^^^
  File "C:\Users\Hp\Desktop\ORAIMOTECH\venv\Lib\site-packages\django\core\mail\__init__.py", line 50, in get_connection
    klass = import_string(backend or settings.EMAIL_BACKEND)
            ^^^^^^^^^^^^^^^^^^^^^^^^^^^^^^^^^^^^^^^^^^^^^^^^
  File "C:\Users\Hp\Desktop\ORAIMOTECH\venv\Lib\site-packages\django\utils\module_loading.py", line 30, in import_string
    return cached_import(module_path, class_name)
           ^^^^^^^^^^^^^^^^^^^^^^^^^^^^^^^^^^^^^^
  File "C:\Users\Hp\Desktop\ORAIMOTECH\venv\Lib\site-packages\django\utils\module_loading.py", line 15, in cached_import
    module = import_module(module_path)
             ^^^^^^^^^^^^^^^^^^^^^^^^^^
  File "C:\Program Files\WindowsApps\PythonSoftwareFoundation.Python.3.11_3.11.2544.0_x64__qbz5n2kfra8p0\Lib\importlib\__init__.py", line 126, in import_module
    return _bootstrap._gcd_import(name[level:], package, level)
           ^^^^^^^^^^^^^^^^^^^^^^^^^^^^^^^^^^^^^^^^^^^^^^^^^^^^
  File "<frozen importlib._bootstrap>", line 1204, in _gcd_import
  File "<frozen importlib._bootstrap>", line 1176, in _find_and_load
  File "<frozen importlib._bootstrap>", line 1135, in _find_and_load_unlocked
ModuleNotFoundError: No module named 'django.core.mail.backends.smtp.console'; 'django.core.mail.backends.smtp' is not a package
ERROR 2026-07-15 22:50:00,596 log 840 3884 Internal Server Error: /basket/remove/24/
Traceback (most recent call last):
  File "C:\Users\Hp\Desktop\ORAIMOTECH\venv\Lib\site-packages\django\core\handlers\exception.py", line 55, in inner
    response = get_response(request)
               ^^^^^^^^^^^^^^^^^^^^^
  File "C:\Users\Hp\Desktop\ORAIMOTECH\venv\Lib\site-packages\django\utils\deprecation.py", line 134, in __call__
    response = response or self.get_response(request)
                           ^^^^^^^^^^^^^^^^^^^^^^^^^^
  File "C:\Users\Hp\Desktop\ORAIMOTECH\venv\Lib\site-packages\django\core\handlers\exception.py", line 57, in inner
    response = response_for_exception(request, exc)
               ^^^^^^^^^^^^^^^^^^^^^^^^^^^^^^^^^^^^
  File "C:\Users\Hp\Desktop\ORAIMOTECH\venv\Lib\site-packages\django\core\handlers\exception.py", line 143, in response_for_exception
    log_response(
  File "C:\Users\Hp\Desktop\ORAIMOTECH\venv\Lib\site-packages\django\utils\log.py", line 241, in log_response
    getattr(logger, level)(
  File "C:\Program Files\WindowsApps\PythonSoftwareFoundation.Python.3.11_3.11.2544.0_x64__qbz5n2kfra8p0\Lib\logging\__init__.py", line 1518, in error
    self._log(ERROR, msg, args, **kwargs)
  File "C:\Program Files\WindowsApps\PythonSoftwareFoundation.Python.3.11_3.11.2544.0_x64__qbz5n2kfra8p0\Lib\logging\__init__.py", line 1634, in _log
    self.handle(record)
  File "C:\Program Files\WindowsApps\PythonSoftwareFoundation.Python.3.11_3.11.2544.0_x64__qbz5n2kfra8p0\Lib\logging\__init__.py", line 1644, in handle
    self.callHandlers(record)
  File "C:\Program Files\WindowsApps\PythonSoftwareFoundation.Python.3.11_3.11.2544.0_x64__qbz5n2kfra8p0\Lib\logging\__init__.py", line 1706, in callHandlers
    hdlr.handle(record)
  File "C:\Program Files\WindowsApps\PythonSoftwareFoundation.Python.3.11_3.11.2544.0_x64__qbz5n2kfra8p0\Lib\logging\__init__.py", line 978, in handle
    self.emit(record)
  File "C:\Users\Hp\Desktop\ORAIMOTECH\venv\Lib\site-packages\django\utils\log.py", line 128, in emit
    self.send_mail(subject, message, fail_silently=True, html_message=html_message)
  File "C:\Users\Hp\Desktop\ORAIMOTECH\venv\Lib\site-packages\django\utils\log.py", line 132, in send_mail
    subject, message, *args, connection=self.connection(), **kwargs
                                        ^^^^^^^^^^^^^^^^^
  File "C:\Users\Hp\Desktop\ORAIMOTECH\venv\Lib\site-packages\django\utils\log.py", line 136, in connection
    return get_connection(backend=self.email_backend, fail_silently=True)
           ^^^^^^^^^^^^^^^^^^^^^^^^^^^^^^^^^^^^^^^^^^^^^^^^^^^^^^^^^^^^^^
  File "C:\Users\Hp\Desktop\ORAIMOTECH\venv\Lib\site-packages\django\core\mail\__init__.py", line 50, in get_connection
    klass = import_string(backend or settings.EMAIL_BACKEND)
            ^^^^^^^^^^^^^^^^^^^^^^^^^^^^^^^^^^^^^^^^^^^^^^^^
  File "C:\Users\Hp\Desktop\ORAIMOTECH\venv\Lib\site-packages\django\utils\module_loading.py", line 30, in import_string
    return cached_import(module_path, class_name)
           ^^^^^^^^^^^^^^^^^^^^^^^^^^^^^^^^^^^^^^
  File "C:\Users\Hp\Desktop\ORAIMOTECH\venv\Lib\site-packages\django\utils\module_loading.py", line 15, in cached_import
    module = import_module(module_path)
             ^^^^^^^^^^^^^^^^^^^^^^^^^^
  File "C:\Program Files\WindowsApps\PythonSoftwareFoundation.Python.3.11_3.11.2544.0_x64__qbz5n2kfra8p0\Lib\importlib\__init__.py", line 126, in import_module
    return _bootstrap._gcd_import(name[level:], package, level)
           ^^^^^^^^^^^^^^^^^^^^^^^^^^^^^^^^^^^^^^^^^^^^^^^^^^^^
  File "<frozen importlib._bootstrap>", line 1204, in _gcd_import
  File "<frozen importlib._bootstrap>", line 1176, in _find_and_load
  File "<frozen importlib._bootstrap>", line 1135, in _find_and_load_unlocked
ModuleNotFoundError: No module named 'django.core.mail.backends.smtp.console'; 'django.core.mail.backends.smtp' is not a package
ERROR 2026-07-15 22:50:00,614 log 840 3884 Internal Server Error: /basket/remove/24/
Traceback (most recent call last):
  File "C:\Users\Hp\Desktop\ORAIMOTECH\venv\Lib\site-packages\django\core\handlers\exception.py", line 55, in inner
    response = get_response(request)
               ^^^^^^^^^^^^^^^^^^^^^
  File "C:\Users\Hp\Desktop\ORAIMOTECH\venv\Lib\site-packages\corsheaders\middleware.py", line 56, in __call__
    result = self.get_response(request)
             ^^^^^^^^^^^^^^^^^^^^^^^^^^
  File "C:\Users\Hp\Desktop\ORAIMOTECH\venv\Lib\site-packages\django\core\handlers\exception.py", line 57, in inner
    response = response_for_exception(request, exc)
               ^^^^^^^^^^^^^^^^^^^^^^^^^^^^^^^^^^^^
  File "C:\Users\Hp\Desktop\ORAIMOTECH\venv\Lib\site-packages\django\core\handlers\exception.py", line 143, in response_for_exception
    log_response(
  File "C:\Users\Hp\Desktop\ORAIMOTECH\venv\Lib\site-packages\django\utils\log.py", line 241, in log_response
    getattr(logger, level)(
  File "C:\Program Files\WindowsApps\PythonSoftwareFoundation.Python.3.11_3.11.2544.0_x64__qbz5n2kfra8p0\Lib\logging\__init__.py", line 1518, in error
    self._log(ERROR, msg, args, **kwargs)
  File "C:\Program Files\WindowsApps\PythonSoftwareFoundation.Python.3.11_3.11.2544.0_x64__qbz5n2kfra8p0\Lib\logging\__init__.py", line 1634, in _log
    self.handle(record)
  File "C:\Program Files\WindowsApps\PythonSoftwareFoundation.Python.3.11_3.11.2544.0_x64__qbz5n2kfra8p0\Lib\logging\__init__.py", line 1644, in handle
    self.callHandlers(record)
  File "C:\Program Files\WindowsApps\PythonSoftwareFoundation.Python.3.11_3.11.2544.0_x64__qbz5n2kfra8p0\Lib\logging\__init__.py", line 1706, in callHandlers
    hdlr.handle(record)
  File "C:\Program Files\WindowsApps\PythonSoftwareFoundation.Python.3.11_3.11.2544.0_x64__qbz5n2kfra8p0\Lib\logging\__init__.py", line 978, in handle
    self.emit(record)
  File "C:\Users\Hp\Desktop\ORAIMOTECH\venv\Lib\site-packages\django\utils\log.py", line 128, in emit
    self.send_mail(subject, message, fail_silently=True, html_message=html_message)
  File "C:\Users\Hp\Desktop\ORAIMOTECH\venv\Lib\site-packages\django\utils\log.py", line 132, in send_mail
    subject, message, *args, connection=self.connection(), **kwargs
                                        ^^^^^^^^^^^^^^^^^
  File "C:\Users\Hp\Desktop\ORAIMOTECH\venv\Lib\site-packages\django\utils\log.py", line 136, in connection
    return get_connection(backend=self.email_backend, fail_silently=True)
           ^^^^^^^^^^^^^^^^^^^^^^^^^^^^^^^^^^^^^^^^^^^^^^^^^^^^^^^^^^^^^^
  File "C:\Users\Hp\Desktop\ORAIMOTECH\venv\Lib\site-packages\django\core\mail\__init__.py", line 50, in get_connection
    klass = import_string(backend or settings.EMAIL_BACKEND)
            ^^^^^^^^^^^^^^^^^^^^^^^^^^^^^^^^^^^^^^^^^^^^^^^^
  File "C:\Users\Hp\Desktop\ORAIMOTECH\venv\Lib\site-packages\django\utils\module_loading.py", line 30, in import_string
    return cached_import(module_path, class_name)
           ^^^^^^^^^^^^^^^^^^^^^^^^^^^^^^^^^^^^^^
  File "C:\Users\Hp\Desktop\ORAIMOTECH\venv\Lib\site-packages\django\utils\module_loading.py", line 15, in cached_import
    module = import_module(module_path)
             ^^^^^^^^^^^^^^^^^^^^^^^^^^
  File "C:\Program Files\WindowsApps\PythonSoftwareFoundation.Python.3.11_3.11.2544.0_x64__qbz5n2kfra8p0\Lib\importlib\__init__.py", line 126, in import_module
    return _bootstrap._gcd_import(name[level:], package, level)
           ^^^^^^^^^^^^^^^^^^^^^^^^^^^^^^^^^^^^^^^^^^^^^^^^^^^^
  File "<frozen importlib._bootstrap>", line 1204, in _gcd_import
  File "<frozen importlib._bootstrap>", line 1176, in _find_and_load
  File "<frozen importlib._bootstrap>", line 1135, in _find_and_load_unlocked
ModuleNotFoundError: No module named 'django.core.mail.backends.smtp.console'; 'django.core.mail.backends.smtp' is not a package
ERROR 2026-07-15 22:50:00,634 basehttp 840 3884 "POST /basket/remove/24/ HTTP/1.1" 500 59
INFO 2026-07-15 22:50:05,160 basehttp 840 3884 "GET /shop/ HTTP/1.1" 200 88327
WARNING 2026-07-15 22:50:06,253 basehttp 840 3884 "GET /media/products/1000526988.jpg HTTP/1.1" 404 64079
WARNING 2026-07-15 22:50:06,523 basehttp 840 23804 "GET /media/products/1000526986.jpg HTTP/1.1" 404 64079
WARNING 2026-07-15 22:50:06,523 basehttp 840 8004 "GET /media/products/1000533260.jpg HTTP/1.1" 404 64079
WARNING 2026-07-15 22:50:06,529 basehttp 840 6284 "GET /media/products/1000526975.jpg HTTP/1.1" 404 64079
WARNING 2026-07-15 22:50:06,533 basehttp 840 26520 "GET /media/products/1000526984.jpg HTTP/1.1" 404 64079
WARNING 2026-07-15 22:50:06,542 basehttp 840 13364 "GET /media/products/1000526987.jpg HTTP/1.1" 404 64079
WARNING 2026-07-15 22:50:06,604 basehttp 840 26140 "GET /media/products/1000526983.jpg HTTP/1.1" 404 64079
WARNING 2026-07-15 22:50:06,608 basehttp 840 25472 "GET /media/products/1000526985.jpg HTTP/1.1" 404 64079
WARNING 2026-07-15 22:50:07,072 basehttp 840 23804 "GET /media/products/1000526968.jpg HTTP/1.1" 404 64079
WARNING 2026-07-15 22:50:07,072 basehttp 840 3884 "GET /media/products/1000533308.jpg HTTP/1.1" 404 64079
WARNING 2026-07-15 22:50:07,376 basehttp 840 8004 "GET /media/products/1000525144.png HTTP/1.1" 404 64079
WARNING 2026-07-15 22:50:07,525 basehttp 840 18204 "GET /media/products/1000525145.png HTTP/1.1" 404 64079
INFO 2026-07-15 22:50:08,690 basehttp 840 25032 "GET / HTTP/1.1" 200 106415
INFO 2026-07-15 22:50:14,603 basehttp 840 25032 "GET / HTTP/1.1" 200 106415
INFO 2026-07-15 22:50:16,198 basehttp 840 1568 "GET / HTTP/1.1" 200 106415
WARNING 2026-07-15 22:50:18,637 basehttp 840 1568 "GET /favicon.ico HTTP/1.1" 404 64079
WARNING 2026-07-15 22:50:18,803 basehttp 840 25040 "GET /media/CACHE/images/products/1000526988/297d1fbbf43ffd3ca8b68220c3a2f140.jpg HTTP/1.1" 404 64079
WARNING 2026-07-15 22:50:18,903 basehttp 840 20028 "GET /media/CACHE/images/products/1000526987/a6d5a5e42638bdf81f7b75683fe48a56.jpg HTTP/1.1" 404 64079
WARNING 2026-07-15 22:50:19,564 basehttp 840 1568 "GET /media/CACHE/images/products/1000526985/ea2101abe7212401b5af667637e000f4.jpg HTTP/1.1" 404 64079
WARNING 2026-07-15 22:50:19,564 basehttp 840 25040 "GET /media/CACHE/images/products/1000526986/4c42d7f070fd16fcc4c9e9e771277a3f.jpg HTTP/1.1" 404 64079
INFO 2026-07-15 22:50:19,594 basehttp 840 6284 "GET /shop/ HTTP/1.1" 200 88327
INFO 2026-07-15 22:50:20,835 basehttp 840 20028 "GET /shop/?category=neckbands HTTP/1.1" 200 76614
WARNING 2026-07-15 22:50:20,978 basehttp 840 6284 "GET /media/products/1000526988.jpg HTTP/1.1" 404 64079
WARNING 2026-07-15 22:50:20,978 basehttp 840 26140 "GET /media/products/1000526986.jpg HTTP/1.1" 404 64079
WARNING 2026-07-15 22:50:21,144 basehttp 840 22384 "GET /media/products/1000533260.jpg HTTP/1.1" 404 64079
WARNING 2026-07-15 22:50:21,239 basehttp 840 26460 "GET /media/products/1000526984.jpg HTTP/1.1" 404 64079
WARNING 2026-07-15 22:50:21,249 basehttp 840 2580 "GET /media/products/1000526985.jpg HTTP/1.1" 404 64079
WARNING 2026-07-15 22:50:21,249 basehttp 840 5024 "GET /media/products/1000526983.jpg HTTP/1.1" 404 64079
WARNING 2026-07-15 22:50:21,261 basehttp 840 19232 "GET /media/products/1000526975.jpg HTTP/1.1" 404 64079
WARNING 2026-07-15 22:50:21,261 basehttp 840 18276 "GET /media/products/1000526987.jpg HTTP/1.1" 404 64079
WARNING 2026-07-15 22:50:21,896 basehttp 840 20028 "GET /media/products/1000458382_rsJgChZ.jpg HTTP/1.1" 404 64079
WARNING 2026-07-15 22:50:21,901 basehttp 840 26140 "GET /media/products/1000526968.jpg HTTP/1.1" 404 64079
WARNING 2026-07-15 22:50:21,901 basehttp 840 6284 "GET /media/products/1000533308.jpg HTTP/1.1" 404 64079
WARNING 2026-07-15 22:50:21,987 basehttp 840 19128 "GET /media/products/1000520257.jpg HTTP/1.1" 404 64079
WARNING 2026-07-15 22:50:22,191 basehttp 840 17140 "GET /media/products/1000520234_SBppChd.jpg HTTP/1.1" 404 64079
INFO 2026-07-15 22:50:34,668 basehttp 840 20028 "POST /basket/add/1/ HTTP/1.1" 200 58
INFO 2026-07-15 22:50:34,698 basehttp 840 19128 "POST /basket/add/1/ HTTP/1.1" 200 58
INFO 2026-07-15 22:50:40,712 basehttp 840 19128 "GET /basket/ HTTP/1.1" 200 81291
WARNING 2026-07-15 22:50:41,841 basehttp 840 19128 "GET /media/products/1000520234_SBppChd.jpg HTTP/1.1" 404 64079
INFO 2026-07-15 22:50:46,779 basehttp 840 19128 "GET /checkout/ HTTP/1.1" 200 84550
WARNING 2026-07-15 22:50:47,356 basehttp 840 24368 "GET /media/products/1000525145.png HTTP/1.1" 404 64079
WARNING 2026-07-15 22:50:47,567 basehttp 840 19624 "GET /media/products/1000525144.png HTTP/1.1" 404 64079
INFO 2026-07-15 22:51:14,494 basehttp 840 19624 "GET /shop/oraimo-safe-volt-surge-protector-tv-fridge-guard-1/ HTTP/1.1" 200 72354
WARNING 2026-07-15 22:51:15,594 basehttp 840 19624 "GET /media/products/1000526988.jpg HTTP/1.1" 404 64079
WARNING 2026-07-15 22:51:15,594 basehttp 840 24368 "GET /media/products/1000533308.jpg HTTP/1.1" 404 64079
INFO 2026-07-15 22:51:19,094 basehttp 840 24368 "POST /basket/add/36/ HTTP/1.1" 200 58
INFO 2026-07-15 22:51:19,123 basehttp 840 19624 "POST /basket/add/36/ HTTP/1.1" 200 58
INFO 2026-07-15 22:51:24,819 basehttp 840 19624 "GET /basket/ HTTP/1.1" 200 83127
WARNING 2026-07-15 22:51:25,944 basehttp 840 19624 "GET /media/products/1000526987.jpg HTTP/1.1" 404 64079
INFO 2026-07-15 22:51:30,698 basehttp 840 19624 "GET /checkout/ HTTP/1.1" 200 84550
INFO 2026-07-15 22:52:13,844 basehttp 840 19624 "POST /checkout/ HTTP/1.1" 302 0
INFO 2026-07-15 22:52:14,484 basehttp 840 19624 "GET /checkout/success/OR-67351ECA/ HTTP/1.1" 200 70404
INFO 2026-07-15 22:52:16,996 basehttp 840 7120 "GET /checkout/success/OR-67351ECA/ HTTP/1.1" 200 69928
INFO 2026-07-15 22:52:17,840 basehttp 840 20132 "GET /checkout/success/OR-67351ECA/ HTTP/1.1" 200 69928
INFO 2026-07-15 22:52:17,943 basehttp 840 14808 "GET /checkout/success/OR-67351ECA/ HTTP/1.1" 200 69928
INFO 2026-07-15 22:52:23,643 basehttp 840 19624 "GET /checkout/receipt/OR-67351ECA/ HTTP/1.1" 200 2974
INFO 2026-07-15 22:54:01,299 basehttp 840 4216 "GET /checkout/ HTTP/1.1" 200 84550
INFO 2026-07-15 22:54:02,831 basehttp 840 26560 "GET /checkout/receipt/OR-67351ECA/ HTTP/1.1" 200 2974
INFO 2026-07-15 22:54:03,231 basehttp 840 7960 "GET /checkout/ HTTP/1.1" 200 84550
INFO 2026-07-15 22:54:19,726 basehttp 840 26560 - Broken pipe from ('127.0.0.1', 54359)
INFO 2026-07-15 22:54:19,781 basehttp 840 24776 "GET / HTTP/1.1" 200 106415
INFO 2026-07-15 22:54:37,816 basehttp 840 15060 "GET /checkout/success/OR-67351ECA/ HTTP/1.1" 200 69928
INFO 2026-07-15 22:54:44,694 basehttp 840 15060 "GET / HTTP/1.1" 200 106415
INFO 2026-07-15 22:54:45,170 basehttp 840 7960 "POST /checkout/ HTTP/1.1" 302 0
INFO 2026-07-15 22:54:45,758 basehttp 840 7960 "GET /checkout/success/OR-CAE50F56/ HTTP/1.1" 200 70412
WARNING 2026-07-15 22:54:48,019 basehttp 840 15060 "GET /media/CACHE/images/products/1000525145/b445642a1897efb9256f6606c12f861a.jpg HTTP/1.1" 404 64079
WARNING 2026-07-15 22:54:48,269 basehttp 840 20620 "GET /media/CACHE/images/products/1000525144/5e5e36fd76329969727589b2982273fa.jpg HTTP/1.1" 404 64079
INFO 2026-07-15 22:54:49,152 basehttp 840 19240 "POST /basket/add/36/ HTTP/1.1" 200 58
INFO 2026-07-15 22:54:49,152 basehttp 840 17312 "POST /basket/add/36/ HTTP/1.1" 200 58
INFO 2026-07-15 22:54:54,093 basehttp 840 17312 "GET /basket/ HTTP/1.1" 200 81298
WARNING 2026-07-15 22:54:55,428 basehttp 840 17312 "GET /media/products/1000526987.jpg HTTP/1.1" 404 64079
INFO 2026-07-15 22:54:59,439 basehttp 840 17312 "GET /checkout/ HTTP/1.1" 200 84550
INFO 2026-07-15 22:55:33,910 basehttp 840 17312 "POST /checkout/ HTTP/1.1" 302 0
INFO 2026-07-15 22:55:34,411 basehttp 840 17312 "GET /checkout/success/OR-3D86542B/ HTTP/1.1" 200 70404
INFO 2026-07-15 22:55:36,914 basehttp 840 18664 "GET /checkout/success/OR-3D86542B/ HTTP/1.1" 200 69928
INFO 2026-07-15 22:55:38,052 basehttp 840 3804 "GET /checkout/success/OR-3D86542B/ HTTP/1.1" 200 69928
INFO 2026-07-15 22:55:38,060 basehttp 840 4992 "GET /checkout/success/OR-3D86542B/ HTTP/1.1" 200 69928
INFO 2026-07-15 22:55:50,861 basehttp 840 7156 "GET / HTTP/1.1" 200 106415
WARNING 2026-07-15 22:55:53,254 basehttp 840 7156 "GET /media/CACHE/images/products/1000526987/a6d5a5e42638bdf81f7b75683fe48a56.jpg HTTP/1.1" 404 64079
WARNING 2026-07-15 22:55:53,304 basehttp 840 19340 "GET /media/CACHE/images/products/1000526988/297d1fbbf43ffd3ca8b68220c3a2f140.jpg HTTP/1.1" 404 64079
WARNING 2026-07-15 22:55:53,519 basehttp 840 2716 "GET /media/CACHE/images/products/1000526986/4c42d7f070fd16fcc4c9e9e771277a3f.jpg HTTP/1.1" 404 64079
WARNING 2026-07-15 22:55:53,525 basehttp 840 6292 "GET /media/CACHE/images/products/1000526985/ea2101abe7212401b5af667637e000f4.jpg HTTP/1.1" 404 64079
WARNING 2026-07-15 22:55:53,974 basehttp 840 7156 "GET /media/CACHE/images/products/1000526984/2679c5d1935863a487471bfaaebbd5f6.jpg HTTP/1.1" 404 64079
WARNING 2026-07-15 22:55:53,974 basehttp 840 19340 "GET /media/CACHE/images/products/1000526983/59a2f0e6a76fb3a0abaf510e68d6861f.jpg HTTP/1.1" 404 64079
INFO 2026-07-15 22:55:55,428 basehttp 840 6292 "GET /shop/?category=powerbanks HTTP/1.1" 200 80438
INFO 2026-07-15 22:55:58,394 basehttp 840 6292 "GET /shop/?category=powerbanks HTTP/1.1" 200 80438
WARNING 2026-07-15 22:56:02,608 basehttp 840 6292 "GET /media/products/1000526986.jpg HTTP/1.1" 404 64079
WARNING 2026-07-15 22:56:02,608 basehttp 840 2716 "GET /media/products/1000526985.jpg HTTP/1.1" 404 64079
WARNING 2026-07-15 22:56:02,873 basehttp 840 26516 "GET /media/products/1000526983.jpg HTTP/1.1" 404 64079
WARNING 2026-07-15 22:56:02,875 basehttp 840 4824 "GET /media/products/1000526984.jpg HTTP/1.1" 404 64079
WARNING 2026-07-15 22:56:03,430 basehttp 840 2716 "GET /media/products/1000533260.jpg HTTP/1.1" 404 64079
WARNING 2026-07-15 22:56:03,430 basehttp 840 6292 "GET /media/products/1000525145.png HTTP/1.1" 404 64079
INFO 2026-07-15 22:56:06,130 basehttp 840 2716 "POST /basket/add/34/ HTTP/1.1" 200 58
INFO 2026-07-15 22:56:06,131 basehttp 840 26516 "POST /basket/add/34/ HTTP/1.1" 200 58
INFO 2026-07-15 22:56:14,676 basehttp 840 2716 "GET / HTTP/1.1" 200 106415
INFO 2026-07-15 22:56:18,137 basehttp 840 2716 "GET /basket/ HTTP/1.1" 200 81291
WARNING 2026-07-15 22:56:19,213 basehttp 840 2716 "GET /media/products/1000526985.jpg HTTP/1.1" 404 64079
INFO 2026-07-15 22:56:21,532 basehttp 840 2716 "GET /checkout/ HTTP/1.1" 200 84550
INFO 2026-07-15 22:57:12,320 autoreload 840 24004 C:\Users\Hp\Desktop\ORAIMOTECH\checkout\forms.py changed, reloading.
INFO 2026-07-15 22:57:16,418 autoreload 12428 23560 Watching for file changes with StatReloader
INFO 2026-07-15 22:57:18,116 basehttp 12428 15032 "GET /checkout/ HTTP/1.1" 200 84550
INFO 2026-07-15 22:57:30,535 autoreload 12428 23560 C:\Users\Hp\Desktop\ORAIMOTECH\core\emails.py changed, reloading.
INFO 2026-07-15 22:57:32,177 autoreload 26488 10516 Watching for file changes with StatReloader
INFO 2026-07-15 22:58:48,768 basehttp 26488 20692 "POST /checkout/ HTTP/1.1" 302 0
INFO 2026-07-15 22:58:49,294 basehttp 26488 20692 "GET /checkout/success/OR-570F0852/ HTTP/1.1" 200 70411
INFO 2026-07-15 22:59:02,119 autoreload 26488 10516 C:\Users\Hp\Desktop\ORAIMOTECH\core\settings.py changed, reloading.
INFO 2026-07-15 23:03:43,762 autoreload 11788 26196 Watching for file changes with StatReloader
INFO 2026-07-15 23:03:48,632 basehttp 11788 25480 "GET /basket/ HTTP/1.1" 200 90487
INFO 2026-07-15 23:03:53,584 basehttp 11788 25480 "GET /checkout/ HTTP/1.1" 200 84088
INFO 2026-07-15 23:05:23,568 basehttp 11788 25480 "GET /checkout/ HTTP/1.1" 200 85112
INFO 2026-07-15 23:05:51,543 basehttp 11788 25480 "POST /checkout/ HTTP/1.1" 302 0
INFO 2026-07-15 23:05:52,194 basehttp 11788 25480 "GET /checkout/success/OR-05C79301/ HTTP/1.1" 200 70407
INFO 2026-07-15 23:08:27,139 autoreload 11788 26196 C:\Users\Hp\Desktop\ORAIMOTECH\core\settings.py changed, reloading.
INFO 2026-07-15 23:08:28,795 autoreload 25884 21844 Watching for file changes with StatReloader
INFO 2026-07-15 23:08:32,181 basehttp 25884 7488 "GET /checkout/success/OR-05C79301/ HTTP/1.1" 200 69930
INFO 2026-07-15 23:08:37,998 basehttp 25884 7488 "GET / HTTP/1.1" 200 106415
INFO 2026-07-15 23:08:43,440 basehttp 25884 7488 "POST /basket/add/36/ HTTP/1.1" 200 58
INFO 2026-07-15 23:08:43,813 basehttp 25884 17720 "POST /basket/add/36/ HTTP/1.1" 200 58
INFO 2026-07-15 23:08:47,558 basehttp 25884 17720 "GET /basket/ HTTP/1.1" 200 81298
INFO 2026-07-15 23:08:52,274 basehttp 25884 17720 "GET /checkout/ HTTP/1.1" 200 85110
INFO 2026-07-15 23:09:13,993 basehttp 25884 17720 "POST /checkout/ HTTP/1.1" 302 0
INFO 2026-07-15 23:09:14,505 basehttp 25884 17720 "GET /checkout/success/OR-E54A7A03/ HTTP/1.1" 200 70404
INFO 2026-07-15 23:09:58,018 basehttp 25884 5516 "GET /checkout/receipt/OR-3D86542B/ HTTP/1.1" 200 2850
INFO 2026-07-15 23:10:01,469 basehttp 25884 5516 "GET /checkout/receipt/OR-3D86542B/ HTTP/1.1" 200 2850
INFO 2026-07-15 23:11:03,890 basehttp 25884 25972 "GET / HTTP/1.1" 200 106415
WARNING 2026-07-15 23:11:29,264 basehttp 25884 25972 "GET /basket/2 HTTP/1.1" 404 4879
INFO 2026-07-15 23:11:46,582 basehttp 25884 25972 "GET / HTTP/1.1" 200 106415
WARNING 2026-07-15 23:11:54,798 basehttp 25884 25972 "GET /2 HTTP/1.1" 404 4177
INFO 2026-07-15 23:12:09,056 basehttp 25884 25972 "GET / HTTP/1.1" 200 106415
INFO 2026-07-15 23:12:15,018 basehttp 25884 25972 "POST /basket/add/37/ HTTP/1.1" 200 57
INFO 2026-07-15 23:12:15,292 basehttp 25884 23672 "POST /basket/add/37/ HTTP/1.1" 200 58
WARNING 2026-07-15 23:12:26,324 basehttp 25884 23672 "GET /2 HTTP/1.1" 404 4177
WARNING 2026-07-15 23:12:36,107 basehttp 25884 23672 "GET /2 HTTP/1.1" 404 4177
WARNING 2026-07-15 23:12:38,762 basehttp 25884 23672 "GET /2 HTTP/1.1" 404 4177
INFO 2026-07-15 23:12:57,963 autoreload 18196 8152 Watching for file changes with StatReloader
WARNING 2026-07-15 23:13:09,370 basehttp 18196 18704 "GET /2 HTTP/1.1" 404 64079
INFO 2026-07-15 23:13:14,723 basehttp 18196 18704 "GET / HTTP/1.1" 200 106415
INFO 2026-07-15 23:13:21,383 basehttp 18196 18704 "POST /basket/add/23/ HTTP/1.1" 200 58
INFO 2026-07-15 23:13:21,441 basehttp 18196 18080 "POST /basket/add/23/ HTTP/1.1" 200 58
INFO 2026-07-15 23:13:29,681 basehttp 18196 18080 "GET /basket/ HTTP/1.1" 200 83148
WARNING 2026-07-15 23:13:30,679 basehttp 18196 18080 "GET /media/products/1000525140.png HTTP/1.1" 404 64079
INFO 2026-07-15 23:13:39,126 basehttp 18196 18080 "GET / HTTP/1.1" 200 106415
INFO 2026-07-15 23:13:54,773 basehttp 18196 18080 "GET /basket/ HTTP/1.1" 200 83148
WARNING 2026-07-15 23:13:56,703 basehttp 18196 18080 "GET /media/products/1000525140.png HTTP/1.1" 404 64079
INFO 2026-07-15 23:13:59,199 basehttp 18196 18080 "GET /checkout/ HTTP/1.1" 200 85110
INFO 2026-07-15 23:14:08,114 basehttp 18196 18080 "GET / HTTP/1.1" 200 106415
INFO 2026-07-15 23:14:23,448 basehttp 18196 18080 "GET /shop/?category=speakers HTTP/1.1" 200 75444
WARNING 2026-07-15 23:14:27,172 basehttp 18196 18080 "GET /media/products/1000525135.png HTTP/1.1" 404 64079
WARNING 2026-07-15 23:14:27,226 basehttp 18196 18704 "GET /media/products/1000525134.png HTTP/1.1" 404 64079
INFO 2026-07-15 23:14:40,839 basehttp 18196 18704 "GET /shop/ HTTP/1.1" 200 88327
INFO 2026-07-15 23:14:47,075 basehttp 18196 18704 "GET / HTTP/1.1" 200 106415
INFO 2026-07-15 23:14:54,734 basehttp 18196 18704 "GET /shop/ HTTP/1.1" 200 88327
INFO 2026-07-15 23:15:03,646 basehttp 18196 18704 "GET /shop/?page=3 HTTP/1.1" 200 88148
WARNING 2026-07-15 23:15:04,860 basehttp 18196 18080 "GET /media/products/1000520279.jpg HTTP/1.1" 404 64079
WARNING 2026-07-15 23:15:04,860 basehttp 18196 18704 "GET /media/products/1000520280.jpg HTTP/1.1" 404 64079
WARNING 2026-07-15 23:15:05,278 basehttp 18196 7156 "GET /media/products/1000520283.jpg HTTP/1.1" 404 64079
WARNING 2026-07-15 23:15:05,320 basehttp 18196 24116 "GET /media/products/1000458382_rsJgChZ.jpg HTTP/1.1" 404 64079
WARNING 2026-07-15 23:15:05,321 basehttp 18196 620 "GET /media/products/1000520285.jpg HTTP/1.1" 404 64079
WARNING 2026-07-15 23:15:05,333 basehttp 18196 23452 "GET /media/products/1000520281.jpg HTTP/1.1" 404 64079
WARNING 2026-07-15 23:15:05,334 basehttp 18196 6908 "GET /media/products/1000520257.jpg HTTP/1.1" 404 64079
WARNING 2026-07-15 23:15:05,343 basehttp 18196 1908 "GET /media/products/1000520282.jpg HTTP/1.1" 404 64079
WARNING 2026-07-15 23:15:05,356 basehttp 18196 23100 "GET /media/products/1000520284.jpg HTTP/1.1" 404 64079
WARNING 2026-07-15 23:15:06,111 basehttp 18196 24264 "GET /media/products/1000520287.jpg HTTP/1.1" 404 64079
WARNING 2026-07-15 23:15:06,124 basehttp 18196 7584 "GET /media/products/1000520286.jpg HTTP/1.1" 404 64079
WARNING 2026-07-15 23:15:06,127 basehttp 18196 13032 "GET /media/products/1000520234_SBppChd.jpg HTTP/1.1" 404 64079
INFO 2026-07-15 23:15:12,751 basehttp 18196 7156 "GET /shop/?page=2 HTTP/1.1" 200 88464
WARNING 2026-07-15 23:15:14,160 basehttp 18196 7156 "GET /media/products/1000525143.png HTTP/1.1" 404 64079
WARNING 2026-07-15 23:15:14,160 basehttp 18196 18080 "GET /media/products/1000525139.png HTTP/1.1" 404 64079
WARNING 2026-07-15 23:15:14,610 basehttp 18196 1056 "GET /media/products/1000525138.png HTTP/1.1" 404 64079
WARNING 2026-07-15 23:15:14,657 basehttp 18196 11192 "GET /media/products/1000525137.png HTTP/1.1" 404 64079
WARNING 2026-07-15 23:15:14,701 basehttp 18196 25864 "GET /media/products/1000525141.png HTTP/1.1" 404 64079
WARNING 2026-07-15 23:15:14,802 basehttp 18196 14080 "GET /media/products/1000525140.png HTTP/1.1" 404 64079
WARNING 2026-07-15 23:15:15,057 basehttp 18196 7156 "GET /media/products/1000525136.png HTTP/1.1" 404 64079
WARNING 2026-07-15 23:15:15,057 basehttp 18196 18080 "GET /media/products/1000525135.png HTTP/1.1" 404 64079
WARNING 2026-07-15 23:15:16,073 basehttp 18196 11192 "GET /media/products/1000533259.jpg HTTP/1.1" 404 64079
WARNING 2026-07-15 23:15:16,073 basehttp 18196 1056 "GET /media/products/1000525134.png HTTP/1.1" 404 64079
WARNING 2026-07-15 23:15:16,486 basehttp 18196 7156 "GET /media/products/1000520278.jpg HTTP/1.1" 404 64079
WARNING 2026-07-15 23:15:16,487 basehttp 18196 18080 "GET /media/products/1000525605.png HTTP/1.1" 404 64079
INFO 2026-07-15 23:15:19,485 basehttp 18196 1056 "GET /shop/?page=1 HTTP/1.1" 200 88327
INFO 2026-07-15 23:15:27,707 basehttp 18196 1056 "GET /shop/?page=2 HTTP/1.1" 200 88464
WARNING 2026-07-15 23:15:28,827 basehttp 18196 1056 "GET /media/products/1000525143.png HTTP/1.1" 404 64079
WARNING 2026-07-15 23:15:28,828 basehttp 18196 11192 "GET /media/products/1000525140.png HTTP/1.1" 404 64079
WARNING 2026-07-15 23:15:28,893 basehttp 18196 25480 "GET /media/products/1000525141.png HTTP/1.1" 404 64079
WARNING 2026-07-15 23:15:29,238 basehttp 18196 23932 "GET /media/products/1000525139.png HTTP/1.1" 404 64079
WARNING 2026-07-15 23:15:29,257 basehttp 18196 7944 "GET /media/products/1000533259.jpg HTTP/1.1" 404 64079
WARNING 2026-07-15 23:15:29,275 basehttp 18196 7948 "GET /media/products/1000525136.png HTTP/1.1" 404 64079
WARNING 2026-07-15 23:15:29,276 basehttp 18196 25048 "GET /media/products/1000525135.png HTTP/1.1" 404 64079
WARNING 2026-07-15 23:15:29,297 basehttp 18196 21568 "GET /media/products/1000525134.png HTTP/1.1" 404 64079
WARNING 2026-07-15 23:15:29,299 basehttp 18196 23784 "GET /media/products/1000525605.png HTTP/1.1" 404 64079
WARNING 2026-07-15 23:15:29,327 basehttp 18196 17484 "GET /media/products/1000525137.png HTTP/1.1" 404 64079
WARNING 2026-07-15 23:15:29,352 basehttp 18196 2008 "GET /media/products/1000525138.png HTTP/1.1" 404 64079
WARNING 2026-07-15 23:15:29,392 basehttp 18196 24224 "GET /media/products/1000520278.jpg HTTP/1.1" 404 64079
INFO 2026-07-15 23:15:34,228 basehttp 18196 1056 "GET / HTTP/1.1" 200 106415
INFO 2026-07-15 23:16:36,598 basehttp 18196 15888 "GET /adteddymin/checkout/order/ HTTP/1.1" 200 24322
INFO 2026-07-15 23:16:36,862 basehttp 18196 15888 "GET /static/admin/img/icon-addlink.d519b3bab011.svg HTTP/1.1" 200 206
INFO 2026-07-15 23:16:41,762 basehttp 18196 1056 "GET / HTTP/1.1" 200 106415
INFO 2026-07-15 23:16:47,518 basehttp 18196 1056 "GET /basket/ HTTP/1.1" 200 83148
WARNING 2026-07-15 23:16:48,648 basehttp 18196 1056 "GET /media/products/1000525140.png HTTP/1.1" 404 64079
INFO 2026-07-15 23:16:50,804 basehttp 18196 1056 "GET / HTTP/1.1" 200 106415
INFO 2026-07-15 23:16:53,569 basehttp 18196 1056 "GET /shop/api/search/?q=po HTTP/1.1" 200 1459
INFO 2026-07-15 23:16:54,783 basehttp 18196 1056 "GET /shop/api/search/?q=powerje HTTP/1.1" 200 266
INFO 2026-07-15 23:16:59,963 basehttp 18196 1056 "GET /shop/oraimo-powerjet-130-27600mah-130w-power-bank/ HTTP/1.1" 200 75796
INFO 2026-07-15 23:17:09,589 basehttp 18196 1056 "GET /basket/ HTTP/1.1" 200 83148
WARNING 2026-07-15 23:17:10,814 basehttp 18196 1056 "GET /media/products/1000525140.png HTTP/1.1" 404 64079
ERROR 2026-07-15 23:17:14,632 log 18196 1056 Internal Server Error: /basket/remove/23/
Traceback (most recent call last):
  File "C:\Users\Hp\Desktop\ORAIMOTECH\venv\Lib\site-packages\django\core\handlers\exception.py", line 55, in inner
    response = get_response(request)
               ^^^^^^^^^^^^^^^^^^^^^
  File "C:\Users\Hp\Desktop\ORAIMOTECH\venv\Lib\site-packages\django\core\handlers\base.py", line 197, in _get_response
    response = wrapped_callback(request, *callback_args, **callback_kwargs)
               ^^^^^^^^^^^^^^^^^^^^^^^^^^^^^^^^^^^^^^^^^^^^^^^^^^^^^^^^^^^^
  File "C:\Users\Hp\Desktop\ORAIMOTECH\venv\Lib\site-packages\django\views\decorators\http.py", line 63, in inner
    return func(request, *args, **kwargs)
           ^^^^^^^^^^^^^^^^^^^^^^^^^^^^^^
  File "C:\Users\Hp\Desktop\ORAIMOTECH\basket\views.py", line 62, in basket_remove
    return redirect('basket_detail')
           ^^^^^^^^^^^^^^^^^^^^^^^^^
  File "C:\Users\Hp\Desktop\ORAIMOTECH\venv\Lib\site-packages\django\shortcuts.py", line 48, in redirect
    return redirect_class(resolve_url(to, *args, **kwargs))
                          ^^^^^^^^^^^^^^^^^^^^^^^^^^^^^^^^
  File "C:\Users\Hp\Desktop\ORAIMOTECH\venv\Lib\site-packages\django\shortcuts.py", line 179, in resolve_url
    return reverse(to, args=args, kwargs=kwargs)
           ^^^^^^^^^^^^^^^^^^^^^^^^^^^^^^^^^^^^^
  File "C:\Users\Hp\Desktop\ORAIMOTECH\venv\Lib\site-packages\django\urls\base.py", line 88, in reverse
    return resolver._reverse_with_prefix(view, prefix, *args, **kwargs)
           ^^^^^^^^^^^^^^^^^^^^^^^^^^^^^^^^^^^^^^^^^^^^^^^^^^^^^^^^^^^^
  File "C:\Users\Hp\Desktop\ORAIMOTECH\venv\Lib\site-packages\django\urls\resolvers.py", line 848, in _reverse_with_prefix
    raise NoReverseMatch(msg)
django.urls.exceptions.NoReverseMatch: Reverse for 'basket_detail' not found. 'basket_detail' is not a valid view function or pattern name.
ERROR 2026-07-15 23:17:14,632 log 18196 1056 Internal Server Error: /basket/remove/23/
Traceback (most recent call last):
  File "C:\Users\Hp\Desktop\ORAIMOTECH\venv\Lib\site-packages\django\core\handlers\exception.py", line 55, in inner
    response = get_response(request)
               ^^^^^^^^^^^^^^^^^^^^^
  File "C:\Users\Hp\Desktop\ORAIMOTECH\venv\Lib\site-packages\django\core\handlers\base.py", line 197, in _get_response
    response = wrapped_callback(request, *callback_args, **callback_kwargs)
               ^^^^^^^^^^^^^^^^^^^^^^^^^^^^^^^^^^^^^^^^^^^^^^^^^^^^^^^^^^^^
  File "C:\Users\Hp\Desktop\ORAIMOTECH\venv\Lib\site-packages\django\views\decorators\http.py", line 63, in inner
    return func(request, *args, **kwargs)
           ^^^^^^^^^^^^^^^^^^^^^^^^^^^^^^
  File "C:\Users\Hp\Desktop\ORAIMOTECH\basket\views.py", line 62, in basket_remove
    return redirect('basket_detail')
           ^^^^^^^^^^^^^^^^^^^^^^^^^
  File "C:\Users\Hp\Desktop\ORAIMOTECH\venv\Lib\site-packages\django\shortcuts.py", line 48, in redirect
    return redirect_class(resolve_url(to, *args, **kwargs))
                          ^^^^^^^^^^^^^^^^^^^^^^^^^^^^^^^^
  File "C:\Users\Hp\Desktop\ORAIMOTECH\venv\Lib\site-packages\django\shortcuts.py", line 179, in resolve_url
    return reverse(to, args=args, kwargs=kwargs)
           ^^^^^^^^^^^^^^^^^^^^^^^^^^^^^^^^^^^^^
  File "C:\Users\Hp\Desktop\ORAIMOTECH\venv\Lib\site-packages\django\urls\base.py", line 88, in reverse
    return resolver._reverse_with_prefix(view, prefix, *args, **kwargs)
           ^^^^^^^^^^^^^^^^^^^^^^^^^^^^^^^^^^^^^^^^^^^^^^^^^^^^^^^^^^^^
  File "C:\Users\Hp\Desktop\ORAIMOTECH\venv\Lib\site-packages\django\urls\resolvers.py", line 848, in _reverse_with_prefix
    raise NoReverseMatch(msg)
django.urls.exceptions.NoReverseMatch: Reverse for 'basket_detail' not found. 'basket_detail' is not a valid view function or pattern name.
ERROR 2026-07-15 23:17:14,687 basehttp 18196 1056 "POST /basket/remove/23/ HTTP/1.1" 500 64055
INFO 2026-07-15 23:17:23,190 basehttp 18196 1056 "GET / HTTP/1.1" 200 106415
INFO 2026-07-15 23:17:26,358 basehttp 18196 1056 "GET /basket/ HTTP/1.1" 200 83148
WARNING 2026-07-15 23:17:27,479 basehttp 18196 1056 "GET /media/products/1000525140.png HTTP/1.1" 404 64079
ERROR 2026-07-15 23:17:30,663 log 18196 1056 Internal Server Error: /basket/remove/37/
Traceback (most recent call last):
  File "C:\Users\Hp\Desktop\ORAIMOTECH\venv\Lib\site-packages\django\core\handlers\exception.py", line 55, in inner
    response = get_response(request)
               ^^^^^^^^^^^^^^^^^^^^^
  File "C:\Users\Hp\Desktop\ORAIMOTECH\venv\Lib\site-packages\django\core\handlers\base.py", line 197, in _get_response
    response = wrapped_callback(request, *callback_args, **callback_kwargs)
               ^^^^^^^^^^^^^^^^^^^^^^^^^^^^^^^^^^^^^^^^^^^^^^^^^^^^^^^^^^^^
  File "C:\Users\Hp\Desktop\ORAIMOTECH\venv\Lib\site-packages\django\views\decorators\http.py", line 63, in inner
    return func(request, *args, **kwargs)
           ^^^^^^^^^^^^^^^^^^^^^^^^^^^^^^
  File "C:\Users\Hp\Desktop\ORAIMOTECH\basket\views.py", line 62, in basket_remove
    return redirect('basket_detail')
           ^^^^^^^^^^^^^^^^^^^^^^^^^
  File "C:\Users\Hp\Desktop\ORAIMOTECH\venv\Lib\site-packages\django\shortcuts.py", line 48, in redirect
    return redirect_class(resolve_url(to, *args, **kwargs))
                          ^^^^^^^^^^^^^^^^^^^^^^^^^^^^^^^^
  File "C:\Users\Hp\Desktop\ORAIMOTECH\venv\Lib\site-packages\django\shortcuts.py", line 179, in resolve_url
    return reverse(to, args=args, kwargs=kwargs)
           ^^^^^^^^^^^^^^^^^^^^^^^^^^^^^^^^^^^^^
  File "C:\Users\Hp\Desktop\ORAIMOTECH\venv\Lib\site-packages\django\urls\base.py", line 88, in reverse
    return resolver._reverse_with_prefix(view, prefix, *args, **kwargs)
           ^^^^^^^^^^^^^^^^^^^^^^^^^^^^^^^^^^^^^^^^^^^^^^^^^^^^^^^^^^^^
  File "C:\Users\Hp\Desktop\ORAIMOTECH\venv\Lib\site-packages\django\urls\resolvers.py", line 848, in _reverse_with_prefix
    raise NoReverseMatch(msg)
django.urls.exceptions.NoReverseMatch: Reverse for 'basket_detail' not found. 'basket_detail' is not a valid view function or pattern name.
ERROR 2026-07-15 23:17:30,663 log 18196 1056 Internal Server Error: /basket/remove/37/
Traceback (most recent call last):
  File "C:\Users\Hp\Desktop\ORAIMOTECH\venv\Lib\site-packages\django\core\handlers\exception.py", line 55, in inner
    response = get_response(request)
               ^^^^^^^^^^^^^^^^^^^^^
  File "C:\Users\Hp\Desktop\ORAIMOTECH\venv\Lib\site-packages\django\core\handlers\base.py", line 197, in _get_response
    response = wrapped_callback(request, *callback_args, **callback_kwargs)
               ^^^^^^^^^^^^^^^^^^^^^^^^^^^^^^^^^^^^^^^^^^^^^^^^^^^^^^^^^^^^
  File "C:\Users\Hp\Desktop\ORAIMOTECH\venv\Lib\site-packages\django\views\decorators\http.py", line 63, in inner
    return func(request, *args, **kwargs)
           ^^^^^^^^^^^^^^^^^^^^^^^^^^^^^^
  File "C:\Users\Hp\Desktop\ORAIMOTECH\basket\views.py", line 62, in basket_remove
    return redirect('basket_detail')
           ^^^^^^^^^^^^^^^^^^^^^^^^^
  File "C:\Users\Hp\Desktop\ORAIMOTECH\venv\Lib\site-packages\django\shortcuts.py", line 48, in redirect
    return redirect_class(resolve_url(to, *args, **kwargs))
                          ^^^^^^^^^^^^^^^^^^^^^^^^^^^^^^^^
  File "C:\Users\Hp\Desktop\ORAIMOTECH\venv\Lib\site-packages\django\shortcuts.py", line 179, in resolve_url
    return reverse(to, args=args, kwargs=kwargs)
           ^^^^^^^^^^^^^^^^^^^^^^^^^^^^^^^^^^^^^
  File "C:\Users\Hp\Desktop\ORAIMOTECH\venv\Lib\site-packages\django\urls\base.py", line 88, in reverse
    return resolver._reverse_with_prefix(view, prefix, *args, **kwargs)
           ^^^^^^^^^^^^^^^^^^^^^^^^^^^^^^^^^^^^^^^^^^^^^^^^^^^^^^^^^^^^
  File "C:\Users\Hp\Desktop\ORAIMOTECH\venv\Lib\site-packages\django\urls\resolvers.py", line 848, in _reverse_with_prefix
    raise NoReverseMatch(msg)
django.urls.exceptions.NoReverseMatch: Reverse for 'basket_detail' not found. 'basket_detail' is not a valid view function or pattern name.
ERROR 2026-07-15 23:17:30,685 basehttp 18196 1056 "POST /basket/remove/37/ HTTP/1.1" 500 64055
INFO 2026-07-16 21:20:26,252 autoreload 13292 20080 Watching for file changes with StatReloader
INFO 2026-07-16 21:20:48,417 basehttp 13292 19140 "GET / HTTP/1.1" 200 106415
WARNING 2026-07-16 21:20:50,334 basehttp 13292 19140 "GET /media/CACHE/images/products/1000526988/297d1fbbf43ffd3ca8b68220c3a2f140.jpg HTTP/1.1" 404 64079
WARNING 2026-07-16 21:20:50,462 basehttp 13292 20088 "GET /media/CACHE/images/products/1000526987/a6d5a5e42638bdf81f7b75683fe48a56.jpg HTTP/1.1" 404 64079
WARNING 2026-07-16 21:20:50,897 basehttp 13292 20088 "GET /favicon.ico HTTP/1.1" 404 64079
WARNING 2026-07-16 21:20:51,132 basehttp 13292 19140 "GET /media/CACHE/images/products/1000526986/4c42d7f070fd16fcc4c9e9e771277a3f.jpg HTTP/1.1" 404 64079
WARNING 2026-07-16 21:20:51,282 basehttp 13292 16192 "GET /media/CACHE/images/products/1000526985/ea2101abe7212401b5af667637e000f4.jpg HTTP/1.1" 404 64079
WARNING 2026-07-16 21:20:52,554 basehttp 13292 20088 "GET /media/CACHE/images/products/1000526983/59a2f0e6a76fb3a0abaf510e68d6861f.jpg HTTP/1.1" 404 64079
WARNING 2026-07-16 21:20:52,555 basehttp 13292 19140 "GET /media/CACHE/images/products/1000526984/2679c5d1935863a487471bfaaebbd5f6.jpg HTTP/1.1" 404 64079
WARNING 2026-07-16 21:20:52,844 basehttp 13292 8076 "GET /media/CACHE/images/products/1000533260/cc9415acb28224a87fcc5efb6469a097.jpg HTTP/1.1" 404 64079
WARNING 2026-07-16 21:20:52,845 basehttp 13292 19164 "GET /media/CACHE/images/products/1000526975/d6f426988a94ff6a989535d30a8bdf11.jpg HTTP/1.1" 404 64079
INFO 2026-07-16 21:20:57,022 basehttp 13292 19140 "GET /basket/ HTTP/1.1" 200 83148
WARNING 2026-07-16 21:20:58,114 basehttp 13292 19140 "GET /media/products/1000525140.png HTTP/1.1" 404 64079
WARNING 2026-07-16 21:20:58,114 basehttp 13292 20088 "GET /media/products/1000526988.jpg HTTP/1.1" 404 64079
INFO 2026-07-16 21:21:03,150 basehttp 13292 20088 "GET / HTTP/1.1" 200 106415
WARNING 2026-07-16 21:21:04,263 basehttp 13292 19140 "GET /media/CACHE/images/products/1000526987/a6d5a5e42638bdf81f7b75683fe48a56.jpg HTTP/1.1" 404 64079
WARNING 2026-07-16 21:21:04,263 basehttp 13292 20088 "GET /media/CACHE/images/products/1000526988/297d1fbbf43ffd3ca8b68220c3a2f140.jpg HTTP/1.1" 404 64079
WARNING 2026-07-16 21:21:04,897 basehttp 13292 19140 "GET /media/CACHE/images/products/1000526985/ea2101abe7212401b5af667637e000f4.jpg HTTP/1.1" 404 64079
WARNING 2026-07-16 21:21:04,898 basehttp 13292 20088 "GET /media/CACHE/images/products/1000526986/4c42d7f070fd16fcc4c9e9e771277a3f.jpg HTTP/1.1" 404 64079
WARNING 2026-07-16 21:21:05,253 basehttp 13292 17220 "GET /media/CACHE/images/products/1000526983/59a2f0e6a76fb3a0abaf510e68d6861f.jpg HTTP/1.1" 404 64079
WARNING 2026-07-16 21:21:05,254 basehttp 13292 14608 "GET /media/CACHE/images/products/1000526984/2679c5d1935863a487471bfaaebbd5f6.jpg HTTP/1.1" 404 64079
WARNING 2026-07-16 21:21:05,511 basehttp 13292 20088 "GET /media/CACHE/images/products/1000526975/d6f426988a94ff6a989535d30a8bdf11.jpg HTTP/1.1" 404 64079
WARNING 2026-07-16 21:21:05,512 basehttp 13292 19140 "GET /media/CACHE/images/products/1000533260/cc9415acb28224a87fcc5efb6469a097.jpg HTTP/1.1" 404 64079
WARNING 2026-07-16 21:21:05,834 basehttp 13292 17220 "GET /media/CACHE/images/products/1000526968/02476a1d1a2f6c83ad55fc518197d54c.jpg HTTP/1.1" 404 64079
WARNING 2026-07-16 21:21:05,835 basehttp 13292 14608 "GET /media/CACHE/images/products/1000533308/fc6d17f5b32815bb45102d95fb074d4c.jpg HTTP/1.1" 404 64079
WARNING 2026-07-16 21:21:06,059 basehttp 13292 19140 "GET /media/CACHE/images/products/1000525144/5e5e36fd76329969727589b2982273fa.jpg HTTP/1.1" 404 64079
WARNING 2026-07-16 21:21:06,060 basehttp 13292 20088 "GET /media/CACHE/images/products/1000525145/b445642a1897efb9256f6606c12f861a.jpg HTTP/1.1" 404 64079
WARNING 2026-07-16 21:21:06,345 basehttp 13292 10716 "GET /media/CACHE/images/products/1000525143/ec3192406c59c64742bd6703212d9588.jpg HTTP/1.1" 404 64079
WARNING 2026-07-16 21:21:06,390 basehttp 13292 8732 "GET /media/CACHE/images/products/1000525141/173d05edb9fc28ed5a313e885994fb8d.jpg HTTP/1.1" 404 64079
WARNING 2026-07-16 21:21:06,561 basehttp 13292 14608 "GET /media/CACHE/images/products/1000525140/b6ce580056a4f7bf6bed510249a1d7ca.jpg HTTP/1.1" 404 64079
WARNING 2026-07-16 21:21:06,561 basehttp 13292 17220 "GET /media/CACHE/images/products/1000525139/e65d5659a406c50c9f3ccbddd26ed2ea.jpg HTTP/1.1" 404 64079
INFO 2026-07-16 21:21:07,913 basehttp 13292 19140 "POST /basket/add/31/ HTTP/1.1" 200 58
INFO 2026-07-16 21:21:07,916 basehttp 13292 10716 "POST /basket/add/31/ HTTP/1.1" 200 58
INFO 2026-07-16 21:21:11,957 basehttp 13292 10716 "GET /basket/ HTTP/1.1" 200 84987
WARNING 2026-07-16 21:21:13,047 basehttp 13292 10716 "GET /media/products/1000526988.jpg HTTP/1.1" 404 64079
WARNING 2026-07-16 21:21:13,048 basehttp 13292 19140 "GET /media/products/1000526975.jpg HTTP/1.1" 404 64079
WARNING 2026-07-16 21:21:13,151 basehttp 13292 19592 "GET /media/products/1000525140.png HTTP/1.1" 404 64079
INFO 2026-07-16 21:21:16,274 basehttp 13292 19140 "GET /checkout/ HTTP/1.1" 200 85110
INFO 2026-07-16 21:21:17,322 basehttp 13292 7980 "GET /checkout/ HTTP/1.1" 200 85110
INFO 2026-07-16 21:21:42,473 basehttp 13292 12916 "POST /checkout/ HTTP/1.1" 302 0
INFO 2026-07-16 21:21:43,056 basehttp 13292 12916 "GET /checkout/success/OR-9FEF9DC5/ HTTP/1.1" 200 70404
INFO 2026-07-16 21:22:20,404 basehttp 13292 12916 "GET / HTTP/1.1" 200 106415
WARNING 2026-07-16 21:22:21,508 basehttp 13292 12916 "GET /media/CACHE/images/products/1000526988/297d1fbbf43ffd3ca8b68220c3a2f140.jpg HTTP/1.1" 404 64079
WARNING 2026-07-16 21:22:21,867 basehttp 13292 20192 "GET /media/CACHE/images/products/1000526984/2679c5d1935863a487471bfaaebbd5f6.jpg HTTP/1.1" 404 64079
WARNING 2026-07-16 21:22:21,867 basehttp 13292 11588 "GET /media/CACHE/images/products/1000533260/cc9415acb28224a87fcc5efb6469a097.jpg HTTP/1.1" 404 64079
WARNING 2026-07-16 21:22:21,888 basehttp 13292 16320 "GET /media/CACHE/images/products/1000526987/a6d5a5e42638bdf81f7b75683fe48a56.jpg HTTP/1.1" 404 64079
WARNING 2026-07-16 21:22:21,888 basehttp 13292 8104 "GET /media/CACHE/images/products/1000526975/d6f426988a94ff6a989535d30a8bdf11.jpg HTTP/1.1" 404 64079
WARNING 2026-07-16 21:22:21,915 basehttp 13292 13152 "GET /media/CACHE/images/products/1000526983/59a2f0e6a76fb3a0abaf510e68d6861f.jpg HTTP/1.1" 404 64079
WARNING 2026-07-16 21:22:21,923 basehttp 13292 20144 "GET /media/CACHE/images/products/1000526985/ea2101abe7212401b5af667637e000f4.jpg HTTP/1.1" 404 64079
WARNING 2026-07-16 21:22:21,941 basehttp 13292 11840 "GET /media/CACHE/images/products/1000526986/4c42d7f070fd16fcc4c9e9e771277a3f.jpg HTTP/1.1" 404 64079
WARNING 2026-07-16 21:22:22,040 basehttp 13292 12916 "GET /media/CACHE/images/products/1000526968/02476a1d1a2f6c83ad55fc518197d54c.jpg HTTP/1.1" 404 64079
WARNING 2026-07-16 21:22:22,403 basehttp 13292 11588 "GET /media/CACHE/images/products/1000533308/fc6d17f5b32815bb45102d95fb074d4c.jpg HTTP/1.1" 404 64079
WARNING 2026-07-16 21:22:23,516 basehttp 13292 11588 "GET /media/CACHE/images/products/1000525144/5e5e36fd76329969727589b2982273fa.jpg HTTP/1.1" 404 64079
WARNING 2026-07-16 21:22:23,516 basehttp 13292 20192 "GET /media/CACHE/images/products/1000525145/b445642a1897efb9256f6606c12f861a.jpg HTTP/1.1" 404 64079
WARNING 2026-07-16 21:22:24,093 basehttp 13292 20192 "GET /media/CACHE/images/products/1000525143/ec3192406c59c64742bd6703212d9588.jpg HTTP/1.1" 404 64079
WARNING 2026-07-16 21:22:24,093 basehttp 13292 11588 "GET /media/CACHE/images/products/1000525141/173d05edb9fc28ed5a313e885994fb8d.jpg HTTP/1.1" 404 64079
WARNING 2026-07-16 21:22:24,630 basehttp 13292 20192 "GET /media/CACHE/images/products/1000525140/b6ce580056a4f7bf6bed510249a1d7ca.jpg HTTP/1.1" 404 64079
WARNING 2026-07-16 21:22:24,630 basehttp 13292 11588 "GET /media/CACHE/images/products/1000525139/e65d5659a406c50c9f3ccbddd26ed2ea.jpg HTTP/1.1" 404 64079
INFO 2026-07-16 21:22:37,615 basehttp 13292 20192 "GET /shop/api/search/?q=wa HTTP/1.1" 200 1456
INFO 2026-07-16 21:22:38,331 basehttp 13292 20192 "GET /shop/api/search/?q=watch HTTP/1.1" 200 1371
INFO 2026-07-16 21:22:38,831 basehttp 13292 20192 "GET /shop/api/search/?q=watch HTTP/1.1" 200 1371
INFO 2026-07-16 21:22:40,655 basehttp 13292 20192 "GET /shop/api/search/?q=watch HTTP/1.1" 200 1371
INFO 2026-07-16 21:23:24,319 basehttp 13292 2032 "GET / HTTP/1.1" 200 106415
INFO 2026-07-16 21:23:43,170 basehttp 13292 9480 "GET / HTTP/1.1" 200 106415
WARNING 2026-07-16 21:23:45,045 basehttp 13292 15420 "GET /media/CACHE/images/products/1000526986/4c42d7f070fd16fcc4c9e9e771277a3f.jpg HTTP/1.1" 404 64079
WARNING 2026-07-16 21:23:45,056 basehttp 13292 18216 "GET /media/CACHE/images/products/1000526987/a6d5a5e42638bdf81f7b75683fe48a56.jpg HTTP/1.1" 404 64079
WARNING 2026-07-16 21:23:45,056 basehttp 13292 9340 "GET /media/CACHE/images/products/1000526985/ea2101abe7212401b5af667637e000f4.jpg HTTP/1.1" 404 64079
WARNING 2026-07-16 21:23:45,062 basehttp 13292 13716 "GET /media/CACHE/images/products/1000526988/297d1fbbf43ffd3ca8b68220c3a2f140.jpg HTTP/1.1" 404 64079
WARNING 2026-07-16 21:23:45,363 basehttp 13292 15420 "GET /favicon.ico HTTP/1.1" 404 64079
WARNING 2026-07-16 21:23:45,809 basehttp 13292 1688 "GET /media/CACHE/images/products/1000526983/59a2f0e6a76fb3a0abaf510e68d6861f.jpg HTTP/1.1" 404 64079
WARNING 2026-07-16 21:23:45,812 basehttp 13292 1896 "GET /media/CACHE/images/products/1000526984/2679c5d1935863a487471bfaaebbd5f6.jpg HTTP/1.1" 404 64079
WARNING 2026-07-16 21:23:46,045 basehttp 13292 18216 "GET /media/CACHE/images/products/1000526975/d6f426988a94ff6a989535d30a8bdf11.jpg HTTP/1.1" 404 64079
WARNING 2026-07-16 21:23:46,049 basehttp 13292 9340 "GET /media/CACHE/images/products/1000533260/cc9415acb28224a87fcc5efb6469a097.jpg HTTP/1.1" 404 64079
WARNING 2026-07-16 21:23:46,523 basehttp 13292 13716 "GET /media/CACHE/images/products/1000533308/fc6d17f5b32815bb45102d95fb074d4c.jpg HTTP/1.1" 404 64079
WARNING 2026-07-16 21:23:46,524 basehttp 13292 15420 "GET /media/CACHE/images/products/1000526968/02476a1d1a2f6c83ad55fc518197d54c.jpg HTTP/1.1" 404 64079
WARNING 2026-07-16 21:23:46,758 basehttp 13292 19572 "GET /media/CACHE/images/products/1000525145/b445642a1897efb9256f6606c12f861a.jpg HTTP/1.1" 404 64079
WARNING 2026-07-16 21:23:46,763 basehttp 13292 18828 "GET /media/CACHE/images/products/1000525144/5e5e36fd76329969727589b2982273fa.jpg HTTP/1.1" 404 64079
WARNING 2026-07-16 21:23:47,173 basehttp 13292 9912 "GET /media/CACHE/images/products/1000525141/173d05edb9fc28ed5a313e885994fb8d.jpg HTTP/1.1" 404 64079
WARNING 2026-07-16 21:23:47,174 basehttp 13292 9408 "GET /media/CACHE/images/products/1000525143/ec3192406c59c64742bd6703212d9588.jpg HTTP/1.1" 404 64079
INFO 2026-07-16 21:26:29,369 basehttp 13292 3028 "GET / HTTP/1.1" 200 106415
WARNING 2026-07-16 21:26:32,797 basehttp 13292 3028 "GET /media/CACHE/images/products/1000526987/a6d5a5e42638bdf81f7b75683fe48a56.jpg HTTP/1.1" 404 64079
WARNING 2026-07-16 21:26:33,019 basehttp 13292 10132 "GET /media/CACHE/images/products/1000526985/ea2101abe7212401b5af667637e000f4.jpg HTTP/1.1" 404 64079
WARNING 2026-07-16 21:26:33,025 basehttp 13292 12032 "GET /media/CACHE/images/products/1000526988/297d1fbbf43ffd3ca8b68220c3a2f140.jpg HTTP/1.1" 404 64079
WARNING 2026-07-16 21:26:33,025 basehttp 13292 10796 "GET /media/CACHE/images/products/1000526986/4c42d7f070fd16fcc4c9e9e771277a3f.jpg HTTP/1.1" 404 64079
WARNING 2026-07-16 21:26:35,132 basehttp 13292 10132 "GET /favicon.ico HTTP/1.1" 404 64079
INFO 2026-07-16 21:26:37,972 basehttp 13292 12188 "GET / HTTP/1.1" 200 106415
WARNING 2026-07-16 21:26:39,547 basehttp 13292 12188 "GET /media/CACHE/images/products/1000526988/297d1fbbf43ffd3ca8b68220c3a2f140.jpg HTTP/1.1" 404 64079
WARNING 2026-07-16 21:26:39,771 basehttp 13292 18988 "GET /media/CACHE/images/products/1000526985/ea2101abe7212401b5af667637e000f4.jpg HTTP/1.1" 404 64079
WARNING 2026-07-16 21:26:39,778 basehttp 13292 10232 "GET /media/CACHE/images/products/1000526986/4c42d7f070fd16fcc4c9e9e771277a3f.jpg HTTP/1.1" 404 64079
WARNING 2026-07-16 21:26:39,778 basehttp 13292 3868 "GET /media/CACHE/images/products/1000526987/a6d5a5e42638bdf81f7b75683fe48a56.jpg HTTP/1.1" 404 64079
WARNING 2026-07-16 21:26:40,158 basehttp 13292 18988 "GET /favicon.ico HTTP/1.1" 404 64079
WARNING 2026-07-16 21:26:42,237 basehttp 13292 3028 "GET /media/CACHE/images/products/1000526984/2679c5d1935863a487471bfaaebbd5f6.jpg HTTP/1.1" 404 64079
WARNING 2026-07-16 21:26:42,237 basehttp 13292 10132 "GET /media/CACHE/images/products/1000526983/59a2f0e6a76fb3a0abaf510e68d6861f.jpg HTTP/1.1" 404 64079
INFO 2026-07-16 21:26:45,702 basehttp 13292 10132 "GET /shop/?category=neckbands HTTP/1.1" 200 76614
WARNING 2026-07-16 21:26:45,764 basehttp 13292 3028 "GET /media/CACHE/images/products/1000526975/d6f426988a94ff6a989535d30a8bdf11.jpg HTTP/1.1" 404 64079
WARNING 2026-07-16 21:26:45,766 basehttp 13292 16616 "GET /media/CACHE/images/products/1000533260/cc9415acb28224a87fcc5efb6469a097.jpg HTTP/1.1" 404 64079
WARNING 2026-07-16 21:26:46,593 basehttp 13292 10132 "GET /media/products/1000458382_rsJgChZ.jpg HTTP/1.1" 404 64079
WARNING 2026-07-16 21:26:46,593 basehttp 13292 16616 "GET /media/products/1000520257.jpg HTTP/1.1" 404 64079
WARNING 2026-07-16 21:26:46,601 basehttp 13292 1732 "GET /media/products/1000520234_SBppChd.jpg HTTP/1.1" 404 64079
WARNING 2026-07-16 21:26:52,294 basehttp 13292 12188 "GET /media/CACHE/images/products/1000526983/59a2f0e6a76fb3a0abaf510e68d6861f.jpg HTTP/1.1" 404 64079
WARNING 2026-07-16 21:26:52,294 basehttp 13292 10232 "GET /media/CACHE/images/products/1000526984/2679c5d1935863a487471bfaaebbd5f6.jpg HTTP/1.1" 404 64079
WARNING 2026-07-16 21:26:52,483 basehttp 13292 19836 "GET /media/CACHE/images/products/1000526975/d6f426988a94ff6a989535d30a8bdf11.jpg HTTP/1.1" 404 64079
WARNING 2026-07-16 21:26:52,525 basehttp 13292 13384 "GET /media/CACHE/images/products/1000533260/cc9415acb28224a87fcc5efb6469a097.jpg HTTP/1.1" 404 64079
WARNING 2026-07-16 21:26:52,999 basehttp 13292 19836 "GET /media/CACHE/images/products/1000526968/02476a1d1a2f6c83ad55fc518197d54c.jpg HTTP/1.1" 404 64079
WARNING 2026-07-16 21:26:53,002 basehttp 13292 10232 "GET /media/CACHE/images/products/1000533308/fc6d17f5b32815bb45102d95fb074d4c.jpg HTTP/1.1" 404 64079
WARNING 2026-07-16 21:26:54,691 basehttp 13292 19836 "GET /media/CACHE/images/products/1000525144/5e5e36fd76329969727589b2982273fa.jpg HTTP/1.1" 404 64079
WARNING 2026-07-16 21:26:54,691 basehttp 13292 10232 "GET /media/CACHE/images/products/1000525145/b445642a1897efb9256f6606c12f861a.jpg HTTP/1.1" 404 64079
INFO 2026-07-16 21:26:56,668 basehttp 13292 16616 "GET /shop/?category=earpods HTTP/1.1" 200 80367
WARNING 2026-07-16 21:26:57,006 basehttp 13292 19836 "GET /media/CACHE/images/products/1000525141/173d05edb9fc28ed5a313e885994fb8d.jpg HTTP/1.1" 404 64079
WARNING 2026-07-16 21:26:57,006 basehttp 13292 10232 "GET /media/CACHE/images/products/1000525143/ec3192406c59c64742bd6703212d9588.jpg HTTP/1.1" 404 64079
WARNING 2026-07-16 21:26:57,550 basehttp 13292 16616 "GET /media/products/1000520282.jpg HTTP/1.1" 404 64079
WARNING 2026-07-16 21:26:57,551 basehttp 13292 10132 "GET /media/products/1000520283.jpg HTTP/1.1" 404 64079
WARNING 2026-07-16 21:26:57,585 basehttp 13292 3472 "GET /media/products/1000520285.jpg HTTP/1.1" 404 64079
WARNING 2026-07-16 21:26:57,589 basehttp 13292 8236 "GET /media/products/1000520284.jpg HTTP/1.1" 404 64079
WARNING 2026-07-16 21:26:57,687 basehttp 13292 10232 "GET /media/CACHE/images/products/1000525140/b6ce580056a4f7bf6bed510249a1d7ca.jpg HTTP/1.1" 404 64079
WARNING 2026-07-16 21:26:57,687 basehttp 13292 14172 "GET /media/products/1000520287.jpg HTTP/1.1" 404 64079
WARNING 2026-07-16 21:26:57,687 basehttp 13292 19836 "GET /media/CACHE/images/products/1000525139/e65d5659a406c50c9f3ccbddd26ed2ea.jpg HTTP/1.1" 404 64079
WARNING 2026-07-16 21:26:57,687 basehttp 13292 7036 "GET /media/products/1000520286.jpg HTTP/1.1" 404 64079
INFO 2026-07-16 21:27:04,672 basehttp 13292 10132 "GET /shop/?category=home-appliances HTTP/1.1" 200 75483
WARNING 2026-07-16 21:27:05,608 basehttp 13292 10132 "GET /media/products/1000526988.jpg HTTP/1.1" 404 64079
WARNING 2026-07-16 21:27:05,608 basehttp 13292 16616 "GET /media/products/1000533308.jpg HTTP/1.1" 404 64079
INFO 2026-07-16 21:27:13,264 basehttp 13292 16616 "GET /shop/?category=home-appliances&sort=price_desc HTTP/1.1" 200 75611
WARNING 2026-07-16 21:27:14,194 basehttp 13292 10132 "GET /media/products/1000526988.jpg HTTP/1.1" 404 64079
WARNING 2026-07-16 21:27:14,196 basehttp 13292 16616 "GET /media/products/1000533308.jpg HTTP/1.1" 404 64079
INFO 2026-07-16 21:27:21,321 basehttp 13292 16616 "POST /basket/add/37/ HTTP/1.1" 200 57
INFO 2026-07-16 21:27:21,322 basehttp 13292 10132 "POST /basket/add/37/ HTTP/1.1" 200 57
INFO 2026-07-16 21:27:23,944 basehttp 13292 16616 "GET /basket/ HTTP/1.1" 200 81308
WARNING 2026-07-16 21:27:24,796 basehttp 13292 16616 "GET /media/products/1000526988.jpg HTTP/1.1" 404 64079
INFO 2026-07-16 21:27:43,635 basehttp 13292 16616 "GET /checkout/ HTTP/1.1" 200 85108
INFO 2026-07-16 21:27:43,861 basehttp 13292 15912 "GET /basket/ HTTP/1.1" 200 78684
INFO 2026-07-16 21:27:44,727 basehttp 13292 15912 - Broken pipe from ('127.0.0.1', 55550)
INFO 2026-07-16 21:27:45,462 basehttp 13292 1948 "GET /shop/ HTTP/1.1" 200 88327
WARNING 2026-07-16 21:27:47,749 basehttp 13292 1948 "GET /media/products/1000526988.jpg HTTP/1.1" 404 64079
WARNING 2026-07-16 21:27:47,976 basehttp 13292 13944 "GET /media/products/1000526987.jpg HTTP/1.1" 404 64079
WARNING 2026-07-16 21:27:47,977 basehttp 13292 16764 "GET /media/products/1000526986.jpg HTTP/1.1" 404 64079
WARNING 2026-07-16 21:27:48,709 basehttp 13292 8896 "GET /media/products/1000533260.jpg HTTP/1.1" 404 64079
WARNING 2026-07-16 21:27:48,711 basehttp 13292 18680 "GET /media/products/1000526984.jpg HTTP/1.1" 404 64079
WARNING 2026-07-16 21:27:48,717 basehttp 13292 14184 "GET /media/products/1000526985.jpg HTTP/1.1" 404 64079
WARNING 2026-07-16 21:27:48,722 basehttp 13292 3460 "GET /media/products/1000526975.jpg HTTP/1.1" 404 64079
WARNING 2026-07-16 21:27:48,724 basehttp 13292 19816 "GET /media/products/1000526983.jpg HTTP/1.1" 404 64079
INFO 2026-07-16 21:27:49,026 basehttp 13292 6424 "GET /shop/ HTTP/1.1" 200 88327
WARNING 2026-07-16 21:27:49,192 basehttp 13292 1948 "GET /media/products/1000526968.jpg HTTP/1.1" 404 64079
WARNING 2026-07-16 21:27:49,194 basehttp 13292 15948 "GET /media/products/1000533308.jpg HTTP/1.1" 404 64079
WARNING 2026-07-16 21:27:51,151 basehttp 13292 6424 "GET /media/products/1000526988.jpg HTTP/1.1" 404 64079
WARNING 2026-07-16 21:27:51,482 basehttp 13292 16156 "GET /media/products/1000526987.jpg HTTP/1.1" 404 64079
WARNING 2026-07-16 21:27:51,506 basehttp 13292 19968 "GET /media/products/1000526985.jpg HTTP/1.1" 404 64079
WARNING 2026-07-16 21:27:51,516 basehttp 13292 3328 "GET /media/products/1000526983.jpg HTTP/1.1" 404 64079
WARNING 2026-07-16 21:27:51,528 basehttp 13292 13536 "GET /media/products/1000526984.jpg HTTP/1.1" 404 64079
WARNING 2026-07-16 21:27:51,530 basehttp 13292 19716 "GET /media/products/1000533260.jpg HTTP/1.1" 404 64079
WARNING 2026-07-16 21:27:51,577 basehttp 13292 15520 "GET /media/products/1000526975.jpg HTTP/1.1" 404 64079
WARNING 2026-07-16 21:27:51,577 basehttp 13292 19544 "GET /media/products/1000526986.jpg HTTP/1.1" 404 64079
WARNING 2026-07-16 21:27:51,972 basehttp 13292 16156 "GET /media/products/1000526968.jpg HTTP/1.1" 404 64079
WARNING 2026-07-16 21:27:51,973 basehttp 13292 6424 "GET /media/products/1000533308.jpg HTTP/1.1" 404 64079
WARNING 2026-07-16 21:27:52,468 basehttp 13292 2288 "GET /media/products/1000525145.png HTTP/1.1" 404 64079
WARNING 2026-07-16 21:27:52,471 basehttp 13292 6432 "GET /media/products/1000525144.png HTTP/1.1" 404 64079
INFO 2026-07-16 21:27:53,997 basehttp 13292 11660 "GET /shop/?category=neckbands HTTP/1.1" 200 76614
WARNING 2026-07-16 21:27:54,903 basehttp 13292 11660 "GET /media/products/1000520257.jpg HTTP/1.1" 404 64079
WARNING 2026-07-16 21:27:54,919 basehttp 13292 20204 "GET /media/products/1000458382_rsJgChZ.jpg HTTP/1.1" 404 64079
WARNING 2026-07-16 21:27:55,131 basehttp 13292 3236 "GET /media/products/1000520234_SBppChd.jpg HTTP/1.1" 404 64079
INFO 2026-07-16 21:27:56,367 basehttp 13292 2288 "GET / HTTP/1.1" 200 106415
INFO 2026-07-16 21:27:57,736 basehttp 13292 20204 "GET /shop/?category=powerbanks HTTP/1.1" 200 80438
WARNING 2026-07-16 21:27:57,969 basehttp 13292 2288 "GET /media/CACHE/images/products/1000526988/297d1fbbf43ffd3ca8b68220c3a2f140.jpg HTTP/1.1" 404 64079
WARNING 2026-07-16 21:27:58,272 basehttp 13292 17192 "GET /media/CACHE/images/products/1000526983/59a2f0e6a76fb3a0abaf510e68d6861f.jpg HTTP/1.1" 404 64079
WARNING 2026-07-16 21:27:58,272 basehttp 13292 9280 "GET /media/CACHE/images/products/1000533260/cc9415acb28224a87fcc5efb6469a097.jpg HTTP/1.1" 404 64079
WARNING 2026-07-16 21:27:58,291 basehttp 13292 18716 "GET /media/CACHE/images/products/1000526986/4c42d7f070fd16fcc4c9e9e771277a3f.jpg HTTP/1.1" 404 64079
WARNING 2026-07-16 21:27:58,304 basehttp 13292 5096 "GET /media/CACHE/images/products/1000526985/ea2101abe7212401b5af667637e000f4.jpg HTTP/1.1" 404 64079
WARNING 2026-07-16 21:27:58,313 basehttp 13292 9104 "GET /media/CACHE/images/products/1000526975/d6f426988a94ff6a989535d30a8bdf11.jpg HTTP/1.1" 404 64079
WARNING 2026-07-16 21:27:58,313 basehttp 13292 13676 "GET /media/CACHE/images/products/1000526987/a6d5a5e42638bdf81f7b75683fe48a56.jpg HTTP/1.1" 404 64079
WARNING 2026-07-16 21:27:58,360 basehttp 13292 16188 "GET /media/CACHE/images/products/1000526984/2679c5d1935863a487471bfaaebbd5f6.jpg HTTP/1.1" 404 64079
WARNING 2026-07-16 21:27:59,036 basehttp 13292 11660 "GET /media/products/1000526985.jpg HTTP/1.1" 404 64079
WARNING 2026-07-16 21:27:59,036 basehttp 13292 20204 "GET /media/products/1000525145.png HTTP/1.1" 404 64079
WARNING 2026-07-16 21:27:59,037 basehttp 13292 2288 "GET /media/CACHE/images/products/1000526968/02476a1d1a2f6c83ad55fc518197d54c.jpg HTTP/1.1" 404 64079
WARNING 2026-07-16 21:27:59,041 basehttp 13292 6056 "GET /media/products/1000533260.jpg HTTP/1.1" 404 64079
WARNING 2026-07-16 21:27:59,041 basehttp 13292 2576 "GET /media/products/1000526984.jpg HTTP/1.1" 404 64079
WARNING 2026-07-16 21:27:59,045 basehttp 13292 9920 "GET /media/products/1000526983.jpg HTTP/1.1" 404 64079
WARNING 2026-07-16 21:27:59,049 basehttp 13292 12392 "GET /media/products/1000526986.jpg HTTP/1.1" 404 64079
WARNING 2026-07-16 21:27:59,304 basehttp 13292 17192 "GET /media/CACHE/images/products/1000533308/fc6d17f5b32815bb45102d95fb074d4c.jpg HTTP/1.1" 404 64079
WARNING 2026-07-16 21:27:59,597 basehttp 13292 18716 "GET /media/CACHE/images/products/1000525145/b445642a1897efb9256f6606c12f861a.jpg HTTP/1.1" 404 64079
WARNING 2026-07-16 21:28:01,495 basehttp 13292 9280 "GET /media/CACHE/images/products/1000525143/ec3192406c59c64742bd6703212d9588.jpg HTTP/1.1" 404 64079
WARNING 2026-07-16 21:28:01,497 basehttp 13292 13676 "GET /media/CACHE/images/products/1000525144/5e5e36fd76329969727589b2982273fa.jpg HTTP/1.1" 404 64079
WARNING 2026-07-16 21:28:01,772 basehttp 13292 9280 "GET /media/CACHE/images/products/1000525141/173d05edb9fc28ed5a313e885994fb8d.jpg HTTP/1.1" 404 64079
WARNING 2026-07-16 21:28:01,837 basehttp 13292 4264 "GET /media/CACHE/images/products/1000525140/b6ce580056a4f7bf6bed510249a1d7ca.jpg HTTP/1.1" 404 64079
WARNING 2026-07-16 21:28:01,843 basehttp 13292 20216 "GET /media/CACHE/images/products/1000525139/e65d5659a406c50c9f3ccbddd26ed2ea.jpg HTTP/1.1" 404 64079
INFO 2026-07-16 21:28:08,251 basehttp 13292 16616 "GET /checkout/track/ HTTP/1.1" 200 68764
INFO 2026-07-16 21:28:12,799 basehttp 13292 16616 "GET /shop/ HTTP/1.1" 200 88327
WARNING 2026-07-16 21:28:13,883 basehttp 13292 16616 "GET /media/products/1000526988.jpg HTTP/1.1" 404 64079
WARNING 2026-07-16 21:28:13,995 basehttp 13292 10132 "GET /media/products/1000526987.jpg HTTP/1.1" 404 64079
WARNING 2026-07-16 21:28:14,003 basehttp 13292 1736 "GET /media/products/1000526986.jpg HTTP/1.1" 404 64079
WARNING 2026-07-16 21:28:14,238 basehttp 13292 16764 "GET /media/products/1000526985.jpg HTTP/1.1" 404 64079
WARNING 2026-07-16 21:28:14,244 basehttp 13292 3392 "GET /media/products/1000526975.jpg HTTP/1.1" 404 64079
WARNING 2026-07-16 21:28:14,257 basehttp 13292 1260 "GET /media/products/1000526984.jpg HTTP/1.1" 404 64079
WARNING 2026-07-16 21:28:14,257 basehttp 13292 9136 "GET /media/products/1000526983.jpg HTTP/1.1" 404 64079
WARNING 2026-07-16 21:28:14,265 basehttp 13292 11908 "GET /media/products/1000533260.jpg HTTP/1.1" 404 64079
WARNING 2026-07-16 21:28:14,636 basehttp 13292 16616 "GET /media/products/1000533308.jpg HTTP/1.1" 404 64079
WARNING 2026-07-16 21:28:14,636 basehttp 13292 10132 "GET /media/products/1000526968.jpg HTTP/1.1" 404 64079
WARNING 2026-07-16 21:28:14,835 basehttp 13292 1736 "GET /media/products/1000525145.png HTTP/1.1" 404 64079
WARNING 2026-07-16 21:28:15,084 basehttp 13292 14156 "GET /media/products/1000525144.png HTTP/1.1" 404 64079
INFO 2026-07-16 21:28:16,146 basehttp 13292 16616 - Broken pipe from ('127.0.0.1', 56226)
INFO 2026-07-16 21:28:16,146 basehttp 13292 10132 - Broken pipe from ('127.0.0.1', 57446)
INFO 2026-07-16 21:28:16,309 basehttp 13292 1736 - Broken pipe from ('127.0.0.1', 52979)
INFO 2026-07-16 21:28:16,346 basehttp 13292 14156 - Broken pipe from ('127.0.0.1', 52997)
INFO 2026-07-16 21:28:20,824 basehttp 13292 16440 "GET /contact/ HTTP/1.1" 200 70068
INFO 2026-07-16 21:28:22,826 basehttp 13292 3352 "GET /basket/ HTTP/1.1" 200 78684
INFO 2026-07-16 21:28:32,082 basehttp 13292 16440 - Broken pipe from ('127.0.0.1', 55880)
INFO 2026-07-16 21:28:32,759 basehttp 13292 16720 - Broken pipe from ('127.0.0.1', 54659)
ERROR 2026-07-16 21:28:33,409 log 13292 11936 Internal Server Error: /faq/
Traceback (most recent call last):
  File "C:\Users\Hp\Desktop\ORAIMOTECH\venv\Lib\site-packages\django\core\handlers\exception.py", line 55, in inner
    response = get_response(request)
               ^^^^^^^^^^^^^^^^^^^^^
  File "C:\Users\Hp\Desktop\ORAIMOTECH\venv\Lib\site-packages\django\core\handlers\base.py", line 197, in _get_response
    response = wrapped_callback(request, *callback_args, **callback_kwargs)
               ^^^^^^^^^^^^^^^^^^^^^^^^^^^^^^^^^^^^^^^^^^^^^^^^^^^^^^^^^^^^
  File "C:\Users\Hp\Desktop\ORAIMOTECH\shop\views.py", line 232, in faq_page
    return render(request, 'shop/faq.html')
           ^^^^^^^^^^^^^^^^^^^^^^^^^^^^^^^^
  File "C:\Users\Hp\Desktop\ORAIMOTECH\venv\Lib\site-packages\django\shortcuts.py", line 24, in render
    content = loader.render_to_string(template_name, context, request, using=using)
              ^^^^^^^^^^^^^^^^^^^^^^^^^^^^^^^^^^^^^^^^^^^^^^^^^^^^^^^^^^^^^^^^^^^^^
  File "C:\Users\Hp\Desktop\ORAIMOTECH\venv\Lib\site-packages\django\template\loader.py", line 62, in render_to_string
    return template.render(context, request)
           ^^^^^^^^^^^^^^^^^^^^^^^^^^^^^^^^^
  File "C:\Users\Hp\Desktop\ORAIMOTECH\venv\Lib\site-packages\django\template\backends\django.py", line 61, in render
    return self.template.render(context)
           ^^^^^^^^^^^^^^^^^^^^^^^^^^^^^
  File "C:\Users\Hp\Desktop\ORAIMOTECH\venv\Lib\site-packages\django\template\base.py", line 171, in render
    return self._render(context)
           ^^^^^^^^^^^^^^^^^^^^^
  File "C:\Users\Hp\Desktop\ORAIMOTECH\venv\Lib\site-packages\django\template\base.py", line 163, in _render
    return self.nodelist.render(context)
           ^^^^^^^^^^^^^^^^^^^^^^^^^^^^^
  File "C:\Users\Hp\Desktop\ORAIMOTECH\venv\Lib\site-packages\django\template\base.py", line 1000, in render
    return SafeString("".join([node.render_annotated(context) for node in self]))
                              ^^^^^^^^^^^^^^^^^^^^^^^^^^^^^^^^^^^^^^^^^^^^^^^^^
  File "C:\Users\Hp\Desktop\ORAIMOTECH\venv\Lib\site-packages\django\template\base.py", line 1000, in <listcomp>
    return SafeString("".join([node.render_annotated(context) for node in self]))
                               ^^^^^^^^^^^^^^^^^^^^^^^^^^^^^^
  File "C:\Users\Hp\Desktop\ORAIMOTECH\venv\Lib\site-packages\django\template\base.py", line 961, in render_annotated
    return self.render(context)
           ^^^^^^^^^^^^^^^^^^^^
  File "C:\Users\Hp\Desktop\ORAIMOTECH\venv\Lib\site-packages\django\template\loader_tags.py", line 159, in render
    return compiled_parent._render(context)
           ^^^^^^^^^^^^^^^^^^^^^^^^^^^^^^^^
  File "C:\Users\Hp\Desktop\ORAIMOTECH\venv\Lib\site-packages\django\template\base.py", line 163, in _render
    return self.nodelist.render(context)
           ^^^^^^^^^^^^^^^^^^^^^^^^^^^^^
  File "C:\Users\Hp\Desktop\ORAIMOTECH\venv\Lib\site-packages\django\template\base.py", line 1000, in render
    return SafeString("".join([node.render_annotated(context) for node in self]))
                              ^^^^^^^^^^^^^^^^^^^^^^^^^^^^^^^^^^^^^^^^^^^^^^^^^
  File "C:\Users\Hp\Desktop\ORAIMOTECH\venv\Lib\site-packages\django\template\base.py", line 1000, in <listcomp>
    return SafeString("".join([node.render_annotated(context) for node in self]))
                               ^^^^^^^^^^^^^^^^^^^^^^^^^^^^^^
  File "C:\Users\Hp\Desktop\ORAIMOTECH\venv\Lib\site-packages\django\template\base.py", line 961, in render_annotated
    return self.render(context)
           ^^^^^^^^^^^^^^^^^^^^
  File "C:\Users\Hp\Desktop\ORAIMOTECH\venv\Lib\site-packages\django\template\loader_tags.py", line 65, in render
    result = block.nodelist.render(context)
             ^^^^^^^^^^^^^^^^^^^^^^^^^^^^^^
  File "C:\Users\Hp\Desktop\ORAIMOTECH\venv\Lib\site-packages\django\template\base.py", line 1000, in render
    return SafeString("".join([node.render_annotated(context) for node in self]))
                              ^^^^^^^^^^^^^^^^^^^^^^^^^^^^^^^^^^^^^^^^^^^^^^^^^
  File "C:\Users\Hp\Desktop\ORAIMOTECH\venv\Lib\site-packages\django\template\base.py", line 1000, in <listcomp>
    return SafeString("".join([node.render_annotated(context) for node in self]))
                               ^^^^^^^^^^^^^^^^^^^^^^^^^^^^^^
  File "C:\Users\Hp\Desktop\ORAIMOTECH\venv\Lib\site-packages\django\template\base.py", line 961, in render_annotated
    return self.render(context)
           ^^^^^^^^^^^^^^^^^^^^
  File "C:\Users\Hp\Desktop\ORAIMOTECH\venv\Lib\site-packages\django\template\defaulttags.py", line 478, in render
    url = reverse(view_name, args=args, kwargs=kwargs, current_app=current_app)
          ^^^^^^^^^^^^^^^^^^^^^^^^^^^^^^^^^^^^^^^^^^^^^^^^^^^^^^^^^^^^^^^^^^^^^
  File "C:\Users\Hp\Desktop\ORAIMOTECH\venv\Lib\site-packages\django\urls\base.py", line 88, in reverse
    return resolver._reverse_with_prefix(view, prefix, *args, **kwargs)
           ^^^^^^^^^^^^^^^^^^^^^^^^^^^^^^^^^^^^^^^^^^^^^^^^^^^^^^^^^^^^
  File "C:\Users\Hp\Desktop\ORAIMOTECH\venv\Lib\site-packages\django\urls\resolvers.py", line 848, in _reverse_with_prefix
    raise NoReverseMatch(msg)
django.urls.exceptions.NoReverseMatch: Reverse for 'track_order' not found. 'track_order' is not a valid view function or pattern name.
ERROR 2026-07-16 21:28:33,409 log 13292 11936 Internal Server Error: /faq/
Traceback (most recent call last):
  File "C:\Users\Hp\Desktop\ORAIMOTECH\venv\Lib\site-packages\django\core\handlers\exception.py", line 55, in inner
    response = get_response(request)
               ^^^^^^^^^^^^^^^^^^^^^
  File "C:\Users\Hp\Desktop\ORAIMOTECH\venv\Lib\site-packages\django\core\handlers\base.py", line 197, in _get_response
    response = wrapped_callback(request, *callback_args, **callback_kwargs)
               ^^^^^^^^^^^^^^^^^^^^^^^^^^^^^^^^^^^^^^^^^^^^^^^^^^^^^^^^^^^^
  File "C:\Users\Hp\Desktop\ORAIMOTECH\shop\views.py", line 232, in faq_page
    return render(request, 'shop/faq.html')
           ^^^^^^^^^^^^^^^^^^^^^^^^^^^^^^^^
  File "C:\Users\Hp\Desktop\ORAIMOTECH\venv\Lib\site-packages\django\shortcuts.py", line 24, in render
    content = loader.render_to_string(template_name, context, request, using=using)
              ^^^^^^^^^^^^^^^^^^^^^^^^^^^^^^^^^^^^^^^^^^^^^^^^^^^^^^^^^^^^^^^^^^^^^
  File "C:\Users\Hp\Desktop\ORAIMOTECH\venv\Lib\site-packages\django\template\loader.py", line 62, in render_to_string
    return template.render(context, request)
           ^^^^^^^^^^^^^^^^^^^^^^^^^^^^^^^^^
  File "C:\Users\Hp\Desktop\ORAIMOTECH\venv\Lib\site-packages\django\template\backends\django.py", line 61, in render
    return self.template.render(context)
           ^^^^^^^^^^^^^^^^^^^^^^^^^^^^^
  File "C:\Users\Hp\Desktop\ORAIMOTECH\venv\Lib\site-packages\django\template\base.py", line 171, in render
    return self._render(context)
           ^^^^^^^^^^^^^^^^^^^^^
  File "C:\Users\Hp\Desktop\ORAIMOTECH\venv\Lib\site-packages\django\template\base.py", line 163, in _render
    return self.nodelist.render(context)
           ^^^^^^^^^^^^^^^^^^^^^^^^^^^^^
  File "C:\Users\Hp\Desktop\ORAIMOTECH\venv\Lib\site-packages\django\template\base.py", line 1000, in render
    return SafeString("".join([node.render_annotated(context) for node in self]))
                              ^^^^^^^^^^^^^^^^^^^^^^^^^^^^^^^^^^^^^^^^^^^^^^^^^
  File "C:\Users\Hp\Desktop\ORAIMOTECH\venv\Lib\site-packages\django\template\base.py", line 1000, in <listcomp>
    return SafeString("".join([node.render_annotated(context) for node in self]))
                               ^^^^^^^^^^^^^^^^^^^^^^^^^^^^^^
  File "C:\Users\Hp\Desktop\ORAIMOTECH\venv\Lib\site-packages\django\template\base.py", line 961, in render_annotated
    return self.render(context)
           ^^^^^^^^^^^^^^^^^^^^
  File "C:\Users\Hp\Desktop\ORAIMOTECH\venv\Lib\site-packages\django\template\loader_tags.py", line 159, in render
    return compiled_parent._render(context)
           ^^^^^^^^^^^^^^^^^^^^^^^^^^^^^^^^
  File "C:\Users\Hp\Desktop\ORAIMOTECH\venv\Lib\site-packages\django\template\base.py", line 163, in _render
    return self.nodelist.render(context)
           ^^^^^^^^^^^^^^^^^^^^^^^^^^^^^
  File "C:\Users\Hp\Desktop\ORAIMOTECH\venv\Lib\site-packages\django\template\base.py", line 1000, in render
    return SafeString("".join([node.render_annotated(context) for node in self]))
                              ^^^^^^^^^^^^^^^^^^^^^^^^^^^^^^^^^^^^^^^^^^^^^^^^^
  File "C:\Users\Hp\Desktop\ORAIMOTECH\venv\Lib\site-packages\django\template\base.py", line 1000, in <listcomp>
    return SafeString("".join([node.render_annotated(context) for node in self]))
                               ^^^^^^^^^^^^^^^^^^^^^^^^^^^^^^
  File "C:\Users\Hp\Desktop\ORAIMOTECH\venv\Lib\site-packages\django\template\base.py", line 961, in render_annotated
    return self.render(context)
           ^^^^^^^^^^^^^^^^^^^^
  File "C:\Users\Hp\Desktop\ORAIMOTECH\venv\Lib\site-packages\django\template\loader_tags.py", line 65, in render
    result = block.nodelist.render(context)
             ^^^^^^^^^^^^^^^^^^^^^^^^^^^^^^
  File "C:\Users\Hp\Desktop\ORAIMOTECH\venv\Lib\site-packages\django\template\base.py", line 1000, in render
    return SafeString("".join([node.render_annotated(context) for node in self]))
                              ^^^^^^^^^^^^^^^^^^^^^^^^^^^^^^^^^^^^^^^^^^^^^^^^^
  File "C:\Users\Hp\Desktop\ORAIMOTECH\venv\Lib\site-packages\django\template\base.py", line 1000, in <listcomp>
    return SafeString("".join([node.render_annotated(context) for node in self]))
                               ^^^^^^^^^^^^^^^^^^^^^^^^^^^^^^
  File "C:\Users\Hp\Desktop\ORAIMOTECH\venv\Lib\site-packages\django\template\base.py", line 961, in render_annotated
    return self.render(context)
           ^^^^^^^^^^^^^^^^^^^^
  File "C:\Users\Hp\Desktop\ORAIMOTECH\venv\Lib\site-packages\django\template\defaulttags.py", line 478, in render
    url = reverse(view_name, args=args, kwargs=kwargs, current_app=current_app)
          ^^^^^^^^^^^^^^^^^^^^^^^^^^^^^^^^^^^^^^^^^^^^^^^^^^^^^^^^^^^^^^^^^^^^^
  File "C:\Users\Hp\Desktop\ORAIMOTECH\venv\Lib\site-packages\django\urls\base.py", line 88, in reverse
    return resolver._reverse_with_prefix(view, prefix, *args, **kwargs)
           ^^^^^^^^^^^^^^^^^^^^^^^^^^^^^^^^^^^^^^^^^^^^^^^^^^^^^^^^^^^^
  File "C:\Users\Hp\Desktop\ORAIMOTECH\venv\Lib\site-packages\django\urls\resolvers.py", line 848, in _reverse_with_prefix
    raise NoReverseMatch(msg)
django.urls.exceptions.NoReverseMatch: Reverse for 'track_order' not found. 'track_order' is not a valid view function or pattern name.
ERROR 2026-07-16 21:28:33,751 basehttp 13292 11936 "GET /faq/ HTTP/1.1" 500 64055
INFO 2026-07-16 21:28:42,984 basehttp 13292 3352 - Broken pipe from ('127.0.0.1', 50078)
INFO 2026-07-16 21:28:43,065 basehttp 13292 13176 "GET /shop/?category=neckbands HTTP/1.1" 200 76614
INFO 2026-07-16 21:28:43,353 basehttp 13292 9280 "GET /basket/ HTTP/1.1" 200 78684
INFO 2026-07-16 21:28:45,514 basehttp 13292 13176 - Broken pipe from ('127.0.0.1', 57588)
INFO 2026-07-16 21:28:46,054 basehttp 13292 14852 "GET / HTTP/1.1" 200 106415
INFO 2026-07-16 21:28:47,095 basehttp 13292 14852 - Broken pipe from ('127.0.0.1', 63866)
INFO 2026-07-16 21:28:47,342 basehttp 13292 11388 "GET / HTTP/1.1" 200 106415
INFO 2026-07-16 21:28:47,579 basehttp 13292 9280 - Broken pipe from ('127.0.0.1', 53702)
INFO 2026-07-16 21:28:47,916 basehttp 13292 11388 - Broken pipe from ('127.0.0.1', 63869)
INFO 2026-07-16 21:28:48,531 basehttp 13292 17192 "GET / HTTP/1.1" 200 106415
INFO 2026-07-16 21:28:48,579 basehttp 13292 20216 "GET /basket/ HTTP/1.1" 200 78684
INFO 2026-07-16 21:28:52,698 basehttp 13292 17192 - Broken pipe from ('127.0.0.1', 61645)
INFO 2026-07-16 21:28:53,544 basehttp 13292 18848 "POST /basket/add/35/ HTTP/1.1" 200 58
INFO 2026-07-16 21:28:53,558 basehttp 13292 6016 "GET /shop/ HTTP/1.1" 200 88327
INFO 2026-07-16 21:28:53,673 basehttp 13292 16352 "POST /basket/add/35/ HTTP/1.1" 200 59
INFO 2026-07-16 21:28:53,688 basehttp 13292 6016 - Broken pipe from ('127.0.0.1', 59892)
INFO 2026-07-16 21:28:54,442 basehttp 13292 8300 - Broken pipe from ('127.0.0.1', 60683)
INFO 2026-07-16 21:28:55,101 basehttp 13292 16604 "GET /shop/ HTTP/1.1" 200 88327
INFO 2026-07-16 21:28:56,705 basehttp 13292 16604 - Broken pipe from ('127.0.0.1', 60686)
INFO 2026-07-16 21:28:57,341 basehttp 13292 5936 "GET /basket/ HTTP/1.1" 200 78684
INFO 2026-07-16 21:28:59,404 basehttp 13292 11936 - Broken pipe from ('127.0.0.1', 54662)
INFO 2026-07-16 21:28:59,419 basehttp 13292 5936 - Broken pipe from ('127.0.0.1', 60689)
INFO 2026-07-16 21:29:00,063 basehttp 13292 1964 "GET /terms/ HTTP/1.1" 200 67527
INFO 2026-07-16 21:29:00,366 basehttp 13292 9692 "GET /shop/ HTTP/1.1" 200 88327
INFO 2026-07-16 21:29:01,351 basehttp 13292 9692 - Broken pipe from ('127.0.0.1', 60694)
INFO 2026-07-16 21:29:01,972 basehttp 13292 10760 "GET /checkout/track/ HTTP/1.1" 200 68764
INFO 2026-07-16 21:29:06,676 basehttp 13292 10760 - Broken pipe from ('127.0.0.1', 60861)
INFO 2026-07-16 21:29:07,331 basehttp 13292 6112 "GET /accounts/register/ HTTP/1.1" 200 66035
INFO 2026-07-16 21:29:08,805 basehttp 13292 20216 - Broken pipe from ('127.0.0.1', 61648)
INFO 2026-07-16 21:29:09,788 basehttp 13292 14152 "GET /accounts/login/ HTTP/1.1" 200 65792
INFO 2026-07-16 21:29:14,682 basehttp 13292 2028 "GET / HTTP/1.1" 200 106415
INFO 2026-07-16 21:29:14,820 basehttp 13292 14152 - Broken pipe from ('127.0.0.1', 58764)
INFO 2026-07-16 21:29:14,827 basehttp 13292 18848 - Broken pipe from ('127.0.0.1', 59895)
INFO 2026-07-16 21:29:14,827 basehttp 13292 16352 - Broken pipe from ('127.0.0.1', 59898)
INFO 2026-07-16 21:29:21,487 basehttp 13292 1964 - Broken pipe from ('127.0.0.1', 60691)
INFO 2026-07-16 21:29:22,132 basehttp 13292 4580 "GET /contact/ HTTP/1.1" 200 70068
INFO 2026-07-16 21:29:36,128 basehttp 13292 6112 - Broken pipe from ('127.0.0.1', 57317)
INFO 2026-07-16 21:29:36,129 basehttp 13292 2028 - Broken pipe from ('127.0.0.1', 60495)
INFO 2026-07-16 21:29:36,227 basehttp 13292 4580 - Broken pipe from ('127.0.0.1', 64493)
INFO 2026-07-16 21:29:36,918 basehttp 13292 2264 "GET /shop/ HTTP/1.1" 200 88327
INFO 2026-07-16 21:29:40,224 basehttp 13292 2264 - Broken pipe from ('127.0.0.1', 60056)
INFO 2026-07-16 21:29:40,878 basehttp 13292 2600 "GET /checkout/track/ HTTP/1.1" 200 68764
INFO 2026-07-16 21:29:41,730 basehttp 13292 2600 - Broken pipe from ('127.0.0.1', 60059)
INFO 2026-07-16 21:29:42,395 basehttp 13292 19092 "GET /privacy/ HTTP/1.1" 200 67391
INFO 2026-07-16 21:29:43,479 basehttp 13292 19092 - Broken pipe from ('127.0.0.1', 60062)
INFO 2026-07-16 21:29:44,152 basehttp 13292 16340 "GET /terms/ HTTP/1.1" 200 67527
INFO 2026-07-16 21:29:44,726 basehttp 13292 16340 - Broken pipe from ('127.0.0.1', 60065)
INFO 2026-07-16 21:29:45,006 basehttp 13292 9104 "GET / HTTP/1.1" 200 106415
INFO 2026-07-16 21:29:45,376 basehttp 13292 9672 "GET /returns/ HTTP/1.1" 200 67758
INFO 2026-07-16 21:29:55,463 autoreload 6272 7680 Watching for file changes with StatReloader
INFO 2026-07-16 21:30:16,147 basehttp 6272 10164 "GET / HTTP/1.1" 200 106415
INFO 2026-07-16 21:30:20,579 basehttp 6272 16780 "GET /returns/ HTTP/1.1" 200 67758
INFO 2026-07-16 21:30:28,596 basehttp 6272 10164 - Broken pipe from ('127.0.0.1', 51496)
INFO 2026-07-16 21:30:29,332 basehttp 6272 16780 - Broken pipe from ('127.0.0.1', 51499)
INFO 2026-07-16 21:30:30,047 basehttp 6272 16284 "GET /returns/ HTTP/1.1" 200 67758
INFO 2026-07-16 21:30:39,513 basehttp 6272 15356 "GET / HTTP/1.1" 200 106415
INFO 2026-07-16 21:31:02,984 basehttp 6272 15356 - Broken pipe from ('127.0.0.1', 54999)
INFO 2026-07-16 21:31:03,685 basehttp 6272 11260 "GET / HTTP/1.1" 200 106415
INFO 2026-07-16 21:31:12,031 basehttp 6272 11260 - Broken pipe from ('127.0.0.1', 52115)
INFO 2026-07-16 21:32:05,679 basehttp 6272 8368 "GET / HTTP/1.1" 200 106415
INFO 2026-07-16 21:32:09,651 basehttp 6272 11804 "GET / HTTP/1.1" 200 106415
INFO 2026-07-16 21:32:21,593 basehttp 6272 11804 - Broken pipe from ('127.0.0.1', 57564)
INFO 2026-07-16 21:32:22,667 basehttp 6272 8368 - Broken pipe from ('127.0.0.1', 57552)
INFO 2026-07-16 21:32:24,469 basehttp 6272 18436 "GET / HTTP/1.1" 200 106415
INFO 2026-07-16 21:32:30,459 basehttp 6272 13968 "GET / HTTP/1.1" 200 106415
WARNING 2026-07-16 21:32:37,700 log 6272 12260 Forbidden (CSRF token from POST incorrect.): /basket/remove/37/
WARNING 2026-07-16 21:32:37,702 basehttp 6272 12260 "POST /basket/remove/37/ HTTP/1.1" 403 1018
INFO 2026-07-16 21:32:42,767 basehttp 6272 3516 "GET /adteddymin/checkout/order/ HTTP/1.1" 200 25025
INFO 2026-07-16 21:32:42,916 basehttp 6272 3516 "GET /static/admin/css/base.6be58084bde8.css HTTP/1.1" 200 4888
INFO 2026-07-16 21:32:42,918 basehttp 6272 5524 "GET /static/admin/css/dark_mode.e18e9a052429.css HTTP/1.1" 200 772
INFO 2026-07-16 21:32:42,925 basehttp 6272 15160 "GET /static/admin/css/nav_sidebar.dd925738f4cc.css HTTP/1.1" 200 811
INFO 2026-07-16 21:32:42,942 basehttp 6272 19672 "GET /static/admin/css/responsive.eafb93ff084c.css HTTP/1.1" 200 3370
INFO 2026-07-16 21:32:42,944 basehttp 6272 11260 "GET /static/admin/css/changelists.47cb433b29d4.css HTTP/1.1" 200 1619
INFO 2026-07-16 21:32:42,963 basehttp 6272 15160 "GET /static/admin/js/core.7e257fdf56dc.js HTTP/1.1" 200 1550
INFO 2026-07-16 21:32:42,963 basehttp 6272 3516 "GET /static/admin/js/vendor/jquery/jquery.min.2c872dbe60f4.js HTTP/1.1" 200 30336
INFO 2026-07-16 21:32:42,976 basehttp 6272 19672 "GET /static/admin/js/admin/RelatedObjectLookups.ef211845e458.js HTTP/1.1" 200 2325
INFO 2026-07-16 21:32:42,983 basehttp 6272 11260 "GET /static/admin/js/actions.867b023a736d.js HTTP/1.1" 200 1937
INFO 2026-07-16 21:32:42,985 basehttp 6272 5524 "GET /static/admin/js/jquery.init.b7781a0897fc.js HTTP/1.1" 200 236
INFO 2026-07-16 21:32:43,014 basehttp 6272 15160 "GET /static/admin/js/urlify.ae970a820212.js HTTP/1.1" 200 2578
INFO 2026-07-16 21:32:43,027 basehttp 6272 19672 "GET /static/admin/js/vendor/xregexp/xregexp.min.f1ae4617847c.js HTTP/1.1" 200 46360
INFO 2026-07-16 21:32:43,031 basehttp 6272 3516 "GET /static/admin/js/prepopulate.bd2361dfd64d.js HTTP/1.1" 200 536
INFO 2026-07-16 21:32:43,034 basehttp 6272 11260 "GET /static/admin/img/search.7cf54ff789c6.svg HTTP/1.1" 200 264
INFO 2026-07-16 21:32:43,112 basehttp 6272 11260 "GET /static/admin/js/theme.ab270f56bb9c.js HTTP/1.1" 200 605
INFO 2026-07-16 21:32:43,121 basehttp 6272 1000 "GET /adteddymin/jsi18n/ HTTP/1.1" 200 3342
INFO 2026-07-16 21:32:43,166 basehttp 6272 11260 "GET /static/admin/js/filters.0e360b7a9f80.js HTTP/1.1" 200 502
INFO 2026-07-16 21:32:43,168 basehttp 6272 1000 "GET /static/admin/js/nav_sidebar.3b9190d420b1.js HTTP/1.1" 200 845
INFO 2026-07-16 21:32:43,229 basehttp 6272 1000 "GET /static/admin/img/icon-addlink.d519b3bab011.svg HTTP/1.1" 200 206
INFO 2026-07-16 21:32:43,230 basehttp 6272 11260 "GET /static/admin/img/tooltag-add.e59d620a9742.svg HTTP/1.1" 200 203
INFO 2026-07-16 21:32:43,234 basehttp 6272 3516 "GET /static/admin/img/icon-viewlink.41eb31f7826e.svg HTTP/1.1" 200 346
WARNING 2026-07-16 21:32:43,479 basehttp 6272 3516 "GET /favicon.ico HTTP/1.1" 404 64583
INFO 2026-07-16 21:32:52,583 basehttp 6272 13968 - Broken pipe from ('127.0.0.1', 64426)
INFO 2026-07-16 21:32:57,279 basehttp 6272 3516 "GET / HTTP/1.1" 200 106919
WARNING 2026-07-16 21:32:57,737 basehttp 6272 3516 "GET /media/CACHE/images/products/1000526988/297d1fbbf43ffd3ca8b68220c3a2f140.jpg HTTP/1.1" 404 64583
WARNING 2026-07-16 21:32:57,737 basehttp 6272 1000 "GET /media/CACHE/images/products/1000526987/a6d5a5e42638bdf81f7b75683fe48a56.jpg HTTP/1.1" 404 64583
WARNING 2026-07-16 21:32:57,760 basehttp 6272 1000 "GET /media/CACHE/images/products/1000533260/cc9415acb28224a87fcc5efb6469a097.jpg HTTP/1.1" 404 64583
WARNING 2026-07-16 21:32:57,760 basehttp 6272 3516 "GET /media/CACHE/images/products/1000526975/d6f426988a94ff6a989535d30a8bdf11.jpg HTTP/1.1" 404 64583
WARNING 2026-07-16 21:32:57,829 basehttp 6272 11260 "GET /media/CACHE/images/products/1000526986/4c42d7f070fd16fcc4c9e9e771277a3f.jpg HTTP/1.1" 404 64583
WARNING 2026-07-16 21:32:57,849 basehttp 6272 19672 "GET /media/CACHE/images/products/1000526985/ea2101abe7212401b5af667637e000f4.jpg HTTP/1.1" 404 64583
WARNING 2026-07-16 21:32:57,874 basehttp 6272 15160 "GET /media/CACHE/images/products/1000526984/2679c5d1935863a487471bfaaebbd5f6.jpg HTTP/1.1" 404 64583
WARNING 2026-07-16 21:32:57,881 basehttp 6272 5524 "GET /media/CACHE/images/products/1000526983/59a2f0e6a76fb3a0abaf510e68d6861f.jpg HTTP/1.1" 404 64583
INFO 2026-07-16 21:33:00,718 basehttp 6272 5524 "GET /basket/ HTTP/1.1" 200 85507
WARNING 2026-07-16 21:33:00,776 basehttp 6272 5524 "GET /media/products/1000526988.jpg HTTP/1.1" 404 64583
WARNING 2026-07-16 21:33:00,777 basehttp 6272 15160 "GET /media/products/1000533260.jpg HTTP/1.1" 404 64583
WARNING 2026-07-16 21:33:00,805 basehttp 6272 15160 "GET /media/products/1000526984.jpg HTTP/1.1" 404 64583
INFO 2026-07-16 21:33:03,261 basehttp 6272 16284 - Broken pipe from ('127.0.0.1', 62881)
INFO 2026-07-16 21:33:04,008 basehttp 6272 8816 "GET /returns/ HTTP/1.1" 200 67758
INFO 2026-07-16 21:33:06,766 basehttp 6272 15160 "GET /basket/ HTTP/1.1" 200 85507
WARNING 2026-07-16 21:33:06,812 basehttp 6272 15160 "GET /media/products/1000526988.jpg HTTP/1.1" 404 64583
WARNING 2026-07-16 21:33:06,813 basehttp 6272 5524 "GET /media/products/1000533260.jpg HTTP/1.1" 404 64583
WARNING 2026-07-16 21:33:06,833 basehttp 6272 5524 "GET /media/products/1000526984.jpg HTTP/1.1" 404 64583
INFO 2026-07-16 21:33:15,606 basehttp 6272 8816 - Broken pipe from ('127.0.0.1', 57893)
INFO 2026-07-16 21:33:15,607 basehttp 6272 12260 - Broken pipe from ('127.0.0.1', 56069)
INFO 2026-07-16 21:33:16,182 basehttp 6272 2564 "GET /returns/ HTTP/1.1" 200 67758
INFO 2026-07-16 21:33:27,213 basehttp 6272 12096 "GET / HTTP/1.1" 200 106415
INFO 2026-07-16 21:33:27,868 basehttp 6272 2564 - Broken pipe from ('127.0.0.1', 56511)
INFO 2026-07-16 21:33:30,586 basehttp 6272 8544 "GET /shop/ HTTP/1.1" 200 88327
INFO 2026-07-16 21:33:32,977 basehttp 6272 12096 - Broken pipe from ('127.0.0.1', 60114)
INFO 2026-07-16 21:33:36,164 basehttp 6272 8544 - Broken pipe from ('127.0.0.1', 60118)
INFO 2026-07-16 21:33:36,556 basehttp 6272 18436 - Broken pipe from ('127.0.0.1', 64422)
INFO 2026-07-16 21:33:36,871 basehttp 6272 15656 - Broken pipe from ('127.0.0.1', 49675)
INFO 2026-07-16 21:33:37,611 basehttp 6272 8100 "GET / HTTP/1.1" 200 106415
INFO 2026-07-16 21:33:37,662 basehttp 6272 8100 - Broken pipe from ('127.0.0.1', 49678)
INFO 2026-07-16 21:33:38,346 basehttp 6272 8184 "GET / HTTP/1.1" 200 106415
INFO 2026-07-16 21:33:40,350 basehttp 6272 8184 - Broken pipe from ('127.0.0.1', 49681)
INFO 2026-07-16 21:33:40,613 basehttp 6272 9056 "GET /shop/?category=neckbands HTTP/1.1" 200 76614
INFO 2026-07-16 21:33:41,516 basehttp 6272 9056 - Broken pipe from ('127.0.0.1', 49684)
INFO 2026-07-16 21:33:42,216 basehttp 6272 19832 - Broken pipe from ('127.0.0.1', 49687)
INFO 2026-07-16 21:33:42,384 basehttp 6272 19528 "GET /shop/?category=earphones HTTP/1.1" 200 75459
INFO 2026-07-16 21:33:43,377 basehttp 6272 19528 - Broken pipe from ('127.0.0.1', 49690)
INFO 2026-07-16 21:33:43,846 basehttp 6272 11584 "GET /shop/?category=powerbanks HTTP/1.1" 200 80438
INFO 2026-07-16 21:33:43,937 basehttp 6272 11584 - Broken pipe from ('127.0.0.1', 54075)
INFO 2026-07-16 21:33:44,155 basehttp 6272 20036 "GET / HTTP/1.1" 200 106415
INFO 2026-07-16 21:33:44,590 basehttp 6272 20028 "GET /shop/?category=other-accessories HTTP/1.1" 200 77964
INFO 2026-07-16 21:33:44,720 basehttp 6272 20028 - Broken pipe from ('127.0.0.1', 54081)
INFO 2026-07-16 21:33:47,151 basehttp 6272 18548 "GET / HTTP/1.1" 200 106415
INFO 2026-07-16 21:34:22,059 basehttp 6272 18548 - Broken pipe from ('127.0.0.1', 59703)
INFO 2026-07-16 21:34:22,714 basehttp 6272 11220 "GET /checkout/track/ HTTP/1.1" 200 68764
INFO 2026-07-16 21:34:27,224 basehttp 6272 20036 - Broken pipe from ('127.0.0.1', 54078)
INFO 2026-07-16 21:34:40,689 basehttp 6272 11220 - Broken pipe from ('127.0.0.1', 49793)
INFO 2026-07-16 21:34:41,640 basehttp 6272 8592 "GET /accounts/login/ HTTP/1.1" 200 65792
INFO 2026-07-16 21:34:43,918 basehttp 6272 8592 - Broken pipe from ('127.0.0.1', 56535)
INFO 2026-07-16 21:34:44,796 basehttp 6272 8380 "GET /accounts/login/ HTTP/1.1" 200 65792
INFO 2026-07-16 21:34:59,923 basehttp 6272 8380 - Broken pipe from ('127.0.0.1', 58864)
INFO 2026-07-16 21:35:04,201 basehttp 6272 14736 "GET / HTTP/1.1" 200 106415
WARNING 2026-07-16 21:35:06,673 basehttp 6272 9832 "GET /apple-touch-icon.png HTTP/1.1" 404 64079
INFO 2026-07-16 21:35:09,715 basehttp 6272 6376 "GET / HTTP/1.1" 200 106415
INFO 2026-07-16 21:35:16,479 basehttp 6272 9832 - Broken pipe from ('127.0.0.1', 61288)
WARNING 2026-07-16 21:35:17,360 basehttp 6272 16456 "GET /favicon.ico HTTP/1.1" 404 64079
INFO 2026-07-16 21:35:27,162 basehttp 6272 16456 - Broken pipe from ('127.0.0.1', 60467)
INFO 2026-07-16 21:35:31,469 basehttp 6272 14736 - Broken pipe from ('127.0.0.1', 53931)
INFO 2026-07-16 21:35:41,934 basehttp 6272 6376 - Broken pipe from ('127.0.0.1', 54880)
INFO 2026-07-16 21:36:18,281 autoreload 13084 1836 Watching for file changes with StatReloader
INFO 2026-07-16 21:36:29,771 basehttp 13084 15644 "GET / HTTP/1.1" 200 106415
INFO 2026-07-16 21:37:21,566 basehttp 13084 15644 - Broken pipe from ('127.0.0.1', 56803)
INFO 2026-07-16 21:37:23,950 basehttp 13084 11640 "GET / HTTP/1.1" 200 106415
INFO 2026-07-16 21:37:38,328 basehttp 13084 15004 "GET / HTTP/1.1" 200 106415
INFO 2026-07-16 21:37:38,457 basehttp 13084 15004 - Broken pipe from ('127.0.0.1', 57964)
INFO 2026-07-16 21:37:39,208 basehttp 13084 13176 "GET / HTTP/1.1" 200 106415
INFO 2026-07-16 21:37:41,811 basehttp 13084 11640 - Broken pipe from ('127.0.0.1', 56131)
INFO 2026-07-16 21:37:47,784 basehttp 13084 13176 - Broken pipe from ('127.0.0.1', 57967)
INFO 2026-07-16 21:37:48,566 basehttp 13084 3020 "GET / HTTP/1.1" 200 106415
INFO 2026-07-16 21:37:58,510 basehttp 13084 13296 "GET / HTTP/1.1" 200 106415
INFO 2026-07-16 21:38:04,050 basehttp 13084 3020 - Broken pipe from ('127.0.0.1', 57971)
INFO 2026-07-16 21:38:40,636 basehttp 13084 14092 "GET / HTTP/1.1" 200 106415
INFO 2026-07-16 21:40:13,455 basehttp 13084 13296 - Broken pipe from ('127.0.0.1', 53266)
INFO 2026-07-16 21:40:14,725 basehttp 13084 5208 "GET / HTTP/1.1" 200 106415
INFO 2026-07-16 21:40:45,793 basehttp 13084 14092 - Broken pipe from ('127.0.0.1', 49674)
INFO 2026-07-16 21:40:55,106 autoreload 16704 7400 Watching for file changes with StatReloader
INFO 2026-07-16 21:44:02,204 basehttp 16704 9180 "GET / HTTP/1.1" 200 106415
INFO 2026-07-16 21:46:50,769 basehttp 16704 9180 - Broken pipe from ('127.0.0.1', 51621)
INFO 2026-07-16 21:46:50,878 basehttp 16704 3200 "GET / HTTP/1.1" 200 106415
INFO 2026-07-16 21:46:55,854 basehttp 16704 3200 - Broken pipe from ('127.0.0.1', 62907)
INFO 2026-07-16 21:47:51,538 basehttp 16704 19880 "GET / HTTP/1.1" 200 106415
INFO 2026-07-16 21:50:40,953 basehttp 16704 19880 - Broken pipe from ('127.0.0.1', 51984)
